# Plastic Jerrycan by Ulan Cabanilla / Poly Haven, CC0. Converted from glTF to OBJ.
o FuelCan
v -0.06450278 0.25881106 -0.118764825
v -0.06450278 0.25881106 -0.118764825
v -0.06450278 0.25881106 -0.118764825
v -0.10670165 0.20697178 -0.15821585
v -0.10670165 0.20697178 -0.15821585
v -0.063712545 0.25882864 0.13224457
v -0.063712545 0.25882864 0.13224457
v -0.063712545 0.25882864 0.13224457
v -0.103375025 0.20905827 0.15410341
v -0.103375025 0.20905827 0.15410341
v -0.11116236 0.08301815 -0.15808003
v -0.11116236 0.08301815 -0.15808003
v -0.10370218 0.00059081614 -0.07101294
v -0.1111928 0.058636405 -0.153195
v -0.1111928 0.058636405 -0.153195
v -0.11109517 0.035221204 -0.14220919
v -0.11109517 0.035221204 -0.14220919
v -0.10913535 0.016724639 -0.12538356
v -0.10913535 0.016724639 -0.12538356
v -0.10913535 0.016724639 -0.12538356
v -0.10234818 0.0049520433 -0.104618765
v -0.10234818 0.0049520433 -0.104618765
v -0.10299506 0.00023614615 0.09824352
v -0.11127482 0.06608273 0.15407366
v -0.11127482 0.06608273 0.15407366
v -0.10929501 0.0033709109 0.11295666
v -0.10929501 0.0033709109 0.11295666
v -0.10929501 0.0033709109 0.11295666
v -0.11107438 0.012101062 0.12936953
v -0.11107438 0.012101062 0.12936953
v -0.11109646 0.025698617 0.14236708
v -0.11109646 0.025698617 0.14236708
v -0.11123226 0.04283253 0.15071262
v -0.11123226 0.04283253 0.15071262
v -0.06904603 0.25878936 -0.10368472
v -0.06904603 0.25878936 -0.10368472
v -0.12140097 0.20663854 -0.119570486
v -0.1271756 0.08454882 -0.11752146
v -0.12652297 0.057028703 -0.11609623
v -0.12591116 0.034115672 -0.11008324
v -0.12479499 0.016259506 -0.10182287
v -0.12159927 0.0062238276 -0.095407225
v -0.12159927 0.0062238276 -0.095407225
v -0.121226884 0.20756082 0.12520279
v -0.06728214 0.25877398 0.11231559
v -0.06728214 0.25877398 0.11231559
v -0.104460806 -0.0001257658 0.07989794
v -0.12830865 0.06968093 0.12143102
v -0.12710738 0.04467494 0.12058708
v -0.12684517 0.027729526 0.111049324
v -0.12706922 0.012676738 0.09610849
v -0.12439942 0.0035450757 0.08646501
v -0.12439942 0.0035450757 0.08646501
v -0.108425096 0.19634192 -0.15877603
v -0.108425096 0.19634192 -0.15877603
v -0.10816624 0.19447033 0.15447009
v -0.10816624 0.19447033 0.15447009
v -0.1241335 0.19348647 -0.118143655
v -0.12566695 0.19378491 0.1227829
v -0.1294928 0.1792431 -0.088282466
v -0.1294928 0.1792431 -0.088282466
v -0.1294928 0.1792431 -0.088282466
v -0.13027768 0.1826539 -0.06794266
v -0.13027768 0.1826539 -0.06794266
v -0.12954478 0.17826703 0.09418809
v -0.12954478 0.17826703 0.09418809
v -0.12954478 0.17826703 0.09418809
v -0.13151515 0.10011691 0.09263288
v -0.13151515 0.10011691 0.09263288
v -0.13151515 0.10011691 0.09263288
v -0.13256043 0.097506054 -0.067684546
v -0.13256043 0.097506054 -0.067684546
v -0.13161105 0.100639254 -0.08844607
v -0.13161105 0.100639254 -0.08844607
v -0.13161105 0.100639254 -0.08844607
v -0.12835024 0.14000274 -0.067517176
v -0.12718444 0.17789164 -0.08677099
v -0.12718444 0.17789164 -0.08677099
v -0.12718444 0.17789164 -0.08677099
v -0.12790543 0.18065998 -0.06748531
v -0.12790543 0.18065998 -0.06748531
v -0.12723452 0.17687714 0.09268847
v -0.12723452 0.17687714 0.09268847
v -0.12723452 0.17687714 0.09268847
v -0.12912226 0.10157813 0.09129011
v -0.12912226 0.10157813 0.09129011
v -0.12912226 0.10157813 0.09129011
v -0.13007921 0.09961014 -0.06734019
v -0.13007921 0.09961014 -0.06734019
v -0.1292305 0.10206713 -0.08696056
v -0.1292305 0.10206713 -0.08696056
v -0.1292305 0.10206713 -0.08696056
v -0.12689611 0.17432605 -0.08370804
v -0.127489 0.17589565 -0.06667148
v -0.1269611 0.17361717 0.08928296
v -0.12865843 0.10497722 0.088138506
v -0.12940973 0.1043632 -0.06668745
v -0.12875667 0.10576001 -0.083918564
v -0.12686469 0.1372784 0.12739956
v -0.06954234 0.2592365 0.09459129
v -0.06954234 0.2592365 0.09459129
v -0.12574533 0.20702334 0.09408111
v -0.12866631 0.19701546 0.092044525
v -0.06910774 0.25954813 -0.07550689
v -0.06910774 0.25954813 -0.07550689
v -0.12675911 0.20690177 -0.07401504
v -0.1291649 0.19749658 -0.073108055
v -0.12494372 0.13972719 -0.12651633
v -0.13242027 0.07684541 -0.071963005
v -0.13159905 0.054355532 -0.07214879
v -0.13046336 0.033244498 -0.071319096
v -0.12909047 0.01578945 -0.070170105
v -0.12506957 0.004672885 -0.06975856
v -0.12506957 0.004672885 -0.06975856
v -0.13078181 0.020590909 0.056684382
v -0.10591401 -9.305775E-05 0.048700534
v -0.13065447 0.013542473 0.052217424
v -0.12709524 0.0038051307 0.048823953
v -0.12709524 0.0038051307 0.048823953
v -0.13044901 0.03648121 0.08805843
v -0.1328554 0.038672373 0.05705572
v -0.1339921 0.04107684 0.03298831
v -0.13429709 0.04927653 0.034884825
v -0.13462189 0.077542126 0.04936099
v -0.13446394 0.08078173 0.05384373
v -0.13425115 0.07758826 0.059213854
v -0.13378882 0.066368364 0.06604891
v -0.13466871 0.06716662 0.043640994
v -0.13148415 0.04887767 0.08622004
v -0.13105455 0.048960127 0.07413217
v -0.13105455 0.048960127 0.07413217
v -0.13261262 0.049118146 0.036652178
v -0.13261262 0.049118146 0.036652178
v -0.13219579 0.065883115 0.064677656
v -0.13219579 0.065883115 0.064677656
v -0.13297588 0.06677369 0.04555869
v -0.13297588 0.06677369 0.04555869
v -0.1311484 0.042095765 0.05621793
v -0.13149641 0.04864972 0.05531346
v -0.13245718 0.075369105 0.054567195
v -0.1306724 0.04195603 0.07508241
v -0.1306724 0.04195603 0.07508241
v -0.13128741 0.0400178 0.05752664
v -0.13128741 0.0400178 0.05752664
v -0.1323412 0.04149928 0.03459478
v -0.1323412 0.04149928 0.03459478
v -0.13224038 0.04891506 0.037500143
v -0.13293543 0.07686412 0.05112195
v -0.13293543 0.07686412 0.05112195
v -0.13281092 0.07952495 0.05431492
v -0.13281092 0.07952495 0.05431492
v -0.13281092 0.07952495 0.05431492
v -0.13266827 0.076733395 0.057911664
v -0.13266827 0.076733395 0.057911664
v -0.13188648 0.065452054 0.06387098
v -0.13260174 0.06635374 0.046368994
v -0.1307616 0.048863783 0.07322885
v -0.13046303 0.18819945 -0.06963776
v -0.12892887 0.1831263 -0.09512886
v -0.1312679 0.0965513 -0.09513207
v -0.13150568 0.09313973 0.09893424
v -0.12955646 0.13992319 -0.10128189
v -0.13210052 0.0898839 0.09227373
v -0.12934723 0.18274422 0.10077081
v -0.13306181 0.09101212 -0.068995774
v -0.12976709 0.18625781 0.093487285
v 0.06383655 0.25881106 -0.118764825
v 0.06383655 0.25881106 -0.118764825
v 0.06383655 0.25881106 -0.118764825
v 0.10603542 0.20697178 -0.15821585
v 0.10603542 0.20697178 -0.15821585
v 0.063046284 0.25882864 0.13224457
v 0.063046284 0.25882864 0.13224457
v 0.063046284 0.25882864 0.13224457
v 0.102708764 0.20905827 0.15410341
v 0.102708764 0.20905827 0.15410341
v 0.110496126 0.08301815 -0.15808003
v 0.110496126 0.08301815 -0.15808003
v 0.103035934 0.00059081614 -0.07101293
v 0.11052657 0.058636405 -0.153195
v 0.11052657 0.058636405 -0.153195
v 0.11042894 0.035221204 -0.14220919
v 0.11042894 0.035221204 -0.14220919
v 0.10846912 0.016724639 -0.12538354
v 0.10846912 0.016724639 -0.12538354
v 0.10846912 0.016724639 -0.12538354
v 0.10168195 0.0049520433 -0.10461875
v 0.10168195 0.0049520433 -0.10461875
v 0.1023288 0.00023614615 0.098243535
v 0.11060856 0.06608273 0.15407366
v 0.11060856 0.06608273 0.15407366
v 0.10862875 0.0033709109 0.11295667
v 0.10862875 0.0033709109 0.11295667
v 0.10862875 0.0033709109 0.11295667
v 0.11040812 0.012101062 0.12936953
v 0.11040812 0.012101062 0.12936953
v 0.110430196 0.025698617 0.14236708
v 0.110430196 0.025698617 0.14236708
v 0.110566 0.04283253 0.15071262
v 0.110566 0.04283253 0.15071262
v 0.0683798 0.25878936 -0.10368472
v 0.0683798 0.25878936 -0.10368472
v 0.120734744 0.20663854 -0.11957047
v 0.12650937 0.08454882 -0.11752144
v 0.12585674 0.057028703 -0.11609621
v 0.12524493 0.034115672 -0.11008322
v 0.12412877 0.016259506 -0.10182285
v 0.12093303 0.0062238276 -0.09540721
v 0.12093303 0.0062238276 -0.09540721
v 0.12056062 0.20756082 0.12520279
v 0.06661588 0.25877398 0.11231559
v 0.06661588 0.25877398 0.11231559
v 0.103794545 -0.0001257658 0.079897955
v 0.12764242 0.06968093 0.12143102
v 0.12644115 0.04467494 0.12058708
v 0.12617894 0.027729526 0.11104934
v 0.12640299 0.012676738 0.0961085
v 0.12373317 0.0035450757 0.08646502
v 0.12373317 0.0035450757 0.08646502
v 0.107758865 0.19634192 -0.15877603
v 0.107758865 0.19634192 -0.15877603
v 0.10749998 0.19447033 0.15447009
v 0.10749998 0.19447033 0.15447009
v 0.123467274 0.19348647 -0.11814364
v 0.12500072 0.19378491 0.1227829
v 0.12882657 0.1792431 -0.08828245
v 0.12882657 0.1792431 -0.08828245
v 0.12882657 0.1792431 -0.08828245
v 0.12961145 0.1826539 -0.06794264
v 0.12961145 0.1826539 -0.06794264
v 0.12887855 0.17826703 0.0941881
v 0.12887855 0.17826703 0.0941881
v 0.12887855 0.17826703 0.0941881
v 0.13084891 0.10011691 0.0926329
v 0.13084891 0.10011691 0.0926329
v 0.13084891 0.10011691 0.0926329
v 0.1318942 0.097506054 -0.06768453
v 0.1318942 0.097506054 -0.06768453
v 0.13094482 0.100639254 -0.08844606
v 0.13094482 0.100639254 -0.08844606
v 0.13094482 0.100639254 -0.08844606
v 0.12768401 0.14000274 -0.06751716
v 0.1265182 0.17789164 -0.086770974
v 0.1265182 0.17789164 -0.086770974
v 0.1265182 0.17789164 -0.086770974
v 0.1272392 0.18065998 -0.0674853
v 0.1272392 0.18065998 -0.0674853
v 0.12656829 0.17687714 0.092688486
v 0.12656829 0.17687714 0.092688486
v 0.12656829 0.17687714 0.092688486
v 0.12845603 0.10157813 0.091290124
v 0.12845603 0.10157813 0.091290124
v 0.12845603 0.10157813 0.091290124
v 0.12941298 0.09961014 -0.06734017
v 0.12941298 0.09961014 -0.06734017
v 0.12856427 0.10206713 -0.08696055
v 0.12856427 0.10206713 -0.08696055
v 0.12856427 0.10206713 -0.08696055
v 0.12622988 0.17432605 -0.083708026
v 0.12682277 0.17589565 -0.066671476
v 0.12629487 0.17361717 0.089282975
v 0.1279922 0.10497722 0.08813852
v 0.1287435 0.1043632 -0.066687435
v 0.12809044 0.10576001 -0.08391855
v 0.12619846 0.1372784 0.12739956
v 0.06887608 0.2592365 0.09459129
v 0.06887608 0.2592365 0.09459129
v 0.1250791 0.20702334 0.094081126
v 0.12800008 0.19701546 0.09204454
v 0.068441495 0.25954813 -0.07550689
v 0.068441495 0.25954813 -0.07550689
v 0.12609288 0.20690177 -0.07401503
v 0.12849867 0.19749658 -0.07310804
v 0.124277495 0.13972719 -0.12651631
v 0.13175404 0.07684541 -0.07196299
v 0.13093282 0.054355532 -0.07214878
v 0.12979713 0.033244498 -0.07131908
v 0.12842424 0.01578945 -0.07017009
v 0.124403335 0.004672885 -0.06975855
v 0.124403335 0.004672885 -0.06975855
v 0.13011558 0.020590909 0.056684397
v 0.105247766 -9.305775E-05 0.04870054
v 0.12998824 0.013542473 0.05221744
v 0.126429 0.0038051307 0.04882396
v 0.126429 0.0038051307 0.04882396
v 0.13070644 0.03235711 0.0696219
v 0.13178433 0.049017005 0.07081722
v 0.13261834 0.066843346 0.06916965
v -0.00033311686 0.30016714 -0.060604848
v -0.00033311732 0.30710983 -0.049836032
v -0.00033311825 0.31184185 -0.035819814
v -0.00033312058 0.31418937 0.021635989
v -0.00033311918 0.31451577 -0.0060869106
v -0.00033311872 0.31378967 -0.021030866
v -0.00033312012 0.3148288 0.008577017
v -0.00033312105 0.3130021 0.03265903
v -0.0003331215 0.31109625 0.043134928
v -0.00033312244 0.30250943 0.062301934
v -0.00033312198 0.30784452 0.053239025
v -0.0003331229 0.28893805 0.074935645
v -0.00033312244 0.2951507 0.06940649
v -0.0003331229 0.2874021 0.07915726
v -0.0003331229 0.2874021 0.07915726
v -0.0003331229 0.2874021 0.07915726
v -0.011909009 0.28302497 -0.07277545
v -0.014856815 0.2793677 0.06800781
v -0.01479795 0.28221107 -0.07095877
v -0.016018383 0.27771026 0.07703893
v -0.016018383 0.27771026 0.07703893
v -0.01226215 0.26368046 -0.08237706
v -0.01226215 0.26368046 -0.08237706
v -0.015640406 0.26365387 -0.07841927
v -0.015640406 0.26365387 -0.07841927
v -0.014851574 0.2707383 -0.07563851
v -0.011892549 0.27082896 -0.07865693
v -0.014749724 0.297435 -0.059432387
v -0.009664272 0.299053 -0.061593264
v -0.014716541 0.30352712 -0.047275618
v -0.010211811 0.3069631 -0.049732998
v -0.0103237685 0.3116563 -0.035761066
v -0.014709823 0.30734277 -0.03431724
v -0.01032377 0.31400007 0.021563077
v -0.014709825 0.30958056 0.01986113
v -0.010323769 0.31432456 -0.0060764384
v -0.014709823 0.30985594 -0.0058772094
v -0.0103237685 0.31359893 -0.02099673
v -0.014709823 0.30914682 -0.020183252
v -0.014709825 0.31015873 0.0075050835
v -0.01032377 0.31463712 0.008533511
v -0.010323771 0.31281662 0.032569222
v -0.014709827 0.3084851 0.030473756
v -0.010323771 0.310916 0.04302869
v -0.014709827 0.3067088 0.040553607
v -0.010323772 0.30234754 0.062162966
v -0.014709827 0.29859746 0.058953717
v -0.014709827 0.3036536 0.050254554
v -0.010323772 0.30767184 0.05311577
v -0.0147182215 0.29134327 0.06592989
v -0.010563367 0.29499757 0.06928901
v -0.0147545915 0.28462833 0.07238248
v -0.011601056 0.28877032 0.0750411
v -0.012112173 0.28704554 0.07971126
v -0.012112173 0.28704554 0.07971126
v -0.015651312 0.28262597 0.07890403
v -0.015651312 0.28262597 0.07890403
v -0.014149152 0.29817146 -0.060191102
v -0.014149152 0.29817146 -0.060191102
v -0.01423485 0.27087796 -0.077354595
v -0.01423485 0.27087796 -0.077354595
v -0.01420309 0.2825277 -0.071926534
v -0.01420309 0.2825277 -0.071926534
v -0.014999999 0.263708 -0.08085736
v -0.014999999 0.263708 -0.08085736
v -0.014999999 0.263708 -0.08085736
v -0.0137698315 0.2924847 0.06701909
v -0.0137698315 0.2924847 0.06701909
v -0.01378799 0.30459797 -0.04809104
v -0.01378799 0.30459797 -0.04809104
v -0.013704 0.30864877 -0.03480865
v -0.013704 0.30864877 -0.03480865
v -0.013704002 0.31050718 -0.020443374
v -0.013704002 0.31050718 -0.020443374
v -0.013704002 0.3112247 -0.0059066596
v -0.013704002 0.3112247 -0.0059066596
v -0.013704002 0.31152993 0.007828221
v -0.013704002 0.31152993 0.007828221
v -0.013704002 0.31093144 0.020381128
v -0.013704002 0.31093144 0.020381128
v -0.013704004 0.30980933 0.031113299
v -0.013704004 0.30980933 0.031113299
v -0.013704004 0.3079933 0.04130642
v -0.013704004 0.3079933 0.04130642
v -0.013704004 0.30487287 0.05111754
v -0.013704004 0.30487287 0.05111754
v -0.013704004 0.29972333 0.059910133
v -0.013704004 0.29972333 0.059910133
v -0.015005233 0.284738 0.079750344
v -0.015005233 0.284738 0.079750344
v -0.015005233 0.284738 0.079750344
v -0.014055083 0.28622353 0.07363131
v -0.014055083 0.28622353 0.07363131
v -0.014072036 0.29122543 -0.05145949
v -0.0139830895 0.29703903 -0.041740745
v -0.0139830895 0.29958278 -0.030284196
v -0.013983091 0.30119407 0.016638506
v -0.013983091 0.30124396 -0.0063570756
v -0.013983091 0.30065525 -0.018320061
v -0.013983091 0.30155557 0.0053047817
v -0.013983091 0.3002665 0.026527995
v -0.013983093 0.29881263 0.035987332
v -0.013978764 0.2918679 0.05339317
v -0.01397758 0.29633874 0.045193374
v -0.014091941 0.2850139 0.05923608
v -0.014427826 0.2808743 -0.055604875
v -0.014816038 0.26279306 -0.0527675
v -0.014816038 0.26279306 -0.0527675
v -0.014516775 0.2702474 -0.055554003
v -0.014232701 0.2767315 0.06171958
v -0.0061808275 0.2613374 -0.10214038
v -0.0061808275 0.2613374 -0.10214038
v -0.003912039 0.29679543 -0.1313804
v -0.0061808266 0.25841552 -0.124651186
v -0.0061808266 0.25841552 -0.124651186
v -0.0061808266 0.25841552 -0.124651186
v -0.004217753 0.2685231 -0.10461533
v -0.004099318 0.27147913 -0.12381284
v -0.003914334 0.2914114 -0.09582928
v -0.003914333 0.298711 -0.11457245
v -0.0061808275 0.2609809 -0.109419204
v -0.0061808275 0.2609809 -0.109419204
v -0.004252425 0.26770288 -0.111283995
v -0.003914333 0.29641378 -0.10187254
v -0.0039310334 0.27819818 -0.12862843
v -0.0039143316 0.29362023 -0.12693906
v -0.0057820035 0.25875008 -0.12725256
v -0.003914333 0.2971484 -0.12098414
v -0.003914332 0.2880283 -0.12953973
v -0.004227566 0.2686087 -0.11793212
v -0.0039143334 0.29840928 -0.107926294
v -0.006180827 0.2605095 -0.116927974
v -0.006180827 0.2605095 -0.116927974
v -0.0061808284 0.26277012 -0.08646199
v -0.0061808284 0.26277012 -0.08646199
v -0.0039143334 0.2843318 -0.0931301
v -0.004062252 0.2712971 -0.09818037
v -0.0039184126 0.27808213 -0.093877286
v -0.0061808275 0.26234823 -0.09066537
v -0.0061808275 0.26234823 -0.09066537
v -0.005781188 0.2641961 -0.08589262
v -0.0041910103 0.27816248 -0.08001889
v -0.0036524595 0.28975588 -0.076509684
v -0.0036524595 0.28975588 -0.076509684
v -0.0036423618 0.29098928 -0.06984875
v -0.0036423618 0.29098928 -0.06984875
v -0.0036423618 0.29098928 -0.06984875
v -0.004628045 0.26922542 -0.081458405
v -0.004628045 0.26922542 -0.081458405
v -0.004535998 0.27845716 -0.07759077
v -0.004535998 0.27845716 -0.07759077
v -0.0050222436 0.26418376 -0.08344786
v -0.0050222436 0.26418376 -0.08344786
v -0.0050222436 0.26418376 -0.08344786
v -0.004557156 0.24716116 -0.14638536
v -0.004557156 0.24716116 -0.14638536
v -0.0038397233 0.27058297 -0.1163446
v -0.0038397233 0.27058297 -0.1163446
v -0.003839723 0.27323073 -0.12192078
v -0.003839723 0.27323073 -0.12192078
v -0.0038397252 0.29651964 -0.10667999
v -0.0038397252 0.29651964 -0.10667999
v -0.003839725 0.29730403 -0.112976246
v -0.003839725 0.29730403 -0.112976246
v -0.0038397238 0.271299 -0.10394918
v -0.0038397238 0.271299 -0.10394918
v -0.0003331164 0.29030514 -0.076144874
v -0.00033311592 0.2969585 -0.087587364
v -0.00033311592 0.29110694 -0.08109339
v -0.007657021 0.29640186 -0.06431131
v -0.0038397233 0.2699052 -0.11003645
v -0.0038397233 0.2699052 -0.11003645
v -0.0038397233 0.2699052 -0.11003645
v -0.00033311546 0.30066156 -0.09036617
v -0.00033311546 0.30401695 -0.09392573
v -0.0038397247 0.28965133 -0.09710987
v -0.0038397247 0.28965133 -0.09710987
v -0.000333115 0.30470484 -0.10706884
v -0.0003331136 0.29877514 -0.13910559
v -0.00033311453 0.30470484 -0.12175718
v -0.0038397245 0.29383254 -0.10117032
v -0.0038397245 0.29383254 -0.10117032
v -0.0038397228 0.2774533 -0.12591834
v -0.0038397228 0.2774533 -0.12591834
v -0.0003331136 0.2896049 -0.14032829
v -0.003839723 0.28261375 -0.12772186
v -0.003839723 0.28261375 -0.12772186
v -0.0003331164 0.29181808 -0.06933867
v -0.0003331164 0.29181808 -0.06933867
v -0.00033311592 0.29353797 -0.08474661
v -0.0038397242 0.29619044 -0.1191081
v -0.0038397242 0.29619044 -0.1191081
v -0.0003331136 0.27624774 -0.14215223
v -0.0038397238 0.29264677 -0.124018095
v -0.0038397238 0.29264677 -0.124018095
v -0.00033311546 0.3047049 -0.10058914
v -0.0003331136 0.30385083 -0.13625531
v -0.00033311453 0.3047049 -0.11408445
v -0.00033311686 0.29746735 -0.06356027
v -0.003839723 0.28792018 -0.12704885
v -0.003839723 0.28792018 -0.12704885
v -0.0038397247 0.28450298 -0.095284656
v -0.0038397247 0.28450298 -0.095284656
v -0.0038397242 0.27455825 -0.0990044
v -0.0038397242 0.27455825 -0.0990044
v -0.0038397247 0.2791949 -0.09595831
v -0.0038397247 0.2791949 -0.09595831
v -0.0037115905 0.2893576 -0.13983771
v -0.0037115905 0.2893576 -0.13983771
v -0.0036531442 0.27607048 -0.14146265
v -0.0036531442 0.27607048 -0.14146265
v -0.00033311686 0.29507202 -0.0655411
v -0.0037115903 0.30337507 -0.13583177
v -0.0037115903 0.30337507 -0.13583177
v -0.003711592 0.3043331 -0.107096374
v -0.003711592 0.3043331 -0.107096374
v -0.0037115917 0.30434334 -0.11410183
v -0.0037115917 0.30434334 -0.11410183
v -0.0037115905 0.2984118 -0.13862021
v -0.0037115905 0.2984118 -0.13862021
v -0.0037115924 0.30348098 -0.0940796
v -0.0037115924 0.30348098 -0.0940796
v -0.0037115922 0.30426466 -0.10063635
v -0.0037115922 0.30426466 -0.10063635
v -0.0037115912 0.3042904 -0.12173087
v -0.0037115912 0.3042904 -0.12173087
v -0.0037115922 0.30024636 -0.09065205
v -0.0037115922 0.30024636 -0.09065205
v -0.0037115922 0.29663253 -0.08795221
v -0.0037115922 0.29663253 -0.08795221
v -0.0037115926 0.29062402 -0.08151094
v -0.0037115926 0.29062402 -0.08151094
v -0.0037115924 0.2931499 -0.08513894
v -0.0037115924 0.2931499 -0.08513894
v -0.008814131 0.28137058 -0.074048966
v -0.008983684 0.2703272 -0.07932273
v -0.009202965 0.26359493 -0.08280636
v -0.009202965 0.26359493 -0.08280636
v -0.0054562823 0.29413468 -0.066153795
v -0.024775522 0.27774805 0.12436426
v -0.0067681205 0.29471505 0.09123492
v -0.0067681205 0.29471505 0.09123492
v -0.006585316 0.2851619 0.1289428
v -0.006585316 0.2851619 0.1289428
v -0.02831399 0.27852124 0.117431805
v -0.033799797 0.27399313 0.10943483
v -0.030003272 0.27216023 0.1172957
v -0.025223156 0.270926 0.124129534
v -0.019898383 0.27058595 0.13116528
v -0.03077528 0.2805434 0.1096922
v -0.0003331257 0.2711761 0.13813707
v -0.0003331257 0.2711761 0.13813707
v -0.011594126 0.27078104 0.13741153
v -0.010402447 0.2904448 0.08187647
v -0.00033312337 0.29136485 0.08093526
v -0.00033312337 0.29136485 0.08093526
v -0.01158808 0.28512037 0.13525979
v -0.01158808 0.28512037 0.13525979
v -0.019876337 0.2853034 0.13056587
v -0.019876337 0.2853034 0.13056587
v -0.0003331257 0.28528446 0.13712606
v -0.0003331257 0.28528446 0.13712606
v -0.0003331257 0.28528446 0.13712606
v -0.018161703 0.2950002 0.08873382
v -0.018161703 0.2950002 0.08873382
v -0.010008981 0.2970059 0.08430716
v -0.010008981 0.2970059 0.08430716
v -0.00033312337 0.29780227 0.082736365
v -0.00033312337 0.29780227 0.082736365
v -0.00033312337 0.29780227 0.082736365
v -0.02487123 0.28561902 0.12435691
v -0.02487123 0.28561902 0.12435691
v -0.027408337 0.2865638 0.117308006
v -0.027408337 0.2865638 0.117308006
v -0.028051531 0.2883203 0.10988762
v -0.028051531 0.2883203 0.10988762
v -0.026961358 0.2903273 0.10241728
v -0.026961358 0.2903273 0.10241728
v -0.023829529 0.29258573 0.09513909
v -0.023829529 0.29258573 0.09513909
v -0.033516236 0.2752868 0.10051973
v -0.03025849 0.27653337 0.09152733
v -0.025011972 0.2775761 0.08387692
v -0.030204754 0.28227192 0.101488754
v -0.012291194 0.28585064 0.12615469
v -0.012291194 0.28585064 0.12615469
v -0.012479104 0.29397923 0.094092086
v -0.012479104 0.29397923 0.094092086
v -0.00033312337 0.29497248 0.09023929
v -0.00033312337 0.29497248 0.09023929
v -0.00033312337 0.29497248 0.09023929
v -0.016832277 0.28694218 0.12179361
v -0.016832277 0.28694218 0.12179361
v -0.019757865 0.28833097 0.116289616
v -0.019757865 0.28833097 0.116289616
v -0.020790737 0.28987956 0.110178724
v -0.020790737 0.28987956 0.110178724
v -0.019832145 0.29143542 0.10405476
v -0.019832145 0.29143542 0.10405476
v -0.016971206 0.29284775 0.09851176
v -0.016971206 0.29284775 0.09851176
v -0.0003331243 0.29588997 0.1110925
v -0.027071698 0.28403926 0.09335801
v -0.02212969 0.28543562 0.086442366
v -0.01975269 0.27736396 0.079925016
v -0.019683234 0.27754438 0.13094203
v -0.0003331257 0.2773326 0.13700557
v -0.0003331257 0.2773326 0.13700557
v -0.011423833 0.2772203 0.13585596
v -0.017992262 0.28414756 0.08221541
v -0.054085374 0.20707361 -0.16639072
v -0.0003331122 0.20710467 -0.16644129
v -0.0003331122 0.20710467 -0.16644129
v -0.0442359 0.2587114 -0.12136863
v -0.0442359 0.2587114 -0.12136863
v -0.050583303 0.2587418 0.14089312
v -0.050583303 0.2587418 0.14089312
v -0.05292769 0.20906441 0.16909982
v -0.0003331271 0.20890616 0.17332388
v -0.0003331271 0.20890616 0.17332388
v -0.0520213 0.004514925 -0.07135785
v -0.0003331164 0.0045114234 -0.07136006
v -0.056231715 0.08360827 -0.16587475
v -0.0003331122 0.08393343 -0.16591035
v -0.0003331122 0.08393343 -0.16591035
v -0.05139163 0.004863046 -0.10699818
v -0.000333115 0.0048624426 -0.10701419
v -0.05494727 0.016825087 -0.13046432
v -0.05494727 0.016825087 -0.13046432
v -0.00033311406 0.016825661 -0.13049333
v -0.00033311406 0.016825661 -0.13049333
v -0.00033311406 0.016825661 -0.13049333
v -0.056093834 0.03545765 -0.1490929
v -0.00033311313 0.035458796 -0.14912646
v -0.00033311313 0.035458796 -0.14912646
v -0.056254353 0.058936566 -0.16105403
v -0.00033311266 0.058937922 -0.16108967
v -0.00033311266 0.058937922 -0.16108967
v -0.05681487 0.06578599 0.16930407
v -0.0003331271 0.06578496 0.17383765
v -0.0003331271 0.06578496 0.17383765
v -0.05193165 0.0028913245 0.10431239
v -0.0003331243 0.0031047761 0.10814434
v -0.056776863 0.0425686 0.1658283
v -0.0003331271 0.04256764 0.1703447
v -0.0003331271 0.04256764 0.1703447
v -0.056660186 0.025538713 0.15716843
v -0.00033312663 0.025538087 0.1616574
v -0.00033312663 0.025538087 0.1616574
v -0.056569725 0.012023672 0.14366697
v -0.00033312617 0.012023352 0.14813043
v -0.00033312617 0.012023352 0.14813043
v -0.055597354 0.0033464953 0.12658042
v -0.055597354 0.0033464953 0.12658042
v -0.00033312524 0.0033463687 0.13094361
v -0.00033312524 0.0033463687 0.13094361
v -0.00033312524 0.0033463687 0.13094361
v -0.051734287 0.0059774145 0.0911284
v -0.00033312384 0.0064342692 0.0947867
v -0.060736395 0.2601924 0.11096467
v -0.05528842 0.19445081 0.16964082
v -0.0003331271 0.19441718 0.17405735
v -0.0003331271 0.19441718 0.17405735
v -0.054882724 0.19628899 -0.16656671
v -0.0003331122 0.1960284 -0.16660877
v -0.0003331122 0.1960284 -0.16660877
v -0.06237714 0.26025105 0.09333049
v -0.049793135 0.26037627 -0.09329169
v -0.053203154 0.0072353706 0.053374313
v -0.00033312198 0.00778199 0.055424966
v -0.059298337 0.2603007 -0.003910194
v -0.060062442 0.26019055 0.12073237
v -0.03767981 0.26049244 0.07008265
v -0.014906891 0.26217538 0.057830535
v -0.014906891 0.26217538 0.057830535
v -0.016071638 0.2611174 0.05639392
v -0.016694222 0.2611311 0.06634807
v -0.015464149 0.26222456 0.06694113
v -0.015464149 0.26222456 0.06694113
v -0.018358378 0.2610572 0.07469762
v -0.017051315 0.26217806 0.074817635
v -0.017051315 0.26217806 0.074817635
v -0.017051315 0.26217806 0.074817635
v -0.040879603 0.26023424 0.109969616
v -0.037012372 0.26176727 0.10839393
v -0.037012372 0.26176727 0.10839393
v -0.038538348 0.26067024 0.108060986
v -0.041027777 0.2602824 0.10240993
v -0.036276963 0.26184887 0.09994418
v -0.036276963 0.26184887 0.09994418
v -0.037775725 0.26073223 0.100421764
v -0.023769585 0.25787544 0.14715306
v -0.023769585 0.25787544 0.14715306
v -0.01842043 0.2592892 0.14601403
v -0.01842043 0.2592892 0.14601403
v -0.016843291 0.26046968 0.14505874
v -0.016843291 0.26046968 0.14505874
v -0.016843291 0.26046968 0.14505874
v -0.039026007 0.26030695 0.09134839
v -0.033140276 0.26185983 0.09064741
v -0.033140276 0.26185983 0.09064741
v -0.034490976 0.26074368 0.090751424
v -0.032506652 0.26051486 0.081136905
v -0.023485601 0.26082605 0.078161955
v -0.022021266 0.2619835 0.07819003
v -0.022021266 0.2619835 0.07819003
v -0.040095594 0.2601527 0.12078591
v -0.035610337 0.26151752 0.116973385
v -0.035610337 0.26151752 0.116973385
v -0.03744162 0.26054758 0.11657578
v -0.03236797 0.26116675 0.12577847
v -0.03236797 0.26116675 0.12577847
v -0.03433645 0.26036584 0.12592234
v -0.035619643 0.2599768 0.13285664
v -0.028795907 0.26015687 0.13522406
v -0.026850622 0.26093018 0.13482301
v -0.026850622 0.26093018 0.13482301
v -0.00033312617 0.2542938 0.1529791
v -0.00033312617 0.2542938 0.1529791
v -0.028019732 0.26184666 0.08248045
v -0.028019732 0.26184666 0.08248045
v -0.029323438 0.26071948 0.08231463
v -0.00033312617 0.25722128 0.15029484
v -0.00033312617 0.25722128 0.15029484
v -0.00033312617 0.259377 0.14818315
v -0.00033312617 0.259377 0.14818315
v -0.00033312617 0.259377 0.14818315
v -0.00033312617 0.259377 0.14818315
v -0.00033312524 0.2849326 0.12988465
v -0.00033312524 0.2849326 0.12988465
v -0.031172305 0.26040214 -0.10502972
v -0.015579658 0.26085168 -0.08863203
v -0.016904263 0.26163805 -0.08305337
v -0.010697001 0.26092142 -0.0889488
v -0.009969124 0.26127726 -0.086193524
v -0.013597969 0.26121646 -0.08582191
v -0.011295631 0.29256642 -0.06697605
v -0.00478988 0.22360437 -0.16227624
v -0.0003331122 0.21151365 -0.16599338
v -0.0003331122 0.21151365 -0.16599338
v -0.13039881 0.042385727 0.074321605
v -0.13100101 0.04084809 0.057467327
v -0.1319964 0.041846626 0.03537806
v -0.13257176 0.076271385 0.051789343
v -0.13247386 0.07862735 0.054350957
v -0.13235469 0.07610441 0.057281926
v -0.13223213 0.0652615 0.05512946
v -0.014305254 0.29065633 -0.06706096
v -0.014305254 0.29065633 -0.06706096
v -0.014783483 0.28975165 -0.06663498
v 0.011242775 0.28302497 -0.07277545
v 0.0141905695 0.2793677 0.06800781
v 0.0141317155 0.28221107 -0.07095877
v 0.015352137 0.27771026 0.07703893
v 0.015352137 0.27771026 0.07703893
v 0.011595916 0.26368046 -0.08237706
v 0.011595916 0.26368046 -0.08237706
v 0.014974173 0.26365387 -0.07841927
v 0.014974173 0.26365387 -0.07841927
v 0.014185339 0.2707383 -0.07563851
v 0.011226315 0.27082896 -0.07865693
v 0.014083488 0.297435 -0.059432387
v 0.008998036 0.299053 -0.061593264
v 0.014050307 0.30352712 -0.047275618
v 0.009545576 0.3069631 -0.049732998
v 0.009657532 0.3116563 -0.035761066
v 0.0140435845 0.30734277 -0.03431724
v 0.00965753 0.31400007 0.021563077
v 0.014043583 0.30958056 0.01986113
v 0.00965753 0.31432456 -0.0060764374
v 0.0140435845 0.30985594 -0.0058772084
v 0.009657532 0.31359893 -0.02099673
v 0.0140435845 0.30914682 -0.02018325
v 0.014043583 0.31015873 0.0075050835
v 0.00965753 0.31463712 0.008533511
v 0.009657528 0.31281662 0.032569222
v 0.014043583 0.3084851 0.030473756
v 0.009657528 0.310916 0.04302869
v 0.014043583 0.3067088 0.040553607
v 0.009657528 0.30234754 0.062162966
v 0.014043581 0.29859746 0.058953717
v 0.014043581 0.3036536 0.050254554
v 0.009657528 0.30767184 0.05311577
v 0.014051974 0.29134327 0.06592989
v 0.00989712 0.29499757 0.06928901
v 0.014088344 0.28462833 0.07238248
v -0.06731555 0.25879002 -0.11233376
v -0.06731555 0.25879002 -0.11233376
v -0.115531586 0.20836212 0.14115258
v -0.09699373 0.22151245 -0.15483941
v -0.09699373 0.22151245 -0.15483941
v -0.08598413 0.23358761 -0.14777419
v -0.08598413 0.23358761 -0.14777419
v -0.07629878 0.24523486 -0.13711601
v -0.07629878 0.24523486 -0.13711601
v -0.09199567 0.22595273 0.15187061
v -0.09199567 0.22595273 0.15187061
v -0.08378343 0.23633991 0.14834516
v -0.08378343 0.23633991 0.14834516
v -0.07564495 0.24614967 0.14293934
v -0.07564495 0.24614967 0.14293934
v -0.104923025 0.21127178 -0.157758
v -0.104923025 0.21127178 -0.157758
v -0.06832405 0.25542992 -0.12446942
v -0.06832405 0.25542992 -0.12446942
v -0.06785767 0.25547928 0.1359644
v -0.06785767 0.25547928 0.1359644
v -0.0998881 0.21485977 0.1536627
v -0.0998881 0.21485977 0.1536627
v -0.102101 0.0020208508 -0.09178306
v -0.105490066 0.009882055 -0.11543069
v -0.105490066 0.009882055 -0.11543069
v -0.11080361 0.025247864 -0.13440363
v -0.11080361 0.025247864 -0.13440363
v -0.1111509 0.046419315 -0.14851063
v -0.1111509 0.046419315 -0.14851063
v -0.11120794 0.07138336 -0.15627374
v -0.11120794 0.07138336 -0.15627374
v -0.10778505 0.20234627 -0.15849902
v -0.10778505 0.20234627 -0.15849902
v -0.104965456 0.0010902584 0.104436345
v -0.11088183 0.0070631728 0.1215041
v -0.11088183 0.0070631728 0.1215041
v -0.11106779 0.018365905 0.1363786
v -0.11106779 0.018365905 0.1363786
v -0.111154065 0.03392276 0.14718291
v -0.111154065 0.03392276 0.14718291
v -0.11130466 0.052743092 0.1529243
v -0.11130466 0.052743092 0.1529243
v -0.11105419 0.0851558 0.15449482
v -0.11105419 0.0851558 0.15449482
v -0.12270429 0.08329293 -0.14143798
v -0.1226567 0.05798316 -0.13671559
v -0.12235002 0.034726612 -0.12781753
v -0.120703064 0.016514942 -0.1147738
v -0.11576302 0.0052913576 -0.09984258
v -0.11576302 0.0052913576 -0.09984258
v -0.07000061 0.25887752 -0.09363026
v -0.07000061 0.25887752 -0.09363026
v -0.1174924 0.20676969 -0.1410527
v -0.1054496 5.4441392E-05 -0.010094366
v -0.13011584 0.07983667 -0.09632987
v -0.12920594 0.05586601 -0.09640179
v -0.12826486 0.033595838 -0.093364485
v -0.12713377 0.016033486 -0.08935159
v -0.12331824 0.0051792264 -0.08757181
v -0.12331824 0.0051792264 -0.08757181
v -0.12351471 0.009803973 -0.09797901
v -0.12548833 0.024494946 -0.10606651
v -0.12625264 0.04495032 -0.11340531
v -0.1267327 0.07024817 -0.11806098
v -0.12279849 0.20128086 -0.11986702
v -0.11920272 0.21123059 -0.11921508
v -0.07415552 0.2553627 -0.10477539
v -0.08385892 0.24510066 -0.1088461
v -0.09571363 0.23345996 -0.11423439
v -0.10930974 0.22145458 -0.117812544
v -0.06600897 0.25876337 0.12316121
v -0.06600897 0.25876337 0.12316121
v -0.10241011 -9.6820295E-05 0.09178236
v -0.123470515 0.06690417 0.14066827
v -0.12302424 0.043460168 0.13764843
v -0.12261641 0.026161917 0.12982188
v -0.12244746 0.012270182 0.11823808
v -0.12031244 0.0034237728 0.10341016
v -0.12031244 0.0034237728 0.10341016
v -0.07301791 0.25530207 0.11437776
v -0.11722418 0.21276343 0.12507546
v -0.1266901 0.0074055046 0.09139062
v -0.11796116 0.0011294559 0.08188772
v -0.12729248 0.019214302 0.10019022
v -0.12677708 0.03620147 0.117650434
v -0.12755978 0.05457034 0.12221134
v -0.12375085 0.20205335 0.12497826
v -0.08362695 0.2454264 0.1188388
v -0.094412215 0.23472102 0.122118354
v -0.106136456 0.22358234 0.12415914
v -0.108807884 0.18697535 -0.15911816
v -0.108807884 0.18697535 -0.15911816
v -0.10621517 0.20277745 0.15435113
v -0.10621517 0.20277745 0.15435113
v -0.12389493 0.18341102 -0.12439675
v -0.12579085 0.18116537 0.12681124
v -0.12689725 0.19626693 -0.097363584
v -0.11957003 0.19524689 -0.1421213
v -0.12034778 0.19433747 0.14119773
v -0.12941442 0.17468078 -0.09100494
v -0.12941442 0.17468078 -0.09100494
v -0.12973474 0.18148349 -0.08306604
v -0.12973474 0.18148349 -0.08306604
v -0.1311383 0.18285169 0.043538332
v -0.1311383 0.18285169 0.043538332
v -0.12975463 0.18084367 0.08928865
v -0.12975463 0.18084367 0.08928865
v -0.12950219 0.17327859 0.09648806
v -0.12950219 0.17327859 0.09648806
v -0.13026457 0.13827899 0.09612688
v -0.13026457 0.13827899 0.09612688
v -0.13126183 0.10427959 0.094911516
v -0.13126183 0.10427959 0.094911516
v -0.1317867 0.0981047 0.089080885
v -0.1317867 0.0981047 0.089080885
v -0.13344027 0.09687622 -0.009757953
v -0.13344027 0.09687622 -0.009757953
v -0.13197012 0.0985793 -0.08302119
v -0.13197012 0.0985793 -0.08302119
v -0.13129717 0.10522097 -0.091165744
v -0.13129717 0.10522097 -0.091165744
v -0.13019522 0.14003463 -0.091796316
v -0.13019522 0.14003463 -0.091796316
v -0.111000694 0.09352383 -0.1590113
v -0.111000694 0.09352383 -0.1590113
v -0.12975323 0.18054974 -0.09036677
v -0.13191359 0.09820446 0.09435321
v -0.12985921 0.17981648 0.09609949
v -0.12712039 0.1737843 -0.08914206
v -0.12712039 0.1737843 -0.08914206
v -0.12739545 0.1797483 -0.08209238
v -0.12739545 0.1797483 -0.08209238
v -0.12874894 0.1807523 0.043338656
v -0.12874894 0.1807523 0.043338656
v -0.12741631 0.17905968 0.08829186
v -0.12741631 0.17905968 0.08829186
v -0.12720504 0.17243446 0.09464072
v -0.12720504 0.17243446 0.09464072
v -0.12796041 0.13833785 0.09406915
v -0.12796041 0.13833785 0.09406915
v -0.12891081 0.10521875 0.09314839
v -0.12891081 0.10521875 0.09314839
v -0.12934437 0.09994208 0.088281535
v -0.12934437 0.09994208 0.088281535
v -0.13093434 0.09924091 -0.009750219
v -0.13093434 0.09924091 -0.009750219
v -0.12953681 0.10038249 -0.08211795
v -0.12953681 0.10038249 -0.08211795
v -0.1289558 0.10617002 -0.08930879
v -0.1289558 0.10617002 -0.08930879
v -0.12789446 0.14003457 -0.0897353
v -0.12789446 0.14003457 -0.0897353
v -0.13032119 0.100819714 0.091998704
v -0.13032119 0.100819714 0.091998704
v -0.12839125 0.1775984 0.09345636
v -0.12839125 0.1775984 0.09345636
v -0.12909266 0.18168089 -0.06771932
v -0.1283436 0.17866355 -0.08747928
v -0.1283436 0.17866355 -0.08747928
v -0.13132115 0.09856942 -0.06753287
v -0.13042979 0.1012636 -0.0876595
v -0.13042979 0.1012636 -0.0876595
v -0.1268685 0.17140318 -0.08515813
v -0.1270411 0.17547016 -0.08021976
v -0.12831104 0.1757711 0.042909086
v -0.12708227 0.17494984 0.08605389
v -0.1269552 0.17044242 0.09045649
v -0.12769756 0.13865748 0.0906005
v -0.12852924 0.107554026 0.08919059
v -0.1287935 0.104059346 0.0861095
v -0.13022603 0.104148775 -0.00966995
v -0.12895598 0.10474363 -0.08034789
v -0.12858152 0.10861166 -0.08532451
v -0.1276539 0.1400009 -0.08618361
v -0.12881745 0.108111866 -0.081467755
v -0.12871276 0.10719729 0.08637485
v -0.12931557 0.10728751 -0.06731549
v -0.12714468 0.1713682 0.08680716
v -0.1270789 0.1720175 -0.08130463
v -0.12754995 0.17288843 -0.067235805
v -0.10913766 0.18218242 0.15451609
v -0.10913766 0.18218242 0.15451609
v -0.11013578 0.13768746 0.15453812
v -0.11013578 0.13768746 0.15453812
v -0.12774555 0.088400036 0.12641843
v -0.1284988 0.20691152 0.04547727
v -0.1275457 0.20218909 0.09366419
v -0.12269354 0.211717 0.09422884
v -0.11063996 0.22268894 0.0941009
v -0.09642131 0.23537119 0.09360098
v -0.085365415 0.24688543 0.092899054
v -0.07467377 0.2566871 0.09347752
v -0.07227902 0.25903857 -0.008835743
v -0.07227902 0.25903857 -0.008835743
v -0.12423658 0.2067343 -0.09907152
v -0.13077252 0.19785921 -0.010308307
v -0.12818573 0.2023219 -0.0738478
v -0.12447267 0.2112708 -0.07411244
v -0.11391687 0.2216353 -0.07411361
v -0.099696584 0.23393197 -0.07374001
v -0.08770053 0.245571 -0.07313405
v -0.07705406 0.25561434 -0.073232785
v -0.13068722 0.18479465 -0.06848687
v -0.10991838 0.13942996 -0.15951465
v -0.10991838 0.13942996 -0.15951465
v -0.121145494 0.13962787 -0.1445757
v -0.12629071 0.09631549 -0.12426771
v -0.11774823 0.0019246712 -0.07033547
v -0.1340195 0.0740854 -0.010418203
v -0.13329846 0.052456707 -0.010798845
v -0.1308258 0.015541106 -0.0099806115
v -0.12681343 0.0043711513 -0.010031106
v -0.12681343 0.0043711513 -0.010031106
v -0.12811378 0.009302966 -0.06975078
v -0.12977749 0.023922093 -0.0707478
v -0.1310771 0.043359846 -0.071777895
v -0.13203248 0.06606802 -0.07237744
v -0.1330915 0.0950936 -0.0680657
v -0.13050611 0.031882897 0.083577774
v -0.12988223 0.007916883 0.049937867
v -0.1200697 0.0012396574 0.048242517
v -0.1321879 0.038788818 0.07387589
v -0.13384677 0.039278105 0.034548394
v -0.13412489 0.043906353 0.03303296
v -0.13454632 0.079764366 0.05150389
v -0.13435362 0.08006455 0.056735516
v -0.13320747 0.057759173 0.07138411
v -0.13426615 0.09345677 0.043182038
v -0.1322024 0.04145976 0.075971566
v -0.1322024 0.04145976 0.075971566
v -0.13288884 0.03939552 0.05744403
v -0.13288884 0.03939552 0.05744403
v -0.13398719 0.04121285 0.03361652
v -0.13398719 0.04121285 0.03361652
v -0.13460684 0.07739234 0.04998623
v -0.13460684 0.07739234 0.04998623
v -0.13445425 0.080227 0.054167807
v -0.13445425 0.080227 0.054167807
v -0.13445425 0.080227 0.054167807
v -0.13427706 0.07730265 0.058639072
v -0.13427706 0.07730265 0.058639072
v -0.13380964 0.06620079 0.06541234
v -0.13380964 0.06620079 0.06541234
v -0.13465348 0.06709471 0.044279464
v -0.13465348 0.06709471 0.044279464
v -0.13260238 0.049046002 0.07530502
v -0.13260238 0.049046002 0.07530502
v -0.13068083 0.040387966 0.07322946
v -0.13068083 0.040387966 0.07322946
v -0.13222007 0.03999181 0.035908595
v -0.13222007 0.03999181 0.035908595
v -0.13287014 0.07888182 0.052809983
v -0.13287014 0.07888182 0.052809983
v -0.13274978 0.07891908 0.05590818
v -0.13274978 0.07891908 0.05590818
v -0.13161862 0.057052024 0.06985726
v -0.13161862 0.057052024 0.06985726
v -0.13281906 0.05771482 0.040850937
v -0.13281906 0.05771482 0.040850937
v -0.13076314 0.04427436 0.07558982
v -0.13076314 0.04427436 0.07558982
v -0.13428305 0.04925458 0.03552688
v -0.13428305 0.04925458 0.03552688
v -0.13041013 0.04105013 0.07265309
v -0.13189416 0.040610887 0.03653013
v -0.13251975 0.07812807 0.053177617
v -0.13242562 0.07814586 0.055597425
v -0.13131551 0.05675917 0.06899442
v -0.13244355 0.05737011 0.041678302
v -0.13048111 0.044433795 0.074718565
v -0.1283008 0.17596386 -0.008763803
v -0.12875046 0.18093903 -0.0090063885
v -0.12875046 0.18093903 -0.0090063885
v -0.13305338 0.09656241 0.051766083
v -0.13305338 0.09656241 0.051766083
v -0.12850145 0.20696019 -0.010682169
v -0.13223682 0.033161215 -0.010496456
v -0.12991348 0.10374748 0.04953043
v -0.13056585 0.098867044 0.051121593
v -0.13056585 0.098867044 0.051121593
v -0.13080366 0.19760136 0.044916123
v -0.13114235 0.18303798 -0.00916218
v -0.13114235 0.18303798 -0.00916218
v -0.12953827 0.18639334 -0.08734186
v -0.1319457 0.09923653 -0.09048359
v -0.13150823 0.18882479 -0.009572536
v -0.13151003 0.1886207 0.044025987
v -0.12925914 0.17588927 0.104175925
v -0.1311107 0.10008409 0.10270235
v -0.13008772 0.13816373 0.10561988
v -0.12870836 0.1772325 -0.09909419
v -0.13073777 0.10250533 -0.09918135
v -0.1341435 0.089133084 -0.009158796
v -0.13205321 0.09325902 -0.08701259
v 0.010934809 0.28877032 0.0750411
v 0.0114459265 0.28704554 0.07971126
v 0.0114459265 0.28704554 0.07971126
v 0.014985066 0.28262597 0.07890403
v 0.014985066 0.28262597 0.07890403
v 0.013482917 0.29817146 -0.060191102
v 0.013482917 0.29817146 -0.060191102
v 0.013568617 0.27087796 -0.077354595
v 0.013568617 0.27087796 -0.077354595
v 0.013536856 0.2825277 -0.071926534
v 0.013536856 0.2825277 -0.071926534
v 0.014333764 0.263708 -0.08085736
v 0.014333764 0.263708 -0.08085736
v 0.014333764 0.263708 -0.08085736
v 0.013103584 0.2924847 0.06701909
v 0.013103584 0.2924847 0.06701909
v 0.013121756 0.30459797 -0.04809104
v 0.013121756 0.30459797 -0.04809104
v 0.013037762 0.30864877 -0.03480865
v 0.013037762 0.30864877 -0.03480865
v 0.013037762 0.31050718 -0.020443372
v 0.013037762 0.31050718 -0.020443372
v 0.013037762 0.3112247 -0.0059066587
v 0.013037762 0.3112247 -0.0059066587
v 0.01303776 0.31152993 0.007828221
v 0.01303776 0.31152993 0.007828221
v 0.013037762 0.31093144 0.020381128
v 0.013037762 0.31093144 0.020381128
v 0.013037762 0.30980933 0.031113299
v 0.013037762 0.30980933 0.031113299
v 0.013037762 0.3079933 0.04130642
v 0.013037762 0.3079933 0.04130642
v 0.013037758 0.30487287 0.05111754
v 0.013037758 0.30487287 0.05111754
v 0.013037758 0.29972333 0.059910133
v 0.013037758 0.29972333 0.059910133
v 0.014338985 0.284738 0.079750344
v 0.014338985 0.284738 0.079750344
v 0.014338985 0.284738 0.079750344
v 0.013388835 0.28622353 0.07363131
v 0.013388835 0.28622353 0.07363131
v 0.013405802 0.29122543 -0.05145949
v 0.013316853 0.29703903 -0.041740745
v 0.013316853 0.29958278 -0.030284196
v 0.013316851 0.30119407 0.016638506
v 0.013316851 0.30124396 -0.0063570742
v 0.013316851 0.30065525 -0.018320058
v 0.013316851 0.30155557 0.0053047836
v 0.013316849 0.3002665 0.026527995
v 0.013316849 0.29881263 0.035987332
v 0.013312519 0.2918679 0.05339317
v 0.013311336 0.29633874 0.045193374
v 0.013425695 0.2850139 0.05923608
v 0.013761589 0.2808743 -0.055604875
v 0.014149802 0.26279306 -0.0527675
v 0.014149802 0.26279306 -0.0527675
v 0.013850538 0.2702474 -0.055554003
v 0.013566457 0.2767315 0.06171958
v 0.005514598 0.2613374 -0.10214038
v 0.005514598 0.2613374 -0.10214038
v 0.0032458114 0.29679543 -0.1313804
v 0.005514598 0.25841552 -0.124651186
v 0.005514598 0.25841552 -0.124651186
v 0.005514598 0.25841552 -0.124651186
v 0.0035515227 0.2685231 -0.10461533
v 0.0034330892 0.27147913 -0.12381284
v 0.0032481025 0.2914114 -0.09582928
v 0.0032481034 0.298711 -0.11457245
v 0.005514598 0.2609809 -0.109419204
v 0.005514598 0.2609809 -0.109419204
v 0.003586195 0.26770288 -0.111283995
v 0.0032481025 0.29641378 -0.10187254
v 0.0032648058 0.27819818 -0.12862843
v 0.0032481034 0.29362023 -0.12693906
v 0.005115776 0.25875008 -0.12725256
v 0.0032481044 0.2971484 -0.12098414
v 0.0032481034 0.2880283 -0.12953973
v 0.003561337 0.2686087 -0.11793212
v 0.0032481034 0.29840928 -0.107926294
v 0.005514598 0.2605095 -0.116927974
v 0.005514598 0.2605095 -0.116927974
v 0.005514596 0.26277012 -0.08646199
v 0.005514596 0.26277012 -0.08646199
v 0.0032481025 0.2843318 -0.0931301
v 0.0033960217 0.2712971 -0.09818037
v 0.0032521817 0.27808213 -0.093877286
v 0.005514596 0.26234823 -0.09066537
v 0.005514596 0.26234823 -0.09066537
v 0.0051149563 0.2641961 -0.08589262
v 0.003524778 0.27816248 -0.08001889
v 0.0029862267 0.28975588 -0.076509684
v 0.0029862267 0.28975588 -0.076509684
v 0.0029761284 0.29098928 -0.06984875
v 0.0029761284 0.29098928 -0.06984875
v 0.0029761284 0.29098928 -0.06984875
v 0.003961813 0.26922542 -0.081458405
v 0.003961813 0.26922542 -0.081458405
v 0.003869765 0.27845716 -0.07759077
v 0.003869765 0.27845716 -0.07759077
v 0.004356012 0.26418376 -0.08344786
v 0.004356012 0.26418376 -0.08344786
v 0.004356012 0.26418376 -0.08344786
v 0.0038909302 0.24716116 -0.14638536
v 0.0038909302 0.24716116 -0.14638536
v 0.0031734942 0.27058297 -0.1163446
v 0.0031734942 0.27058297 -0.1163446
v 0.0031734942 0.27323073 -0.12192078
v 0.0031734942 0.27323073 -0.12192078
v 0.0031734952 0.29651964 -0.10667999
v 0.0031734952 0.29651964 -0.10667999
v 0.0031734952 0.29730403 -0.112976246
v 0.0031734952 0.29730403 -0.112976246
v 0.0031734933 0.271299 -0.10394918
v 0.0031734933 0.271299 -0.10394918
v -0.00033311732 0.3034978 -0.05600149
v -0.0003331178 0.30991745 -0.04299873
v -0.00033311825 0.31306332 -0.028468356
v -0.00033311918 0.314223 -0.013563914
v -0.00033311965 0.3147567 0.0013550632
v -0.00033312012 0.31461328 0.015378362
v -0.00033312105 0.31365722 0.027315399
v -0.0003331215 0.3121739 0.03792222
v -0.0003331215 0.3096841 0.048262723
v -0.00033312198 0.30548346 0.057972148
v -0.0003331229 0.29166526 0.07232483
v -0.00033312244 0.29893053 0.06609664
v -0.003256843 0.3046584 -0.10707228
v -0.0031450808 0.29151267 -0.069526196
v -0.0031450808 0.29151267 -0.069526196
v -0.0003331229 0.28740615 0.0772603
v -0.014709827 0.3014223 0.054797076
v -0.015634513 0.26352787 -0.07617451
v -0.015634513 0.26352787 -0.07617451
v -0.009667478 0.31376582 -0.021026596
v -0.0032568437 0.29348946 -0.084795654
v -0.0032568434 0.30394995 -0.09394496
v -0.010323771 0.31456506 0.0013390593
v -0.014877172 0.28311414 0.075850114
v -0.009667481 0.31107372 0.043121643
v -0.011963609 0.28719926 0.07760106
v -0.009667481 0.30248922 0.06228456
v -0.015013594 0.27710485 0.072737224
v -0.0148568135 0.2739969 0.067870095
v -0.011612534 0.29912835 -0.06100609
v -0.014898637 0.2704854 -0.073771276
v -0.0110284835 0.30663162 -0.049500845
v -0.014710663 0.30569386 -0.040865317
v -0.010323769 0.31287366 -0.028425865
v -0.010323769 0.31403196 -0.013537999
v -0.014363617 0.31025594 0.020120988
v -0.014735356 0.28757572 0.06910318
v -0.014363615 0.307989 -0.03458998
v -0.014709823 0.30845416 -0.027377645
v -0.014709825 0.30956995 -0.012957124
v -0.010323771 0.3144225 0.015316639
v -0.014363617 0.31054187 -0.0058749476
v -0.010903149 0.31420362 0.008435106
v -0.014363615 0.30982667 -0.020319501
v -0.0103097735 0.30974317 -0.042913377
v -0.011126506 0.29464698 0.06897231
v -0.014792675 0.2875045 -0.068296514
v -0.014635306 0.28242397 -0.071552135
v -0.014730772 0.30084413 -0.053692512
v -0.0032568418 0.28957403 -0.14026695
v -0.010903151 0.30728137 0.05283697
v -0.014709827 0.30909145 0.025326373
v -0.014710875 0.29515415 0.06261745
v -0.010353723 0.2987746 0.06595541
v -0.014709827 0.305385 0.045478508
v -0.014363619 0.29914933 0.05941865
v -0.010323773 0.3053158 0.057840675
v -0.010323773 0.30950725 0.04814797
v -0.014709825 0.3100868 0.00093079545
v -0.014709825 0.30996627 0.013873816
v -0.014363617 0.30735016 0.040927984
v -0.014363617 0.3091473 0.030792983
v -0.010323772 0.3134697 0.027233673
v -0.009255946 0.30709147 -0.04982315
v -0.009667478 0.31181866 -0.035812467
v -0.011283565 0.28706533 0.079508804
v -0.011283565 0.28706533 0.079508804
v -0.00966748 0.31297892 0.032647803
v -0.014514025 0.29788184 -0.059895925
v -0.014391782 0.29192716 0.06650819
v -0.0096674785 0.31449187 -0.0060856016
v -0.013904229 0.2889136 0.07032533
v -0.013904229 0.2889136 0.07032533
v -0.013959121 0.30169177 -0.054545835
v -0.013959121 0.30169177 -0.054545835
v -0.013704002 0.3025974 0.055709377
v -0.013704002 0.3025974 0.055709377
v -0.009667479 0.31480485 0.008571576
v -0.009667479 0.3141657 0.021626873
v -0.009891181 0.2951331 0.06941083
v -0.009667481 0.30782294 0.053223632
v -0.009977903 0.30328918 -0.056017183
v -0.012094304 0.28841448 0.074860975
v -0.010858955 0.28891277 0.07509356
v -0.0153962 0.26372504 -0.07967481
v -0.0153962 0.26372504 -0.07967481
v -0.014363617 0.3108455 0.007671388
v -0.014363619 0.3042583 0.05067975
v -0.014223203 0.28499597 0.076922365
v -0.014223203 0.28499597 0.076922365
v -0.013704002 0.30664057 0.046287633
v -0.013704002 0.30664057 0.046287633
v -0.011052471 0.29150826 0.07228173
v -0.014390074 0.30406886 -0.047708042
v -0.014513817 0.28560132 0.07322602
v -0.013712231 0.29624355 0.063620105
v -0.013712231 0.29624355 0.063620105
v -0.0146829095 0.27083886 -0.0766336
v -0.013704002 0.31042975 0.02590884
v -0.013704002 0.31042975 0.02590884
v -0.012501065 0.28315252 0.057524137
v -0.012501065 0.28315252 0.057524137
v -0.012442094 0.28938437 -0.049030103
v -0.012442094 0.28938437 -0.049030103
v -0.013704 0.31132936 0.01431606
v -0.013704 0.31132936 0.01431606
v -0.013704 0.3097989 -0.027737036
v -0.013704 0.3097989 -0.027737036
v -0.013704 0.31093603 -0.013117874
v -0.013704 0.31093603 -0.013117874
v -0.014269453 0.2941885 -0.06432828
v -0.014269453 0.2941885 -0.06432828
v -0.010903148 0.31123668 -0.035628177
v -0.010903151 0.30198145 0.061848648
v -0.010903151 0.3105082 0.042788394
v -0.010903149 0.31389207 -0.00605275
v -0.010903151 0.312397 0.03236609
v -0.010903148 0.31316757 -0.020919524
v -0.013969459 0.29440016 0.04950043
v -0.013982404 0.29776353 0.040653378
v -0.013704002 0.31145847 0.001079631
v -0.013704002 0.31145847 0.001079631
v -0.014023628 0.28870827 0.056684166
v -0.013714498 0.30691963 -0.04153326
v -0.013714498 0.30691963 -0.04153326
v -0.008216807 0.29636556 0.003972971
v -0.012840116 0.28682446 0.07995831
v -0.012840116 0.28682446 0.07995831
v -0.010903149 0.31357193 0.02139817
v -0.013496334 0.27970785 -0.052986145
v -0.013496334 0.27970785 -0.052986145
v -0.013983091 0.30097908 -0.012306005
v -0.0121785365 0.29804856 -0.017743282
v -0.0121785365 0.29804856 -0.017743282
v -0.012178536 0.2948451 -0.03986043
v -0.012178536 0.2948451 -0.03986043
v -0.012178536 0.29712164 -0.028980762
v -0.012178536 0.29712164 -0.028980762
v -0.0139830895 0.2985857 -0.03609004
v -0.01424993 0.2864164 -0.054214165
v -0.013994208 0.29470384 -0.047095656
v -0.010832325 0.26937002 -0.05076515
v -0.013983091 0.30145997 -0.0005068192
v -0.012178537 0.2985872 0.01563616
v -0.012178537 0.2985872 0.01563616
v -0.013983093 0.30079043 0.021724181
v -0.013983093 0.29962248 0.031270757
v -0.012178538 0.29633123 0.03455124
v -0.012178538 0.29633123 0.03455124
v -0.012178538 0.29770666 0.025299
v -0.012178538 0.29770666 0.025299
v -0.0139830895 0.3002262 -0.024338357
v -0.0121785365 0.2985983 -0.0065102563
v -0.0121785365 0.2985983 -0.0065102563
v -0.013983091 0.30146092 0.01109774
v -0.012178537 0.2989055 0.0046250047
v -0.012178537 0.2989055 0.0046250047
v -0.012162207 0.294011 0.043589957
v -0.012162207 0.294011 0.043589957
v -0.014505656 0.27532804 -0.056019567
v -0.013953244 0.26272207 -0.04839702
v -0.013953244 0.26272207 -0.04839702
v -0.013953244 0.26272207 -0.04839702
v -0.010886081 0.26276386 -0.0469487
v -0.010886081 0.26276386 -0.0469487
v -0.014165591 0.28093576 0.060936138
v -0.014284341 0.27268833 0.061606042
v -0.012918152 0.27558452 0.05981542
v -0.012918152 0.27558452 0.05981542
v -0.008195591 0.28775525 0.05019193
v -0.013759892 0.2696408 -0.052152053
v -0.013759892 0.2696408 -0.052152053
v -0.008216807 0.29607177 0.014668491
v -0.008652722 0.28761423 -0.046779126
v -0.012165713 0.28977096 0.05173836
v -0.012165713 0.28977096 0.05173836
v -0.0038397247 0.29701847 -0.10654351
v 0.006990787 0.29640186 -0.06431131
v 0.0031734933 0.2699052 -0.11003645
v 0.0031734933 0.2699052 -0.11003645
v 0.0031734933 0.2699052 -0.11003645
v -0.0038397228 0.27996367 -0.12711978
v -0.0038397228 0.27996367 -0.12711978
v -0.0040396587 0.2899241 -0.07052035
v -0.0040396587 0.2899241 -0.07052035
v -0.0032568416 0.30379134 -0.13620235
v -0.0038889896 0.30334115 -0.12166463
v -0.0032568416 0.29872972 -0.13904491
v -0.0032568432 0.30464983 -0.10059504
v -0.0038397245 0.29189843 -0.09890646
v -0.0038397245 0.29189843 -0.09890646
v -0.0037115908 0.30410504 -0.13231795
v -0.0037115908 0.30410504 -0.13231795
v -0.0038397247 0.28181517 -0.095310174
v -0.0038397247 0.28181517 -0.095310174
v -0.003839723 0.2751807 -0.12416133
v -0.003839723 0.2751807 -0.12416133
v -0.0038452898 0.2769842 -0.12633628
v -0.004612355 0.24401902 -0.14896993
v -0.004612355 0.24401902 -0.14896993
v -0.004612355 0.24401902 -0.14896993
v -0.003839724 0.2946614 -0.12176364
v -0.003839724 0.2946614 -0.12176364
v -0.0038397247 0.28715217 -0.09588965
v -0.0038397247 0.28715217 -0.09588965
v -0.0038397233 0.27167964 -0.119280696
v -0.0038397233 0.27167964 -0.119280696
v -0.0038889907 0.2914523 -0.08526173
v -0.003711592 0.29483563 -0.086611986
v -0.003711592 0.29483563 -0.086611986
v -0.008216808 0.29523307 0.024111247
v -0.0039143325 0.29934323 -0.12127043
v -0.008216806 0.29555625 -0.017189668
v -0.008216805 0.29471105 -0.02769358
v -0.00584762 0.26239294 -0.10248328
v -0.0037115917 0.2984237 -0.08926792
v -0.0037115917 0.2984237 -0.08926792
v -0.008216805 0.2926039 -0.037936695
v -0.004463849 0.28475684 -0.07398938
v -0.004463849 0.28475684 -0.07398938
v -0.003914333 0.29881227 -0.1014159
v -0.0038397247 0.29668045 -0.11927616
v -0.0038397245 0.28468335 -0.09472575
v 0.0031734933 0.28965133 -0.09710987
v 0.0031734933 0.28965133 -0.09710987
v -0.003914334 0.2868206 -0.09022264
v -0.0032143423 0.2901951 -0.07621566
v -0.005883763 0.2599355 -0.124641135
v -0.0038889907 0.29934978 -0.09129678
v -0.0038889907 0.3025552 -0.09550843
v -0.0039143334 0.30017745 -0.10762521
v -0.0038397247 0.29539818 -0.10378551
v -0.0038397247 0.29539818 -0.10378551
v -0.0038397247 0.2970351 -0.11613356
v -0.0038397247 0.2970351 -0.11613356
v -0.0038397235 0.29311967 -0.12445922
v -0.0038464887 0.28865975 -0.07730791
v -0.003869078 0.2726351 -0.12218004
v -0.0038889903 0.3034929 -0.10716769
v -0.0038397235 0.26998508 -0.11322326
v -0.0038397235 0.26998508 -0.11322326
v -0.0038889886 0.2887228 -0.13869819
v -0.003880762 0.26998353 -0.11642632
v -0.0038818673 0.26931846 -0.109962314
v -0.010396404 0.27895474 -0.051473238
v -0.009440101 0.2745381 0.058107585
v -0.008750256 0.28134155 0.056009956
v -0.008216808 0.29391783 0.033153333
v -0.008216806 0.29606783 -0.0066574076
v -0.00818979 0.29172844 0.04202041
v -0.0038397228 0.29037952 -0.12580281
v -0.0038397228 0.29037952 -0.12580281
v -0.005647725 0.25573057 -0.13351782
v -0.0037042005 0.2899447 -0.07929768
v -0.0037042005 0.2899447 -0.07929768
v -0.0038505162 0.27410257 -0.09850853
v -0.004153411 0.28424203 -0.07639848
v -0.005880049 0.26196694 -0.10970851
v -0.0038397247 0.2978046 -0.11297552
v -0.0032568427 0.30465972 -0.11408663
v -0.0038889882 0.29751152 -0.1374792
v -0.0038889905 0.3032474 -0.1007531
v -0.0032568423 0.3046531 -0.121753894
v -0.003186786 0.27615005 -0.14197311
v -0.0058654007 0.26168293 -0.1171089
v -0.0037042848 0.2839607 -0.14022534
v -0.0037042848 0.2839607 -0.14022534
v -0.003839725 0.29714066 -0.10978184
v -0.003839725 0.29714066 -0.10978184
v -0.0038397228 0.28823227 -0.12760808
v -0.0039142184 0.28371018 -0.08710407
v -0.0038397242 0.27915835 -0.0953314
v -0.0038397247 0.29005373 -0.09665197
v -0.00371159 0.3015076 -0.13772176
v -0.00371159 0.3015076 -0.13772176
v -0.003711592 0.3020749 -0.092205904
v -0.003711592 0.3020749 -0.092205904
v -0.0038397233 0.27034974 -0.10690551
v -0.0038397233 0.27034974 -0.10690551
v -0.003711592 0.3041016 -0.096395455
v -0.003711592 0.3041016 -0.096395455
v -0.0061808266 0.25529057 -0.13168384
v -0.0061808266 0.25529057 -0.13168384
v -0.0038889905 0.29496962 -0.0881481
v -0.0038889884 0.30226856 -0.13483067
v -0.0038397245 0.2943163 -0.10090194
v -0.0038889898 0.30352986 -0.114146754
v 0.0031734942 0.29383254 -0.10117032
v 0.0031734942 0.29383254 -0.10117032
v 0.0031734952 0.2774533 -0.12591834
v 0.0031734952 0.2774533 -0.12591834
v 0.0031734952 0.28261375 -0.12772186
v 0.0031734952 0.28261375 -0.12772186
v -0.0038397228 0.28530103 -0.12769632
v -0.0038397228 0.28530103 -0.12769632
v -0.003844411 0.27588278 -0.14027691
v -0.003256844 0.29104656 -0.081145585
v -0.0032568437 0.3006097 -0.0904019
v -0.0038397242 0.27674496 -0.09720748
v -0.0038397242 0.27674496 -0.09720748
v -0.0037115898 0.29419988 -0.13932031
v -0.0037115898 0.29419988 -0.13932031
v -0.003839724 0.27272058 -0.10128198
v -0.003839724 0.27272058 -0.10128198
v 0.00248869 0.25078493 -0.14908105
v -0.003914333 0.3003832 -0.114428535
v -0.0038889903 0.28948557 -0.082544014
v -0.0003331136 0.28417325 -0.1407326
v -0.00033311406 0.30459815 -0.13260363
v -0.0003331136 0.29449916 -0.13981
v -0.0003331136 0.30193532 -0.13820074
v -0.00033311546 0.3046189 -0.09629833
v -0.00033311546 0.30256563 -0.09198462
v -0.00033311313 0.2451699 -0.1510944
v -0.00033311592 0.2921614 -0.08302595
v -0.00033311592 0.29877728 -0.0889331
v -0.00033311592 0.29517746 -0.08623339
v -0.0003331164 0.290439 -0.078919314
v 0.0031734952 0.29619044 -0.1191081
v 0.0031734952 0.29619044 -0.1191081
v 0.0031734952 0.29264677 -0.124018095
v 0.0031734952 0.29264677 -0.124018095
v -0.003711592 0.291717 -0.08344163
v -0.003711592 0.291717 -0.08344163
v -0.005727794 0.26339555 -0.09129134
v -0.003875116 0.27072108 -0.1037057
v -0.00033311686 0.2931003 -0.06727589
v -0.014554182 0.26599884 -0.054317698
v -0.0038397228 0.28250104 -0.12829883
v -0.0032568437 0.29691774 -0.08763297
v -0.0039143334 0.29492337 -0.0938282
v -0.0040966445 0.29227054 -0.06779413
v -0.00599982 0.26959163 -0.08007266
v -0.005870715 0.27950597 -0.075465545
v -0.006176096 0.26360428 -0.08311349
v -0.006176096 0.26360428 -0.08311349
v -0.0041637 0.29469973 -0.06578078
v -0.006718653 0.2930565 -0.066884145
v -0.008398287 0.28815365 -0.07017379
v -0.0073309643 0.2999931 -0.060745142
v -0.0035624977 0.29011363 -0.07305043
v -0.0035624977 0.29011363 -0.07305043
v -0.0003331164 0.29081178 -0.07261745
v -0.010248764 0.29588568 0.083912425
v -0.016172165 0.285174 0.13317597
v -0.016172165 0.285174 0.13317597
v -0.006184788 0.28520858 0.13663231
v -0.006184788 0.28520858 0.13663231
v -0.01435294 0.29610562 0.08620797
v -0.01435294 0.29610562 0.08620797
v -0.0052722446 0.2975937 0.083134465
v -0.0052722446 0.2975937 0.083134465
v -0.016192934 0.27062267 0.13479628
v -0.022737294 0.28542674 0.12759791
v -0.022737294 0.28542674 0.12759791
v -0.02640248 0.2859816 0.12090631
v -0.02640248 0.2859816 0.12090631
v -0.027947534 0.28737533 0.11362016
v -0.027947534 0.28737533 0.11362016
v -0.027733572 0.28930205 0.1061472
v -0.027733572 0.28930205 0.1061472
v -0.02568496 0.29142207 0.098723546
v -0.02568496 0.29142207 0.098723546
v -0.021327047 0.29379958 0.09176092
v -0.021327047 0.29379958 0.09176092
v -0.0061843246 0.27103502 0.13819562
v -0.011804167 0.28394783 0.13555905
v -0.0003331257 0.2840591 0.13745229
v -0.0003331257 0.2840591 0.13745229
v -0.00033312337 0.29669797 0.08230647
v -0.00033312337 0.29669797 0.08230647
v -0.020208986 0.28408527 0.13074939
v -0.025211547 0.28425354 0.12441611
v -0.027733883 0.28501302 0.11730352
v -0.028416403 0.28701103 0.10984836
v -0.027382622 0.28906274 0.10233085
v -0.024306862 0.29130435 0.09495834
v -0.01859045 0.29375637 0.08840194
v -0.010855544 0.2855729 0.1345718
v -0.018823488 0.28574824 0.13015957
v -0.0003331257 0.28571767 0.13629977
v -0.017385224 0.29526776 0.08924942
v -0.009542098 0.29705733 0.08504676
v -0.00033312337 0.2977599 0.083563454
v -0.023854613 0.28623217 0.12418966
v -0.026543748 0.28733736 0.117279485
v -0.027279546 0.28899026 0.10992169
v -0.0261649 0.29092312 0.102517866
v -0.022975285 0.29306126 0.09540276
v -0.0003331257 0.26334637 0.14377944
v -0.0003331257 0.26334637 0.14377944
v -0.022779427 0.2706673 0.12756093
v -0.027613455 0.2714228 0.120771006
v -0.03225501 0.2730869 0.113527656
v -0.03414277 0.27469718 0.10504983
v -0.03224023 0.27589077 0.09599528
v -0.02760011 0.27716875 0.08726831
v -0.009546082 0.285451 0.12776722
v -0.009546082 0.285451 0.12776722
v -0.0034915677 0.28498948 0.12964976
v -0.0034915677 0.28498948 0.12964976
v -0.009748593 0.29440248 0.09244651
v -0.009748593 0.29440248 0.09244651
v -0.003599463 0.29490715 0.09049153
v -0.003599463 0.29490715 0.09049153
v -0.014739748 0.28635186 0.12414636
v -0.014739748 0.28635186 0.12414636
v -0.018517803 0.28760755 0.119152784
v -0.018517803 0.28760755 0.119152784
v -0.020520948 0.2890947 0.11327352
v -0.020520948 0.2890947 0.11327352
v -0.020558698 0.29066616 0.10708069
v -0.020558698 0.29066616 0.10708069
v -0.018626172 0.2921685 0.10117511
v -0.018626172 0.2921685 0.10117511
v -0.014904978 0.29345632 0.096131414
v -0.014904978 0.29345632 0.096131414
v -0.0054863654 0.29118496 0.08121239
v -0.013878491 0.29005706 0.08326535
v -0.0060881265 0.27726614 0.13680619
v -0.015986329 0.2773543 0.13379566
v -0.022537949 0.27765012 0.12772664
v -0.026648022 0.27797878 0.12096432
v -0.029809615 0.27946997 0.11365904
v -0.030867698 0.2814545 0.105612695
v -0.028960405 0.28312612 0.097384155
v -0.024568535 0.28493762 0.089549914
v -0.0003331229 0.289082 0.080218725
v -0.0003331229 0.289082 0.080218725
v -0.01191921 0.28831613 0.0811186
v -0.016744515 0.2880801 0.121989325
v -0.00033312337 0.29607028 0.09057761
v -0.00033312337 0.29607028 0.09057761
v -0.019666295 0.28947222 0.11650509
v -0.020697705 0.29102004 0.1104142
v -0.019738346 0.2925716 0.10431186
v -0.0067218943 0.29581815 0.09156482
v -0.0124032255 0.29509467 0.09440098
v -0.033862393 0.2585495 -0.1215499
v -0.033862393 0.2585495 -0.1215499
v -0.059698533 0.2218646 -0.1628136
v -0.053576462 0.23442179 -0.15490067
v -0.04753887 0.24580888 -0.14331968
v -0.0003331271 0.22608297 0.17011832
v -0.0003331271 0.22608297 0.17011832
v -0.04736495 0.22620136 0.16643645
v -0.0003331271 0.23671652 0.16567983
v -0.0003331271 0.23671652 0.16567983
v -0.043347657 0.23675923 0.16239107
v -0.022334365 0.24631654 0.15904725
v -0.05236913 0.24655046 0.1535592
v -0.02723119 0.2070847 -0.16646463
v -0.056280427 0.21129628 -0.16605465
v -0.0003331271 0.21474738 0.17260958
v -0.0003331271 0.21474738 0.17260958
v -0.026768595 0.20893906 0.1725131
v -0.051219773 0.21492319 0.1685445
v -0.00033312617 0.25254464 0.1545281
v -0.00033312617 0.25254464 0.1545281
v -0.05102602 0.25555944 0.14516991
v -0.00033311546 0.0016919896 -0.09295924
v -0.025864702 0.0048621222 -0.10702243
v -0.026177369 0.004509613 -0.07136121
v -0.0512303 0.0016941801 -0.09295145
v -0.00033311453 0.009922057 -0.11922352
v -0.02764809 0.016825967 -0.13050927
v -0.02764809 0.016825967 -0.13050927
v -0.053034287 0.009921826 -0.11919931
v -0.0003331136 0.025410548 -0.14054157
v -0.0003331136 0.025410548 -0.14054157
v -0.028226059 0.03545948 -0.1491463
v -0.055869244 0.025409706 -0.14051007
v -0.054897364 0.25882572 -0.12208055
v -0.054897364 0.25882572 -0.12208055
v -0.00033311266 0.046728596 -0.15603004
v -0.00033311266 0.046728596 -0.15603004
v -0.028309442 0.058938757 -0.1611113
v -0.05618913 0.04672715 -0.1559951
v -0.00033311266 0.07166055 -0.1642601
v -0.00033311266 0.07166055 -0.1642601
v -0.028298657 0.083865374 -0.16593197
v -0.05627253 0.07161905 -0.16422437
v -0.00033312477 0.0010468289 0.121373385
v -0.026238048 0.0031191707 0.10742023
v -0.028095443 0.0033462942 0.13009486
v -0.028095443 0.0033462942 0.13009486
v -0.05336478 0.0010467395 0.11724967
v -0.0003331257 0.0070161447 0.13993205
v -0.0003331257 0.0070161447 0.13993205
v -0.028584199 0.012023151 0.1472598
v -0.056427553 0.007016346 0.13548866
v -0.00033312663 0.018250033 0.15542474
v -0.00033312663 0.018250033 0.15542474
v -0.028631447 0.02553767 0.160782
v -0.056609403 0.018250503 0.1509492
v -0.0003331271 0.03371214 0.16667013
v -0.0003331271 0.03371214 0.16667013
v -0.028691169 0.04256697 0.16946323
v -0.05671767 0.03371294 0.1621672
v -0.0003331271 0.052431427 0.1726468
v -0.0003331271 0.052431427 0.1726468
v -0.028710859 0.06578424 0.17295219
v -0.056824535 0.052432515 0.16811897
v -0.026120836 0.006455943 0.0941017
v -0.0003331271 0.20266184 0.17379035
v -0.0003331271 0.20266184 0.17379035
v -0.027948491 0.1944243 0.17320174
v -0.054325376 0.20276023 0.16944863
v -0.0003331122 0.095989406 -0.16652147
v -0.0003331122 0.095989406 -0.16652147
v -0.056120154 0.095096335 -0.16648605
v -0.020314056 0.26106614 -0.08716701
v -0.05001706 0.26006567 0.13712358
v -0.0003331271 0.18216534 0.17417316
v -0.0003331271 0.18216534 0.17417316
v -0.055767044 0.18216963 0.16971841
v -0.0003331122 0.20256555 -0.16658786
v -0.0003331122 0.20256555 -0.16658786
v -0.027626807 0.19608426 -0.16663222
v -0.054600492 0.20259276 -0.16654316
v -0.0003331271 0.1376784 0.17425247
v -0.0003331271 0.1376784 0.17425247
v -0.05625501 0.13767843 0.16975467
v -0.0003331271 0.084967345 0.17426048
v -0.0003331271 0.084967345 0.17426048
v -0.056706812 0.08496799 0.16973032
v -0.0003331122 0.18525942 -0.16660878
v -0.0003331122 0.18525942 -0.16660878
v -0.055031855 0.18597302 -0.16656856
v -0.0003331122 0.13989316 -0.1666088
v -0.0003331122 0.13989316 -0.1666088
v -0.05553152 0.13974608 -0.16657206
v -0.02679682 0.0077802166 0.055014037
v -0.00033311918 0.007869288 -0.009914131
v -0.052894685 0.0073310435 -0.009974417
v -0.08222353 0.19656478 -0.16614357
v -0.08104213 0.2070708 -0.16597734
v -0.061510634 0.26019144 -0.10241695
v -0.05895888 0.2588517 0.13765389
v -0.05895888 0.2588517 0.13765389
v -0.082382515 0.19448407 0.16426243
v -0.07883675 0.20923077 0.16381377
v -0.077633776 0.0045381933 -0.07134313
v -0.07763377 0.0048664287 -0.10690736
v -0.08426975 0.05891773 -0.16056088
v -0.084233545 0.08324989 -0.16538781
v -0.0822845 0.016820058 -0.13021043
v -0.0822845 0.016820058 -0.13021043
v -0.08402034 0.035443872 -0.14869171
v -0.08462468 0.042587876 0.160434
v -0.08467598 0.06580847 0.16387708
v -0.07763378 0.0038490817 0.08665478
v -0.07436511 0.0022895709 0.09811612
v -0.08287589 0.0033478886 0.12140539
v -0.08287589 0.0033478886 0.12140539
v -0.08445689 0.025549814 0.15182729
v -0.084328026 0.012028806 0.13838607
v -0.077633776 0.0046549737 0.050946623
v -0.00033312663 0.24567874 0.16048126
v -0.00033312663 0.24567874 0.16048126
v -0.04550219 0.2556473 -0.12816711
v -0.058825057 0.260198 0.12884635
v -0.016910102 0.2611245 0.0709837
v -0.015665142 0.2622283 0.071278766
v -0.015665142 0.2622283 0.071278766
v -0.013724098 0.26213002 0.054479517
v -0.013724098 0.26213002 0.054479517
v -0.013724098 0.26213002 0.054479517
v -0.014761666 0.2611025 0.05279398
v -0.0101951 0.26206368 0.051575877
v -0.0101951 0.26206368 0.051575877
v -0.010740819 0.26107985 0.049737334
v -0.031953678 0.26026416 0.1303684
v -0.02998604 0.26102918 0.13006343
v -0.02998604 0.26102918 0.13006343
v -0.036150817 0.26046205 0.12127502
v -0.034219198 0.26134026 0.12140569
v -0.034219198 0.26134026 0.12140569
v -0.038221817 0.26061702 0.11212422
v -0.036557674 0.2616642 0.112627484
v -0.036557674 0.2616642 0.112627484
v -0.03841835 0.2607084 0.10435182
v -0.036921028 0.26182377 0.10423073
v -0.036921028 0.26182377 0.10423073
v -0.03649931 0.26074308 0.095772274
v -0.03505889 0.26185936 0.095374286
v -0.03505889 0.26185936 0.095374286
v -0.030530069 0.25957668 0.14066471
v -0.022981932 0.25449735 0.15156564
v -0.022646785 0.26082015 0.14032388
v -0.022646785 0.26082015 0.14032388
v -0.03183391 0.2607361 0.08597897
v -0.030546991 0.26185292 0.08608233
v -0.030546991 0.26185292 0.08608233
v -0.014340319 0.26624298 0.059974343
v -0.014866633 0.2667063 0.06750877
v -0.016353749 0.2660945 0.07504474
v -0.016353749 0.2660945 0.07504474
v -0.021059845 0.26585096 0.0783484
v -0.045155637 0.26025152 0.109192856
v -0.035925426 0.2648238 0.1087649
v -0.035342015 0.26520765 0.09983344
v -0.033658326 0.26409107 0.117165074
v -0.045290176 0.26030952 0.091558106
v -0.032210145 0.26550722 0.090660214
v -0.038227487 0.25843352 0.14390549
v -0.038227487 0.25843352 0.14390549
v -0.04300108 0.26011997 0.13273408
v -0.014209056 0.26331127 0.14237659
v -0.024139548 0.2631179 0.13363552
v -0.027031757 0.26575762 0.08264914
v -0.04573741 0.26021886 0.12278418
v -0.029801143 0.26337326 0.12523212
v -0.010035887 0.25798696 0.14923435
v -0.011010219 0.25543326 0.15159282
v -0.024522776 0.25996363 0.14087097
v -0.00913445 0.25978285 0.14754637
v -0.00913445 0.25978285 0.14754637
v -0.00806242 0.2606063 -0.10821635
v -0.009008822 0.29518938 -0.06520743
v -0.016095968 0.26073617 -0.050694026
v -0.008324118 0.2607187 -0.1014319
v -0.007029701 0.26131976 -0.089876056
v -0.0065499446 0.26162404 -0.08639246
v -0.011707176 0.2885915 -0.06961378
v -0.0080897175 0.2580291 -0.12308682
v -0.0080897175 0.2580291 -0.12308682
v -0.012216169 0.28698015 0.12633075
v -0.016880998 0.2939756 0.098794095
v -0.0065408694 0.28628033 0.12910146
v -0.00033312524 0.28604496 0.13003665
v -0.008424006 0.25994873 -0.11585102
v 0.0031734952 0.28792018 -0.12704885
v 0.0031734952 0.28792018 -0.12704885
v -0.00033311266 0.23428097 -0.15624543
v -0.00033311266 0.23428097 -0.15624543
v -0.00033311266 0.23428097 -0.15624543
v 0.0031734933 0.28450298 -0.095284656
v 0.0031734933 0.28450298 -0.095284656
v 0.0031734933 0.27455825 -0.0990044
v 0.0031734933 0.27455825 -0.0990044
v 0.0031734933 0.2791949 -0.09595831
v 0.0031734933 0.2791949 -0.09595831
v 0.0030453638 0.2893576 -0.13983771
v 0.0030453638 0.2893576 -0.13983771
v -0.07231562 0.2591756 0.046733394
v -0.07231562 0.2591756 0.046733394
v -0.06366172 0.260253 0.05399683
v 0.0029869177 0.27607048 -0.14146265
v 0.0029869177 0.27607048 -0.14146265
v 0.003045363 0.30337507 -0.13583177
v 0.003045363 0.30337507 -0.13583177
v 0.003045362 0.3043331 -0.107096374
v 0.003045362 0.3043331 -0.107096374
v 0.003045362 0.30434334 -0.11410183
v 0.003045362 0.30434334 -0.11410183
v 0.0030453638 0.2984118 -0.13862021
v 0.0030453638 0.2984118 -0.13862021
v 0.003045362 0.30348098 -0.0940796
v 0.003045362 0.30348098 -0.0940796
v 0.003045362 0.30426466 -0.10063635
v 0.003045362 0.30426466 -0.10063635
v 0.003045363 0.3042904 -0.12173087
v 0.003045363 0.3042904 -0.12173087
v 0.003045361 0.30024636 -0.09065205
v 0.003045361 0.30024636 -0.09065205
v 0.003045361 0.29663253 -0.08795221
v 0.003045361 0.29663253 -0.08795221
v 0.00304536 0.29062402 -0.08151094
v 0.00304536 0.29062402 -0.08151094
v 0.00304536 0.2931499 -0.08513894
v 0.00304536 0.2931499 -0.08513894
v 0.008147897 0.28137058 -0.074048966
v -0.014709827 0.30771506 0.03554081
v -0.010323772 0.3119908 0.037824303
v -0.013704002 0.30902195 0.03623689
v -0.013704002 0.30902195 0.03623689
v 0.00831745 0.2703272 -0.07932273
v 0.008536732 0.26359493 -0.08280636
v 0.008536732 0.26359493 -0.08280636
v 0.0047900486 0.29413468 -0.066153795
v 0.024109272 0.27774805 0.12436426
v 0.0061018732 0.29471505 0.09123492
v 0.0061018732 0.29471505 0.09123492
v 0.005919066 0.2851619 0.1289428
v 0.005919066 0.2851619 0.1289428
v 0.02764774 0.27852124 0.117431805
v 0.03313355 0.27399313 0.10943483
v 0.02933702 0.27216023 0.1172957
v 0.024556907 0.270926 0.124129534
v 0.019232133 0.27058595 0.13116528
v 0.030109031 0.2805434 0.1096922
v 0.010927875 0.27078104 0.13741153
v 0.009736201 0.2904448 0.08187647
v 0.010921828 0.28512037 0.13525979
v 0.010921828 0.28512037 0.13525979
v 0.019210087 0.2853034 0.13056587
v 0.019210087 0.2853034 0.13056587
v 0.017495457 0.2950002 0.08873382
v 0.017495457 0.2950002 0.08873382
v 0.009342736 0.2970059 0.08430716
v 0.009342736 0.2970059 0.08430716
v 0.02420498 0.28561902 0.12435691
v 0.02420498 0.28561902 0.12435691
v 0.026742088 0.2865638 0.117308006
v 0.026742088 0.2865638 0.117308006
v 0.027385281 0.2883203 0.10988762
v 0.027385281 0.2883203 0.10988762
v 0.026295109 0.2903273 0.10241728
v 0.026295109 0.2903273 0.10241728
v 0.023163283 0.29258573 0.09513909
v 0.023163283 0.29258573 0.09513909
v 0.03284999 0.2752868 0.10051973
v 0.029592244 0.27653337 0.09152733
v 0.024345726 0.2775761 0.08387692
v 0.029538503 0.28227192 0.101488754
v 0.011624943 0.28585064 0.12615469
v 0.011624943 0.28585064 0.12615469
v 0.011812856 0.29397923 0.094092086
v 0.011812856 0.29397923 0.094092086
v 0.016166028 0.28694218 0.12179361
v 0.016166028 0.28694218 0.12179361
v 0.019091615 0.28833097 0.116289616
v 0.019091615 0.28833097 0.116289616
v 0.020124488 0.28987956 0.110178724
v 0.020124488 0.28987956 0.110178724
v 0.019165896 0.29143542 0.10405476
v 0.019165896 0.29143542 0.10405476
v 0.016304957 0.29284775 0.09851176
v 0.016304957 0.29284775 0.09851176
v 0.026405452 0.28403926 0.09335801
v 0.021463444 0.28543562 0.086442366
v 0.019086445 0.27736396 0.079925016
v 0.019016985 0.27754438 0.13094203
v 0.01075758 0.2772203 0.13585596
v 0.017326016 0.28414756 0.08221541
v 0.05341915 0.20707361 -0.16639072
v 0.04356967 0.2587114 -0.12136863
v 0.04356967 0.2587114 -0.12136863
v 0.04991705 0.2587418 0.14089312
v 0.04991705 0.2587418 0.14089312
v 0.05226144 0.20906441 0.16909982
v 0.051355068 0.004514925 -0.071357846
v 0.05556549 0.08360827 -0.16587475
v 0.0507254 0.004863046 -0.10699818
v 0.054281037 0.016825087 -0.13046432
v 0.054281037 0.016825087 -0.13046432
v 0.05542761 0.03545765 -0.1490929
v 0.05558813 0.058936566 -0.16105403
v 0.05614862 0.06578599 0.16930407
v 0.051265404 0.0028913245 0.10431239
v 0.05611061 0.0425686 0.1658283
v 0.055993933 0.025538713 0.15716843
v 0.055903472 0.012023672 0.14366697
v 0.0549311 0.0033464953 0.12658042
v 0.0549311 0.0033464953 0.12658042
v 0.05106804 0.0059774145 0.0911284
v 0.060070153 0.2601924 0.11096467
v 0.054622166 0.19445081 0.16964082
v 0.0542165 0.19628899 -0.16656671
v 0.061710898 0.26025105 0.09333049
v 0.049126904 0.26037627 -0.09329169
v 0.05253691 0.0072353706 0.053374313
v 0.058632102 0.2603007 -0.0039101886
v 0.05939619 0.26019055 0.12073237
v 0.037013564 0.26049244 0.07008265
v 0.014240645 0.26217538 0.057830535
v 0.014240645 0.26217538 0.057830535
v 0.015405392 0.2611174 0.05639392
v 0.016027976 0.2611311 0.06634807
v 0.014797902 0.26222456 0.06694113
v 0.014797902 0.26222456 0.06694113
v 0.017692132 0.2610572 0.07469762
v 0.01638507 0.26217806 0.074817635
v 0.01638507 0.26217806 0.074817635
v 0.01638507 0.26217806 0.074817635
v -0.13127486 0.044106968 0.05538115
v -0.13186924 0.05663368 0.055312358
v -0.13451022 0.05801551 0.03900995
v -0.13245438 0.044014566 0.03475041
v -0.13245438 0.044014566 0.03475041
v -0.13209307 0.044061787 0.035597265
v -0.13247028 0.07749473 0.0544146
v 0.040213358 0.26023424 0.109969616
v 0.036346126 0.26176727 0.10839393
v 0.036346126 0.26176727 0.10839393
v 0.037872102 0.26067024 0.108060986
v 0.04036153 0.2602824 0.10240993
v 0.035610717 0.26184887 0.09994418
v 0.035610717 0.26184887 0.09994418
v 0.03710948 0.26073223 0.100421764
v 0.023103332 0.25787544 0.14715306
v 0.023103332 0.25787544 0.14715306
v 0.017754177 0.2592892 0.14601403
v 0.017754177 0.2592892 0.14601403
v 0.016177038 0.26046968 0.14505874
v 0.016177038 0.26046968 0.14505874
v 0.016177038 0.26046968 0.14505874
v 0.03835976 0.26030695 0.09134839
v 0.03247403 0.26185983 0.09064741
v 0.03247403 0.26185983 0.09064741
v 0.03382473 0.26074368 0.090751424
v 0.031840406 0.26051486 0.081136905
v 0.022819355 0.26082605 0.078161955
v 0.02135502 0.2619835 0.07819003
v 0.02135502 0.2619835 0.07819003
v 0.03942934 0.2601527 0.12078591
v 0.03494409 0.26151752 0.116973385
v 0.03494409 0.26151752 0.116973385
v 0.036775373 0.26054758 0.11657578
v 0.031701718 0.26116675 0.12577847
v 0.031701718 0.26116675 0.12577847
v 0.0336702 0.26036584 0.12592234
v 0.03495339 0.2599768 0.13285664
v 0.028129658 0.26015687 0.13522406
v 0.026184373 0.26093018 0.13482301
v 0.026184373 0.26093018 0.13482301
v 0.027353486 0.26184666 0.08248045
v 0.027353486 0.26184666 0.08248045
v -0.01426995 0.28814405 -0.06882994
v -0.01426995 0.28814405 -0.06882994
v -0.014768433 0.29333252 -0.063769184
v -0.014613712 0.2902968 -0.06692094
v -0.0105133075 0.29574913 -0.06464097
v -0.017655771 0.26158136 -0.080907784
v 0.028657192 0.26071948 0.08231463
v 0.030506073 0.26040214 -0.10502972
v 0.014913427 0.26085168 -0.08863203
v 0.016238032 0.26163805 -0.08305337
v 0.010030769 0.26092142 -0.0889488
v 0.009302892 0.26127726 -0.086193524
v 0.012931738 0.26121646 -0.08582191
v 0.010629397 0.29256642 -0.06697605
v 0.0041236547 0.22360437 -0.16227624
v 0.013639022 0.29065633 -0.06706096
v 0.013639022 0.29065633 -0.06706096
v 0.014117248 0.28975165 -0.06663498
v 0.06664932 0.25879002 -0.11233376
v 0.06664932 0.25879002 -0.11233376
v 0.114865325 0.20836212 0.14115258
v 0.0963275 0.22151245 -0.15483941
v 0.0963275 0.22151245 -0.15483941
v 0.0853179 0.23358761 -0.14777419
v 0.0853179 0.23358761 -0.14777419
v 0.07563255 0.24523486 -0.13711601
v 0.07563255 0.24523486 -0.13711601
v 0.09132941 0.22595273 0.15187061
v 0.09132941 0.22595273 0.15187061
v 0.08311717 0.23633991 0.14834516
v 0.08311717 0.23633991 0.14834516
v 0.07497869 0.24614967 0.14293934
v 0.07497869 0.24614967 0.14293934
v 0.104256794 0.21127178 -0.157758
v 0.104256794 0.21127178 -0.157758
v 0.06765782 0.25542992 -0.12446942
v 0.06765782 0.25542992 -0.12446942
v 0.06719141 0.25547928 0.1359644
v 0.06719141 0.25547928 0.1359644
v 0.09922184 0.21485977 0.1536627
v 0.09922184 0.21485977 0.1536627
v 0.10143475 0.0020208508 -0.09178305
v 0.104823835 0.009882055 -0.115430675
v 0.104823835 0.009882055 -0.115430675
v 0.11013738 0.025247864 -0.13440362
v 0.11013738 0.025247864 -0.13440362
v 0.11048467 0.046419315 -0.14851063
v 0.11048467 0.046419315 -0.14851063
v 0.11054171 0.07138336 -0.15627374
v 0.11054171 0.07138336 -0.15627374
v 0.10711882 0.20234627 -0.15849902
v 0.10711882 0.20234627 -0.15849902
v 0.104299195 0.0010902584 0.10443636
v 0.11021557 0.0070631728 0.1215041
v 0.11021557 0.0070631728 0.1215041
v 0.110401526 0.018365905 0.1363786
v 0.110401526 0.018365905 0.1363786
v 0.110487804 0.03392276 0.14718291
v 0.110487804 0.03392276 0.14718291
v 0.1106384 0.052743092 0.1529243
v 0.1106384 0.052743092 0.1529243
v 0.11038793 0.0851558 0.15449482
v 0.11038793 0.0851558 0.15449482
v 0.12203806 0.08329293 -0.14143798
v 0.12199048 0.05798316 -0.13671559
v 0.1216838 0.034726612 -0.12781751
v 0.12003683 0.016514942 -0.11477379
v 0.11509679 0.0052913576 -0.09984256
v 0.11509679 0.0052913576 -0.09984256
v 0.069334365 0.25887752 -0.09363026
v 0.069334365 0.25887752 -0.09363026
v 0.11682617 0.20676969 -0.1410527
v 0.104783356 5.4441392E-05 -0.010094357
v 0.1294496 0.07983667 -0.09632985
v 0.12853971 0.05586601 -0.09640177
v 0.12759863 0.033595838 -0.09336447
v 0.12646754 0.016033486 -0.08935157
v 0.122652 0.0051792264 -0.08757179
v 0.122652 0.0051792264 -0.08757179
v 0.12284849 0.009803973 -0.097978994
v 0.12482209 0.024494946 -0.106066495
v -0.00033311266 0.22444616 -0.16195302
v -0.00033311266 0.22444616 -0.16195302
v -0.0046123546 0.23476543 -0.15541597
v -0.0046123546 0.23476543 -0.15541597
v 0.1255864 0.04495032 -0.113405295
v 0.12606648 0.07024817 -0.11806097
v 0.122132264 0.20128086 -0.119867004
v 0.11853649 0.21123059 -0.119215064
v 0.073489286 0.2553627 -0.10477539
v 0.08319269 0.24510066 -0.1088461
v 0.0950474 0.23345996 -0.11423437
v 0.10864351 0.22145458 -0.11781253
v 0.06534271 0.25876337 0.12316121
v 0.06534271 0.25876337 0.12316121
v 0.10174385 -9.6820295E-05 0.091782376
v 0.12280426 0.06690417 0.14066827
v 0.12235799 0.043460168 0.13764843
v 0.12195016 0.026161917 0.12982188
v 0.12178121 0.012270182 0.11823808
v 0.11964618 0.0034237728 0.10341018
v 0.11964618 0.0034237728 0.10341018
v 0.07235165 0.25530207 0.11437776
v 0.11655792 0.21276343 0.12507546
v 0.12602387 0.0074055046 0.09139063
v 0.1172949 0.0011294559 0.08188774
v 0.12662625 0.019214302 0.10019024
v 0.12611085 0.03620147 0.117650434
v 0.12689355 0.05457034 0.12221134
v 0.1230846 0.20205335 0.12497826
v 0.08296069 0.2454264 0.1188388
v 0.093745954 0.23472102 0.122118354
v 0.105470195 0.22358234 0.12415914
v 0.10814165 0.18697535 -0.15911816
v 0.10814165 0.18697535 -0.15911816
v 0.10554891 0.20277745 0.15435113
v 0.10554891 0.20277745 0.15435113
v 0.12322871 0.18341102 -0.124396734
v 0.12512462 0.18116537 0.12681124
v 0.12623101 0.19626693 -0.09736357
v 0.1189038 0.19524689 -0.1421213
v 0.11968152 0.19433747 0.14119773
v 0.1287482 0.17468078 -0.09100492
v 0.1287482 0.17468078 -0.09100492
v 0.12906851 0.18148349 -0.083066024
v 0.12906851 0.18148349 -0.083066024
v 0.13047206 0.18285169 0.043538347
v 0.13047206 0.18285169 0.043538347
v 0.1290884 0.18084367 0.08928867
v 0.1290884 0.18084367 0.08928867
v 0.12883596 0.17327859 0.09648807
v 0.12883596 0.17327859 0.09648807
v 0.12959833 0.13827899 0.09612689
v 0.12959833 0.13827899 0.09612689
v 0.1305956 0.10427959 0.09491153
v 0.1305956 0.10427959 0.09491153
v 0.13112047 0.0981047 0.0890809
v 0.13112047 0.0981047 0.0890809
v 0.13277404 0.09687622 -0.009757942
v 0.13277404 0.09687622 -0.009757942
v 0.13130389 0.0985793 -0.08302117
v 0.13130389 0.0985793 -0.08302117
v 0.13063094 0.10522097 -0.09116573
v 0.13063094 0.10522097 -0.09116573
v 0.12952898 0.14003463 -0.0917963
v 0.12952898 0.14003463 -0.0917963
v 0.11033446 0.09352383 -0.1590113
v 0.11033446 0.09352383 -0.1590113
v 0.129087 0.18054974 -0.09036676
v 0.13124736 0.09820446 0.09435322
v 0.12919298 0.17981648 0.0960995
v 0.12645416 0.1737843 -0.08914205
v 0.12645416 0.1737843 -0.08914205
v 0.12672922 0.1797483 -0.08209237
v 0.12672922 0.1797483 -0.08209237
v 0.12808271 0.1807523 0.04333867
v 0.12808271 0.1807523 0.04333867
v 0.12675008 0.17905968 0.088291876
v 0.12675008 0.17905968 0.088291876
v 0.12653881 0.17243446 0.09464073
v 0.12653881 0.17243446 0.09464073
v 0.12729418 0.13833785 0.09406917
v 0.12729418 0.13833785 0.09406917
v 0.12824458 0.10521875 0.0931484
v 0.12824458 0.10521875 0.0931484
v 0.12867814 0.09994208 0.08828155
v 0.12867814 0.09994208 0.08828155
v 0.13026811 0.09924091 -0.009750208
v 0.13026811 0.09924091 -0.009750208
v 0.12887058 0.10038249 -0.08211794
v 0.12887058 0.10038249 -0.08211794
v 0.12828957 0.10617002 -0.089308776
v 0.12828957 0.10617002 -0.089308776
v 0.12722823 0.14003457 -0.089735284
v 0.12722823 0.14003457 -0.089735284
v 0.12965496 0.100819714 0.09199872
v 0.12965496 0.100819714 0.09199872
v 0.12772502 0.1775984 0.09345637
v 0.12772502 0.1775984 0.09345637
v 0.12842643 0.18168089 -0.0677193
v 0.12767737 0.17866355 -0.08747926
v 0.12767737 0.17866355 -0.08747926
v 0.13065492 0.09856942 -0.06753285
v 0.12976356 0.1012636 -0.087659486
v 0.12976356 0.1012636 -0.087659486
v 0.12620227 0.17140318 -0.08515812
v 0.12637487 0.17547016 -0.080219746
v 0.1276448 0.1757711 0.0429091
v 0.12641604 0.17494984 0.08605391
v 0.12628897 0.17044242 0.09045651
v 0.12703133 0.13865748 0.09060051
v 0.127863 0.107554026 0.0891906
v 0.12812726 0.104059346 0.08610951
v 0.1295598 0.104148775 -0.009669939
v 0.12828974 0.10474363 -0.08034787
v 0.1279153 0.10861166 -0.085324496
v 0.12698767 0.1400009 -0.08618359
v 0.12815122 0.108111866 -0.08146774
v 0.12804653 0.10719729 0.086374864
v 0.12864934 0.10728751 -0.067315474
v 0.12647845 0.1713682 0.08680718
v 0.12641267 0.1720175 -0.08130462
v 0.12688372 0.17288843 -0.0672358
v 0.1084714 0.18218242 0.15451609
v 0.1084714 0.18218242 0.15451609
v 0.10946952 0.13768746 0.15453812
v 0.10946952 0.13768746 0.15453812
v 0.12707932 0.088400036 0.12641843
v 0.12783256 0.20691152 0.045477286
v 0.12687947 0.20218909 0.09366421
v 0.122027285 0.211717 0.094228856
v 0.1099737 0.22268894 0.094100915
v 0.09575505 0.23537119 0.093600996
v 0.084699154 0.24688543 0.092899054
v 0.07400751 0.2566871 0.09347752
v 0.071612775 0.25903857 -0.008835738
v 0.071612775 0.25903857 -0.008835738
v 0.12357036 0.2067343 -0.0990715
v 0.13010629 0.19785921 -0.0103082955
v 0.1275195 0.2023219 -0.073847786
v 0.123806424 0.2112708 -0.07411242
v 0.11325062 0.2216353 -0.07411359
v 0.09903034 0.23393197 -0.07374
v 0.087034285 0.245571 -0.073134035
v 0.076387815 0.25561434 -0.073232785
v 0.13002099 0.18479465 -0.068486854
v 0.10925215 0.13942996 -0.15951465
v 0.10925215 0.13942996 -0.15951465
v 0.12047926 0.13962787 -0.1445757
v 0.12562448 0.09631549 -0.1242677
v 0.117081985 0.0019246712 -0.07033546
v 0.13335326 0.0740854 -0.010418192
v 0.13263223 0.052456707 -0.010798834
v 0.13015957 0.015541106 -0.0099806
v 0.1261472 0.0043711513 -0.010031095
v 0.1261472 0.0043711513 -0.010031095
v 0.12744755 0.009302966 -0.06975077
v 0.12911126 0.023922093 -0.070747785
v 0.13041086 0.043359846 -0.07177788
v 0.13136625 0.06606802 -0.07237743
v 0.13242526 0.0950936 -0.06806569
v 0.129216 0.007916883 0.04993788
v 0.11940345 0.0012396574 0.048242524
v 0.13118522 0.03986813 0.07078675
v 0.13222203 0.05756682 0.070077784
v 0.12763457 0.17596386 -0.008763792
v 0.12808423 0.18093903 -0.009006377
v 0.12808423 0.18093903 -0.009006377
v 0.13238715 0.09656241 0.051766098
v 0.13238715 0.09656241 0.051766098
v 0.12783521 0.20696019 -0.010682158
v 0.13157059 0.033161215 -0.010496445
v 0.12924725 0.10374748 0.049530447
v 0.12989962 0.098867044 0.051121607
v 0.12989962 0.098867044 0.051121607
v 0.13013743 0.19760136 0.044916138
v 0.13047612 0.18303798 -0.009162169
v 0.13047612 0.18303798 -0.009162169
v 0.13127947 0.09923653 -0.090483576
v -0.101454474 0.2248288 0.1394889
v -0.091192886 0.2353803 0.13661873
v -0.081145175 0.24555181 0.13210653
v -0.0720329 0.2553643 -0.11585327
v -0.115379274 0.21124615 -0.14059882
v -0.1184839 0.20240696 0.14124203
v -0.119942546 0.18577947 -0.14349908
v -0.12329302 0.053460136 0.13964164
v -0.1227866 0.034508742 0.13437903
v -0.12247106 0.018640839 0.12454045
v -0.11803488 0.009828344 -0.10758198
v -0.11603917 0.0029087216 -0.08948395
v -0.1262674 0.009560898 -0.08778821
v -0.12199907 0.024909727 -0.12165456
v -0.12252406 0.04577177 -0.13284338
v -0.12273033 0.0710365 -0.13949503
v -0.11878911 0.20172055 -0.14151247
v -0.11962887 0.0015297607 -0.01007358
v -0.12198961 0.21124507 -0.09895706
v -0.0756855 0.2554313 -0.09290535
v -0.08137878 0.24507456 -0.12441897
v -0.09284421 0.23342057 -0.13278142
v -0.10592148 0.22144221 -0.13833104
v -0.071274415 0.25527585 0.12616481
v -0.11140888 0.21391663 0.14086267
v -0.122242376 0.007165082 0.11111754
v -0.11464063 0.0010878965 0.09589554
v -0.13154288 0.023904085 -0.010770537
v -0.13372345 0.06350069 -0.010672819
v -0.12334379 0.08580744 0.14142926
v -0.12243246 0.09426675 -0.14335948
v -0.12991232 0.20250596 -0.010540936
v -0.1305637 0.0990173 0.088764474
v -0.12835605 0.17289902 0.09557522
v -0.12904827 0.14004453 -0.090765856
v -0.12856834 0.18068081 -0.08255478
v -0.13369687 0.09371372 0.061901785
v -0.12911688 0.13829209 0.0951007
v -0.12994368 0.18180503 0.04345621
v -0.13075925 0.09942363 -0.08255239
v -0.13009116 0.10469201 0.09404079
v -0.12858598 0.17996487 0.0888163
v -0.13013458 0.10562022 -0.090203464
v -0.1282719 0.17432015 -0.09003778
v -0.12905121 0.13917685 0.043031916
v -0.12839046 0.1722611 -0.0089941155
v -0.12789628 0.13894172 0.08711142
v -0.12788163 0.14002165 -0.08215211
v -0.12126047 0.18208526 0.1415257
v -0.13057166 0.13825311 0.098656535
v -0.12243567 0.1377162 0.14164287
v -0.11520842 0.22181807 -0.010922366
v -0.100682914 0.23442902 -0.010991047
v -0.08897951 0.24611087 -0.011064639
v -0.13011843 0.18283205 0.09050902
v -0.12566864 0.20175411 -0.099082805
v -0.1260994 0.21132003 0.04564432
v -0.111796476 0.22151671 -0.0983929
v -0.097895056 0.23362 -0.0967011
v -0.085887834 0.24524935 -0.09413112
v -0.13044047 0.14000249 -0.094382085
v -0.13157724 0.1043203 -0.09362803
v -0.12769783 0.024148054 -0.09137024
v -0.12877946 0.044171736 -0.09502072
v -0.12956277 0.06837885 -0.09736935
v -0.13227251 0.09571172 0.089897804
v -0.13180766 0.09778665 0.051473513
v -0.1321865 0.098152794 -0.009794647
v -0.1292517 0.13952841 -0.00921108
v -0.13280787 0.04249174 -0.010746617
v -0.13226338 0.039846778 0.07360871
v -0.13226338 0.039846778 0.07360871
v -0.13384995 0.039518707 0.03514938
v -0.13384995 0.039518707 0.03514938
v -0.13411447 0.043954454 0.03367424
v -0.13411447 0.043954454 0.03367424
v -0.1345303 0.07952162 0.052100755
v -0.1345303 0.07952162 0.052100755
v -0.13437316 0.07959348 0.056285955
v -0.13437316 0.07959348 0.056285955
v -0.13322699 0.05732528 0.070591815
v -0.13322699 0.05732528 0.070591815
v -0.13449493 0.057962507 0.039650157
v -0.13449493 0.057962507 0.039650157
v -0.13226943 0.044031233 0.07687026
v -0.13226943 0.044031233 0.07687026
v -0.12985505 0.10719912 0.048625447
v -0.0988557 0.23558278 0.045987703
v -0.08773754 0.24738945 0.04625365
v -0.12619624 0.21128543 -0.010792688
v -0.13253692 0.049036145 0.0759439
v -0.12993881 0.20233883 0.04524757
v -0.13234037 0.06691919 0.083494306
v -0.12980367 0.0089729205 -0.00995603
v -0.07861923 0.2557999 -0.010971215
v -0.13159034 0.18532582 -0.009308601
v -0.12994689 0.18199338 -0.009095145
v -0.13012516 0.107649565 -0.010053586
v -0.11408571 0.22226797 0.04580538
v -0.1281917 0.17217019 0.043250643
v -0.13191767 0.05724629 0.08495851
v -0.131586 0.18514127 0.04371362
v -0.12979956 0.17415303 0.098812886
v -0.13006763 0.18326879 -0.08437963
v -0.13160643 0.10316511 0.097186044
v -0.13218911 0.04390432 0.07749476
v -0.13093412 0.041920952 0.0872541
v -0.1296475 0.17549692 -0.09348468
v -0.13402043 0.09394105 -0.0095371045
v -0.13240416 0.09667641 -0.084231906
v 0.002590613 0.3046584 -0.10707228
v 0.0024788477 0.29151267 -0.069526196
v 0.0024788477 0.29151267 -0.069526196
v 0.014043583 0.3014223 0.054797076
v 0.014968278 0.26352787 -0.07617451
v 0.014968278 0.26352787 -0.07617451
v 0.00900124 0.31376582 -0.021026596
v 0.002590612 0.29348946 -0.084795654
v 0.0025906125 0.30394995 -0.09394496
v 0.00965753 0.31456506 0.0013390593
v 0.0142109245 0.28311414 0.075850114
v 0.009001236 0.31107372 0.043121643
v 0.011297362 0.28719926 0.07760106
v 0.009001236 0.30248922 0.06228456
v 0.014347348 0.27710485 0.072737224
v 0.014190568 0.2739969 0.067870095
v 0.010946298 0.29912835 -0.06100609
v 0.014232403 0.2704854 -0.073771276
v 0.010362249 0.30663162 -0.049500845
v 0.014044426 0.30569386 -0.040865317
v 0.009657532 0.31287366 -0.028425865
v 0.00965753 0.31403196 -0.013537999
v 0.0136973765 0.31025594 0.020120988
v 0.014069108 0.28757572 0.06910318
v 0.013697378 0.307989 -0.03458998
v 0.014043586 0.30845416 -0.027377645
v 0.0140435845 0.30956995 -0.012957123
v 0.00965753 0.3144225 0.015316639
v -0.032083344 0.21131952 -0.16597666
v 0.0136973765 0.31054187 -0.0058749467
v 0.010236908 0.31420362 0.008435106
v 0.0136973765 0.30982667 -0.0203195
v 0.009643538 0.30974317 -0.042913377
v 0.010460259 0.29464698 0.06897231
v 0.014126442 0.2875045 -0.068296514
v 0.013969071 0.28242397 -0.071552135
v 0.0140645355 0.30084413 -0.053692512
v 0.0025906148 0.28957403 -0.14026695
v 0.010236906 0.30728137 0.05283697
v 0.014043583 0.30909145 0.025326373
v 0.014044631 0.29515415 0.06261745
v 0.009687476 0.2987746 0.06595541
v 0.014043583 0.305385 0.045478508
v 0.013697375 0.29914933 0.05941865
v 0.009657528 0.3053158 0.057840675
v 0.009657528 0.30950725 0.04814797
v 0.0140435845 0.3100868 0.0009307973
v 0.0140435845 0.30996627 0.013873816
v 0.013697373 0.30735016 0.040927984
v 0.013697375 0.3091473 0.030792983
v 0.00965753 0.3134697 0.027233673
v 0.008589711 0.30709147 -0.04982315
v 0.00900124 0.31181866 -0.035812467
v 0.0106173195 0.28706533 0.079508804
v 0.0106173195 0.28706533 0.079508804
v 0.009001238 0.31297892 0.032647803
v 0.013847789 0.29788184 -0.059895925
v 0.013725534 0.29192716 0.06650819
v 0.00900124 0.31449187 -0.0060856007
v 0.013237983 0.2889136 0.07032533
v 0.013237983 0.2889136 0.07032533
v 0.013292886 0.30169177 -0.054545835
v 0.013292886 0.30169177 -0.054545835
v 0.013037758 0.3025974 0.055709377
v 0.013037758 0.3025974 0.055709377
v 0.009001238 0.31480485 0.008571576
v 0.009001238 0.3141657 0.021626873
v 0.0092249345 0.2951331 0.06941083
v 0.009001236 0.30782294 0.053223632
v 0.009311669 0.30328918 -0.056017183
v 0.011428058 0.28841448 0.074860975
v 0.010192709 0.28891277 0.07509356
v 0.0147299655 0.26372504 -0.07967481
v 0.0147299655 0.26372504 -0.07967481
v 0.0136973765 0.3108455 0.007671388
v 0.013697375 0.3042583 0.05067975
v 0.013556957 0.28499597 0.076922365
v 0.013556957 0.28499597 0.076922365
v 0.013037758 0.30664057 0.046287633
v 0.013037758 0.30664057 0.046287633
v 0.010386225 0.29150826 0.07228173
v 0.013723839 0.30406886 -0.047708042
v 0.013847571 0.28560132 0.07322602
v 0.013045987 0.29624355 0.063620105
v 0.013045987 0.29624355 0.063620105
v 0.014016675 0.27083886 -0.0766336
v 0.01303776 0.31042975 0.02590884
v 0.01303776 0.31042975 0.02590884
v 0.011834821 0.28315252 0.057524137
v 0.011834821 0.28315252 0.057524137
v 0.011775859 0.28938437 -0.049030103
v 0.011775859 0.28938437 -0.049030103
v 0.01303776 0.31132936 0.01431606
v 0.01303776 0.31132936 0.01431606
v 0.013037762 0.3097989 -0.027737036
v 0.013037762 0.3097989 -0.027737036
v 0.013037762 0.31093603 -0.013117872
v 0.013037762 0.31093603 -0.013117872
v 0.01360322 0.2941885 -0.06432828
v 0.01360322 0.2941885 -0.06432828
v -0.011189272 0.28731996 0.0775621
v -0.014363615 0.30836838 0.0358878
v 0.0102369115 0.31123668 -0.035628177
v -0.010347701 0.29164875 0.07238269
v -0.00966748 0.30966192 0.04824838
v -0.010903151 0.31157655 0.03760282
v -0.01464338 0.28436995 0.07661628
v -0.009667479 0.3136338 0.02730518
v -0.0096674785 0.31458938 0.015370648
v -0.009667477 0.31303966 -0.028463043
v -0.009616035 0.30989563 -0.042988062
v -0.0038397242 0.28191417 -0.09471292
v -0.009111204 0.27784622 0.057527296
v -0.010903147 0.3124447 -0.028329756
v -0.014363617 0.31077415 0.0010181945
v -0.014363617 0.3097605 0.025617296
v -0.014363619 0.3060103 0.045879357
v -0.011285722 0.303064 -0.055781826
v -0.014367139 0.29568952 0.06310922
v -0.014363619 0.3020017 0.055243455
v -0.010903148 0.3136 -0.013479384
v -0.014363617 0.31064832 0.014095586
v -0.014366923 0.30629963 -0.04122066
v -0.0038397228 0.29077828 -0.1263302
v -0.0031475162 0.24489535 -0.15073146
v -0.010903149 0.3139909 0.015177038
v -0.01090315 0.31304556 0.027048832
v -0.00966748 0.30546248 0.057955705
v -0.012466619 0.28689617 0.07757363
v -0.014631135 0.28788286 -0.06861925
v -0.010918813 0.309349 -0.042720437
v -0.014363613 0.3102541 -0.013028417
v -0.0096674785 0.31473273 0.0013530627
v -0.009667478 0.3141991 -0.013560676
v -0.009695445 0.2989112 0.06608137
v -0.0038404185 0.27960664 -0.1276056
v -0.014449278 0.28831768 0.0698475
v -0.014363613 0.30912316 -0.027578384
v -0.010903149 0.31413162 0.0013028635
v -0.011582511 0.29114616 0.072010845
v -0.014445258 0.3013081 -0.05417271
v -0.010903151 0.30910724 0.047888406
v -0.01221148 0.29265338 -0.04490199
v -0.01221148 0.29265338 -0.04490199
v -0.012178536 0.29625142 -0.034495637
v -0.012178536 0.29625142 -0.034495637
v -0.012178536 0.29767448 -0.023380574
v -0.012178536 0.29767448 -0.023380574
v -0.012178537 0.29880714 -0.0009526955
v -0.012178537 0.29880714 -0.0009526955
v -0.012138143 0.29219085 0.047860533
v -0.012138143 0.29219085 0.047860533
v -0.012176497 0.2953456 0.039122038
v -0.012176497 0.2953456 0.039122038
v -0.008271293 0.29057205 -0.04269591
v -0.008216804 0.29626787 -0.0013795746
v -0.010903151 0.30493653 0.057543315
v -0.01093107 0.2984215 0.06562959
v -0.008415463 0.28476107 0.053509474
v -0.013726948 0.27445394 -0.05308602
v -0.013726948 0.27445394 -0.05308602
v -0.0121785365 0.2983454 -0.01211003
v -0.0121785365 0.2983454 -0.01211003
v -0.013784062 0.26567668 -0.05040405
v -0.013784062 0.26567668 -0.05040405
v -0.012969216 0.2848984 -0.051702566
v -0.012969216 0.2848984 -0.051702566
v -0.012178537 0.29882908 0.010237327
v -0.012178537 0.29882908 0.010237327
v -0.012178537 0.29820627 0.02060283
v -0.012178537 0.29820627 0.02060283
v -0.012178539 0.29709548 0.029936964
v -0.012178539 0.29709548 0.029936964
v -0.01229865 0.28669983 0.055014186
v -0.01229865 0.28669983 0.055014186
v -0.008216803 0.29521567 -0.022451526
v -0.008216803 0.2939098 -0.032883927
v -0.0032568437 0.29513472 -0.08628071
v -0.0032568434 0.29210585 -0.08307792
v -0.008216805 0.29583007 -0.01192358
v -0.008216805 0.2957099 0.019519601
v -0.008216805 0.29629803 0.009408977
v -0.0038397226 0.2854702 -0.12827684
v -0.0096931765 0.27158207 0.057847105
v -0.0130711645 0.2720399 0.059587225
v -0.0130711645 0.2720399 0.059587225
v -0.012719298 0.2793644 0.059138067
v -0.012719298 0.2793644 0.059138067
v -0.009524563 0.28363734 -0.049786277
v -0.010777834 0.27401084 -0.05172223
v -0.008149991 0.29004604 0.046281226
v -0.00821343 0.29297793 0.037621498
v -0.008216807 0.294649 0.028645178
v 0.010236906 0.30198145 0.061848648
v 0.010236908 0.3105082 0.042788394
v 0.01023691 0.31389207 -0.006052749
v 0.010236908 0.312397 0.03236609
v 0.0102369115 0.31316757 -0.020919524
v 0.013303213 0.29440016 0.04950043
v 0.01331616 0.29776353 0.040653378
v 0.01303776 0.31145847 0.0010796329
v 0.01303776 0.31145847 0.0010796329
v 0.013357382 0.28870827 0.056684166
v 0.013048261 0.30691963 -0.04153326
v 0.013048261 0.30691963 -0.04153326
v 0.007550566 0.29636556 0.003972971
v 0.012173871 0.28682446 0.07995831
v 0.012173871 0.28682446 0.07995831
v 0.010236908 0.31357193 0.02139817
v 0.012830097 0.27970785 -0.052986145
v 0.012830097 0.27970785 -0.052986145
v 0.013316851 0.30097908 -0.012306003
v 0.011512298 0.29804856 -0.017743282
v 0.011512298 0.29804856 -0.017743282
v 0.011512298 0.2948451 -0.03986043
v 0.011512298 0.2948451 -0.03986043
v 0.011512298 0.29712164 -0.028980762
v 0.011512298 0.29712164 -0.028980762
v 0.013316853 0.2985857 -0.03609004
v 0.0135836955 0.2864164 -0.054214165
v 0.013327971 0.29470384 -0.047095656
v 0.01016609 0.26937002 -0.05076515
v 0.013316851 0.30145997 -0.00050681736
v 0.011512296 0.2985872 0.01563616
v 0.011512296 0.2985872 0.01563616
v 0.013316849 0.30079043 0.021724181
v 0.013316849 0.29962248 0.031270757
v 0.011512296 0.29633123 0.03455124
v 0.011512296 0.29633123 0.03455124
v 0.011512296 0.29770666 0.025299
v 0.011512296 0.29770666 0.025299
v 0.013316853 0.3002262 -0.024338357
v 0.011512298 0.2985983 -0.0065102554
v 0.011512298 0.2985983 -0.0065102554
v 0.013316851 0.30146092 0.01109774
v 0.011512296 0.2989055 0.0046250066
v 0.011512296 0.2989055 0.0046250066
v 0.011495963 0.294011 0.043589957
v 0.011495963 0.294011 0.043589957
v 0.01383942 0.27532804 -0.056019567
v 0.013287008 0.26272207 -0.04839702
v 0.013287008 0.26272207 -0.04839702
v 0.013287008 0.26272207 -0.04839702
v 0.010219846 0.26276386 -0.0469487
v 0.010219846 0.26276386 -0.0469487
v 0.013499346 0.28093576 0.060936138
v 0.013618097 0.27268833 0.061606042
v 0.012251906 0.27558452 0.05981542
v 0.012251906 0.27558452 0.05981542
v 0.0075293467 0.28775525 0.05019193
v 0.013093656 0.2696408 -0.052152053
v 0.013093656 0.2696408 -0.052152053
v -0.009926195 0.2662061 0.05523692
v -0.0032568418 0.30188185 -0.13814089
v -0.0031419322 0.29060107 -0.07274687
v 0.007550566 0.29607177 0.014668491
v 0.007986488 0.28761423 -0.046779126
v -0.13211702 0.041217305 0.076560184
v 0.011499468 0.28977096 0.05173836
v 0.011499468 0.28977096 0.05173836
v 0.0031734952 0.29701847 -0.10654351
v 0.0031734952 0.27996367 -0.12711978
v 0.0031734952 0.27996367 -0.12711978
v 0.003373426 0.2899241 -0.07052035
v 0.003373426 0.2899241 -0.07052035
v 0.0025906144 0.30379134 -0.13620235
v 0.0032227612 0.30334115 -0.12166463
v 0.0025906144 0.29872972 -0.13904491
v 0.002590613 0.30464983 -0.10059504
v 0.0031734942 0.29189843 -0.09890646
v 0.0031734942 0.29189843 -0.09890646
v 0.003045363 0.30410504 -0.13231795
v 0.003045363 0.30410504 -0.13231795
v 0.0031734933 0.28181517 -0.095310174
v 0.0031734933 0.28181517 -0.095310174
v 0.0031734942 0.2751807 -0.12416133
v 0.0031734942 0.2751807 -0.12416133
v 0.0031790617 0.2769842 -0.12633628
v 0.0039461288 0.24401902 -0.14896993
v 0.0039461288 0.24401902 -0.14896993
v 0.0039461288 0.24401902 -0.14896993
v 0.0031734952 0.2946614 -0.12176364
v 0.0031734952 0.2946614 -0.12176364
v 0.0031734933 0.28715217 -0.09588965
v 0.0031734933 0.28715217 -0.09588965
v 0.0031734942 0.27167964 -0.119280696
v 0.0031734942 0.27167964 -0.119280696
v 0.0032227584 0.2914523 -0.08526173
v 0.00304536 0.29483563 -0.086611986
v 0.00304536 0.29483563 -0.086611986
v 0.007550566 0.29523307 0.024111247
v 0.0032481034 0.29934323 -0.12127043
v -0.0032568418 0.29446173 -0.13974878
v -0.004797368 0.29124975 -0.06844073
v -0.005669419 0.2861138 -0.071733005
v 0.007550568 0.29555625 -0.017189668
v -0.003876992 0.27107173 -0.119449586
v 0.007550568 0.29471105 -0.02769358
v -0.0038397247 0.29753286 -0.11621313
v 0.0051813894 0.26239294 -0.10248328
v 0.00304536 0.2984237 -0.08926792
v 0.00304536 0.2984237 -0.08926792
v -0.003856614 0.27463597 -0.124506705
v -0.057522055 0.2556076 -0.12866382
v 0.007550568 0.2926039 -0.037936695
v -0.003251531 0.29037207 -0.078969754
v 0.0037976163 0.28475684 -0.07398938
v 0.0037976163 0.28475684 -0.07398938
v -0.0038397242 0.28742105 -0.095368505
v 0.0032481025 0.29881227 -0.1014159
v -0.0038646453 0.27216393 -0.10092592
v -0.003839725 0.29764152 -0.109710954
v 0.0031734952 0.29668045 -0.11927616
v -0.003882102 0.26939362 -0.11322559
v 0.0031734933 0.28468335 -0.09472575
v 0.0032481025 0.2868206 -0.09022264
v -0.010839043 0.26554996 -0.04897613
v 0.0025481093 0.2901951 -0.07621566
v 0.005217535 0.2599355 -0.124641135
v 0.0032227593 0.29934978 -0.09129678
v 0.0032227603 0.3025552 -0.09550843
v 0.0032481034 0.30017745 -0.10762521
v 0.0031734952 0.29539818 -0.10378551
v 0.0031734952 0.29539818 -0.10378551
v -0.0038397245 0.29236257 -0.09856259
v 0.0031734952 0.2970351 -0.11613356
v 0.0031734952 0.2970351 -0.11613356
v 0.0031734952 0.29311967 -0.12445922
v -0.003883678 0.28880942 -0.080233246
v 0.0031802566 0.28865975 -0.07730791
v -0.0032568437 0.3025043 -0.09201227
v -0.0032568434 0.30455422 -0.096310474
v -0.0032480855 0.28413725 -0.14065756
v -0.0038889886 0.29344678 -0.13817379
v -0.0038397235 0.2951424 -0.12204255
v -0.0038397247 0.29589176 -0.10358254
v -0.003888989 0.30299163 -0.13165602
v -0.0038889886 0.3004766 -0.13658775
v -0.0038413447 0.2765087 -0.096653126
v 0.0032028495 0.2726351 -0.12218004
v 0.0032227603 0.3034929 -0.10716769
v 0.0031734942 0.26998508 -0.11322326
v 0.0031734942 0.26998508 -0.11322326
v 0.0032227612 0.2887228 -0.13869819
v -0.0038801865 0.26976657 -0.10675106
v 0.003214533 0.26998353 -0.11642632
v 0.0032156375 0.26931846 -0.109962314
v 0.00973017 0.27895474 -0.051473238
v -0.003256842 0.30453646 -0.13256793
v 0.008773856 0.2745381 0.058107585
v 0.008084012 0.28134155 0.056009956
v 0.007550566 0.29391783 0.033153333
v 0.007550568 0.29606783 -0.0066574076
v 0.0075235483 0.29172844 0.04202041
v 0.0031734952 0.29037952 -0.12580281
v 0.0031734952 0.29037952 -0.12580281
v 0.004981498 0.25573057 -0.13351782
v 0.0030379682 0.2899447 -0.07929768
v 0.0030379682 0.2899447 -0.07929768
v 0.0031842855 0.27410257 -0.09850853
v 0.0034871777 0.28424203 -0.07639848
v 0.005213819 0.26196694 -0.10970851
v -0.0032568437 0.29873306 -0.08897496
v -0.0038834165 0.2834289 -0.13911556
v 0.0031734952 0.2978046 -0.11297552
v 0.002590613 0.30465972 -0.11408663
v 0.0032227612 0.29751152 -0.1374792
v 0.0032227603 0.3032474 -0.1007531
v 0.002590614 0.3046531 -0.121753894
v 0.0025205594 0.27615005 -0.14197311
v 0.005199172 0.26168293 -0.1171089
v 0.0030380576 0.2839607 -0.14022534
v 0.0030380576 0.2839607 -0.14022534
v 0.0031734952 0.29714066 -0.10978184
v 0.0031734952 0.29714066 -0.10978184
v 0.0031734952 0.28823227 -0.12760808
v -0.003346643 0.2927785 -0.06747603
v 0.003247986 0.28371018 -0.08710407
v 0.0031734933 0.27915835 -0.0953314
v 0.0031734933 0.29005373 -0.09665197
v 0.003045363 0.3015076 -0.13772176
v 0.003045363 0.3015076 -0.13772176
v 0.00304536 0.3020749 -0.092205904
v 0.00304536 0.3020749 -0.092205904
v 0.0031734933 0.27034974 -0.10690551
v 0.0031734933 0.27034974 -0.10690551
v 0.003045361 0.3041016 -0.096395455
v 0.003045361 0.3041016 -0.096395455
v -0.0063001593 0.28400606 0.13695413
v -0.014681965 0.29495245 0.085845105
v -0.005401634 0.29648477 0.08271406
v -0.016461872 0.28399372 0.1334255
v -0.023083255 0.28415322 0.12771408
v -0.026731415 0.2844875 0.12092677
v -0.02828738 0.2859252 0.11359745
v -0.028125409 0.28804523 0.1060884
v -0.02613828 0.2901454 0.09859686
v -0.021804564 0.2925226 0.09150901
v 0.005514598 0.25529057 -0.13168384
v 0.005514598 0.25529057 -0.13168384
v -0.015223047 0.28561342 0.13262415
v -0.0057858005 0.2856524 0.13584463
v -0.013703939 0.29625797 0.08684696
v -0.0050282497 0.29757643 0.08393889
v -0.021672705 0.2859357 0.12732263
v -0.025460597 0.28670126 0.12082073
v -0.027143076 0.28811395 0.113628455
v -0.02696152 0.28992927 0.10620731
v -0.024853501 0.29196984 0.09889133
v -0.020485599 0.2941789 0.092145585
v 0.0032227593 0.29496962 -0.0881481
v 0.0032227603 0.30226856 -0.13483067
v 0.0031734942 0.2943163 -0.10090194
v 0.0032227603 0.30352986 -0.114146754
v 0.0031734952 0.28530103 -0.12769632
v 0.0031734952 0.28530103 -0.12769632
v 0.0031781835 0.27588278 -0.14027691
v 0.0025906116 0.29104656 -0.081145585
v 0.002590612 0.3006097 -0.0904019
v 0.0031734933 0.27674496 -0.09720748
v 0.0031734933 0.27674496 -0.09720748
v 0.003045363 0.29419988 -0.13932031
v 0.003045363 0.29419988 -0.13932031
v 0.0031734933 0.27272058 -0.10128198
v 0.0031734933 0.27272058 -0.10128198
v 0.003775231 0.24972947 -0.1476324
v 0.003775231 0.24972947 -0.1476324
v 0.0032481034 0.3003832 -0.114428535
v 0.0032227584 0.28948557 -0.082544014
v -0.0054163677 0.2889694 0.08039773
v -0.013357498 0.28816587 0.081827566
v -0.011132855 0.2878927 0.08057425
v -0.008033811 0.25494063 -0.1297685
v -0.03667898 0.23461999 -0.15494327
v -0.033741977 0.25559056 -0.12828936
v -0.033877913 0.24616764 -0.14294212
v -0.023985192 0.22610913 0.16942127
v -0.02197341 0.2367341 0.16505033
v -0.037011094 0.24654694 0.1566891
v -0.040347807 0.22203748 -0.16272373
v -0.025914337 0.21478407 0.17183389
v -0.025782315 0.0016908795 -0.09296326
v -0.026688855 0.009922199 -0.11923613
v -0.028111482 0.02541104 -0.14055979
v -0.02827563 0.04672946 -0.15605104
v -0.028318824 0.07165237 -0.16428185
v -0.026975082 0.0010468811 0.12057994
v -0.028511958 0.007016018 0.1390653
v -0.028605107 0.01824972 0.15455198
v -0.028660975 0.033711597 0.16579172
v -0.028715413 0.05243066 0.17176265
v 0.00304536 0.291717 -0.08344163
v 0.00304536 0.291717 -0.08344163
v -0.027467282 0.2026825 0.17295253
v -0.028246459 0.09580662 -0.16654284
v 0.0050615636 0.26339555 -0.09129134
v 0.0032088854 0.27072108 -0.1037057
v -0.028187636 0.1821662 0.17330821
v -0.027486904 0.20257072 -0.16661187
v -0.028431447 0.13767837 0.17337647
v -0.02865703 0.08496688 0.17337598
v -0.027702658 0.18540613 -0.16663149
v -0.027947154 0.13986664 -0.16663024
v -0.02661406 0.007867321 -0.009926739
v -0.08180723 0.20261411 -0.16611324
v -0.0806977 0.21128587 -0.16491635
v -0.061299548 0.25559342 0.14173275
v -0.08093481 0.20285898 0.16410182
v -0.07628019 0.21511908 0.16336298
v -0.07985966 0.22167684 -0.16142568
v -0.064395495 0.24563284 -0.14046295
v -0.072919585 0.23398206 -0.15339957
v -0.06578235 0.2464705 0.14959337
v -0.07052464 0.22635613 0.16155401
v -0.06453335 0.23680694 0.15787676
v -0.077633776 0.0017067343 -0.0929065
v -0.077633776 0.0047372505 -0.010044849
v -0.08429754 0.07156406 -0.16372122
v -0.08405322 0.094103545 -0.16603428
v -0.0794043 0.009920105 -0.11903693
v -0.08367618 0.025400817 -0.14017445
v -0.08416879 0.046708398 -0.15553892
v -0.08469308 0.0524557 0.16270494
v -0.084511794 0.08498229 0.16429815
v -0.07763378 0.0010523573 0.11230823
v -0.08453942 0.033727877 0.15679777
v -0.08438429 0.01825831 0.1456381
v -0.08411782 0.0070193633 0.13024329
v -0.08310128 0.18217447 0.16432208
v -0.08243427 0.18677156 -0.16616741
v -0.083832376 0.1376791 0.16433403
v -0.08318255 0.13956182 -0.16618128
v -0.05599964 0.26018453 0.13403325
v -0.01321776 0.26615196 0.057399906
v -0.01321776 0.26615196 0.057399906
v -0.07820662 0.25640172 0.044900082
v -0.015052563 0.26647282 0.071561284
v -0.008402517 0.30345577 -0.056018606
v -0.035979584 0.26504856 0.10435395
v -0.03508428 0.2644891 0.11302297
v -0.034124833 0.26535672 0.09525957
v -0.04020916 0.2597975 0.13925248
v -0.0075637577 0.2633487 0.1437297
v -0.019775843 0.2632007 0.13855168
v -0.037310097 0.25531995 0.14840582
v -0.029603172 0.26565236 0.08620377
v -0.031879485 0.26369786 0.12123604
v -0.027351897 0.2631722 0.12922484
v -0.0038068828 0.28903162 -0.073764764
v -0.01797418 0.26137537 -0.078018166
v -0.017458487 0.26171166 -0.08230277
v -0.0034683717 0.2861036 0.12980346
v -0.018533217 0.29330105 0.10144441
v -0.014820289 0.2945783 0.09642723
v -0.009685292 0.29551136 0.09276707
v -0.003575028 0.29600638 0.09082762
v -0.014656562 0.28748614 0.124332204
v -0.018427549 0.28874773 0.11935836
v -0.02042856 0.290236 0.113498904
v -0.02046507 0.29180497 0.10732662
v -0.009484064 0.28657496 0.12793379
v -0.011108233 0.26108277 -0.044275932
v -0.014733411 0.26083767 -0.045736857
v -0.00966748 0.312151 0.037909977
v -0.014573498 0.29386204 -0.06413877
v -0.011949619 0.29545432 -0.06460283
v -0.0025308228 0.23439273 -0.15599763
v -0.0025308228 0.23439273 -0.15599763
v -0.13401487 0.09356711 0.052174814
v -0.0066118175 0.29110032 0.12981327
v -0.0066118175 0.29110032 0.12981327
v -0.009557181 0.29140282 0.12863077
v -0.009557181 0.29140282 0.12863077
v -0.012275887 0.29181564 0.12701732
v -0.012275887 0.29181564 0.12701732
v -0.00033312524 0.2908538 0.13077669
v -0.00033312524 0.2908538 0.13077669
v -0.003511523 0.2909159 0.13053383
v -0.003511523 0.2909159 0.13053383
v -0.012275886 0.29996425 0.0951677
v -0.012275886 0.29996425 0.0951677
v -0.009557179 0.30037707 0.093554266
v -0.009557179 0.30037707 0.093554266
v -0.006611816 0.30067956 0.09237178
v -0.006611816 0.30067956 0.09237178
v -0.0035115213 0.30086398 0.09165121
v -0.0035115213 0.30086398 0.09165121
v -0.00033312384 0.3009261 0.09140836
v -0.00033312384 0.3009261 0.09140836
v -0.00033312384 0.3009261 0.09140836
v -0.01469991 0.29232895 0.12501095
v -0.01469991 0.29232895 0.12501095
v -0.016770912 0.29292977 0.122662574
v -0.016770912 0.29292977 0.122662574
v -0.01843632 0.29360366 0.120028704
v -0.01843632 0.29360366 0.120028704
v -0.019656897 0.2943337 0.117175266
v -0.019656897 0.2943337 0.117175266
v -0.020400668 0.29510212 0.11417171
v -0.020400668 0.29510212 0.11417171
v -0.02065134 0.2958899 0.11109252
v -0.02065134 0.2958899 0.11109252
v -0.020400668 0.29667777 0.108013324
v -0.020400668 0.29667777 0.108013324
v -0.019656895 0.2974462 0.10500978
v -0.019656895 0.2974462 0.10500978
v -0.018436318 0.29817623 0.10215634
v -0.018436318 0.29817623 0.10215634
v -0.016770912 0.29885012 0.09952246
v -0.016770912 0.29885012 0.09952246
v -0.01469991 0.29945093 0.097174086
v -0.01469991 0.29945093 0.097174086
v -0.0061146147 0.2914796 0.1283308
v -0.008826735 0.29175818 0.12724194
v -0.011330154 0.29213828 0.12575625
v -0.00033312524 0.2912526 0.12921792
v -0.0032598283 0.29130983 0.12899429
v -0.011330152 0.2996416 0.09642877
v -0.008826741 0.30002177 0.094943106
v -0.006114615 0.3003003 0.093854256
v -0.0032598267 0.30047005 0.093190745
v -0.00033312384 0.30052727 0.09296712
v -0.013562223 0.29261094 0.12390876
v -0.015469223 0.2931642 0.12174635
v -0.017002748 0.29378468 0.11932106
v -0.018126668 0.2944569 0.116693586
v -0.01881154 0.29516453 0.11392787
v -0.019042363 0.2958899 0.11109252
v -0.01881154 0.29661536 0.10825717
v -0.018126667 0.297323 0.10549147
v -0.017002746 0.2979952 0.10286399
v -0.015469221 0.2986157 0.10043868
v -0.013562221 0.29916894 0.09827627
v -0.013894634 0.26033407 -0.0028746128
v -0.02354341 0.26022106 -0.0028479784
v 0.013887946 0.26599884 -0.054317698
v 0.0031734952 0.28250104 -0.12829883
v 0.002590612 0.29691774 -0.08763297
v 0.0032481025 0.29492337 -0.0938282
v 0.0034304117 0.29227054 -0.06779413
v 0.005333588 0.26959163 -0.08007266
v 0.0052044825 0.27950597 -0.075465545
v 0.005509864 0.26360428 -0.08311349
v 0.005509864 0.26360428 -0.08311349
v 0.003497467 0.29469973 -0.06578078
v 0.006052419 0.2930565 -0.066884145
v 0.0077320547 0.28815365 -0.07017379
v 0.006664731 0.2999931 -0.060745142
v 0.0028962647 0.29011363 -0.07305043
v 0.0028962647 0.29011363 -0.07305043
v 0.009582518 0.29588568 0.083912425
v 0.0155059155 0.285174 0.13317597
v 0.0155059155 0.285174 0.13317597
v 0.0055185365 0.28520858 0.13663231
v 0.0055185365 0.28520858 0.13663231
v 0.013686692 0.29610562 0.08620797
v 0.013686692 0.29610562 0.08620797
v 0.004605998 0.2975937 0.083134465
v 0.004605998 0.2975937 0.083134465
v 0.015526684 0.27062267 0.13479628
v 0.022071045 0.28542674 0.12759791
v 0.022071045 0.28542674 0.12759791
v 0.025736231 0.2859816 0.12090631
v 0.025736231 0.2859816 0.12090631
v 0.027281282 0.28737533 0.11362016
v 0.027281282 0.28737533 0.11362016
v 0.02706732 0.28930205 0.1061472
v 0.02706732 0.28930205 0.1061472
v 0.02501871 0.29142207 0.098723546
v 0.02501871 0.29142207 0.098723546
v 0.0206608 0.29379958 0.09176092
v 0.0206608 0.29379958 0.09176092
v 0.0055180737 0.27103502 0.13819562
v 0.011137916 0.28394783 0.13555905
v 0.019542737 0.28408527 0.13074939
v 0.024545297 0.28425354 0.12441611
v 0.027067633 0.28501302 0.11730352
v 0.027750151 0.28701103 0.10984836
v 0.026716372 0.28906274 0.10233085
v 0.023640616 0.29130435 0.09495834
v 0.017924204 0.29375637 0.08840194
v 0.010189293 0.2855729 0.1345718
v 0.018157238 0.28574824 0.13015957
v 0.016718978 0.29526776 0.08924942
v 0.008875852 0.29705733 0.08504676
v 0.023188364 0.28623217 0.12418966
v 0.025877498 0.28733736 0.117279485
v 0.026613297 0.28899026 0.10992169
v 0.025498651 0.29092312 0.102517866
v 0.022309039 0.29306126 0.09540276
v 0.022113178 0.2706673 0.12756093
v 0.026947206 0.2714228 0.120771006
v 0.031588763 0.2730869 0.113527656
v 0.033476524 0.27469718 0.10504983
v 0.031573985 0.27589077 0.09599528
v 0.026933862 0.27716875 0.08726831
v 0.008879831 0.285451 0.12776722
v 0.008879831 0.285451 0.12776722
v 0.0028253174 0.28498948 0.12964976
v 0.0028253174 0.28498948 0.12964976
v 0.009082345 0.29440248 0.09244651
v 0.009082345 0.29440248 0.09244651
v 0.0029332158 0.29490715 0.09049153
v 0.0029332158 0.29490715 0.09049153
v 0.014073497 0.28635186 0.12414636
v 0.014073497 0.28635186 0.12414636
v 0.017851554 0.28760755 0.119152784
v 0.017851554 0.28760755 0.119152784
v 0.019854698 0.2890947 0.11327352
v 0.019854698 0.2890947 0.11327352
v 0.019892449 0.29066616 0.10708069
v 0.019892449 0.29066616 0.10708069
v 0.017959923 0.2921685 0.10117511
v 0.017959923 0.2921685 0.10117511
v 0.01423873 0.29345632 0.096131414
v 0.01423873 0.29345632 0.096131414
v 0.004820118 0.29118496 0.08121239
v 0.013212243 0.29005706 0.08326535
v 0.0054218755 0.27726614 0.13680619
v 0.015320079 0.2773543 0.13379566
v 0.021871699 0.27765012 0.12772664
v 0.025981773 0.27797878 0.12096432
v 0.029143365 0.27946997 0.11365904
v 0.030201448 0.2814545 0.105612695
v 0.028294155 0.28312612 0.097384155
v 0.02390229 0.28493762 0.089549914
v 0.011252964 0.28831613 0.0811186
v 0.016078265 0.2880801 0.121989325
v 0.019000046 0.28947222 0.11650509
v 0.020031456 0.29102004 0.1104142
v 0.019072097 0.2925716 0.10431186
v 0.006055646 0.29581815 0.09156482
v 0.011736978 0.29509467 0.09440098
v 0.033196162 0.2585495 -0.1215499
v 0.033196162 0.2585495 -0.1215499
v 0.05903231 0.2218646 -0.1628136
v 0.05291024 0.23442179 -0.15490067
v 0.046872646 0.24580888 -0.14331968
v 0.046698697 0.22620136 0.16643645
v 0.042681403 0.23675923 0.16239107
v 0.021668112 0.24631654 0.15904725
v 0.051702876 0.24655046 0.1535592
v 0.026564965 0.2070847 -0.16646463
v 0.055614203 0.21129628 -0.16605465
v 0.026102342 0.20893906 0.1725131
v 0.05055352 0.21492319 0.1685445
v 0.050359767 0.25555944 0.14516991
v 0.02519847 0.0048621222 -0.10702243
v 0.025511134 0.004509613 -0.07136121
v 0.05056407 0.0016941801 -0.09295145
v 0.026981862 0.016825967 -0.13050927
v 0.026981862 0.016825967 -0.13050927
v 0.052368056 0.009921826 -0.11919931
v 0.02755983 0.03545948 -0.1491463
v 0.05520302 0.025409706 -0.14051007
v 0.054231133 0.25882572 -0.12208055
v 0.054231133 0.25882572 -0.12208055
v 0.027643217 0.058938757 -0.1611113
v 0.055522908 0.04672715 -0.1559951
v 0.027632432 0.083865374 -0.16593197
v 0.055606306 0.07161905 -0.16422437
v 0.025571799 0.0031191707 0.10742023
v 0.027429191 0.0033462942 0.13009486
v 0.027429191 0.0033462942 0.13009486
v 0.052698534 0.0010467395 0.11724967
v 0.027917946 0.012023151 0.1472598
v 0.0557613 0.007016346 0.13548866
v 0.027965194 0.02553767 0.160782
v 0.05594315 0.018250503 0.1509492
v 0.028024914 0.04256697 0.16946323
v 0.05605142 0.03371294 0.1621672
v 0.028044606 0.06578424 0.17295219
v 0.056158282 0.052432515 0.16811897
v 0.02545459 0.006455943 0.0941017
v 0.027282236 0.1944243 0.17320174
v 0.053659122 0.20276023 0.16944863
v 0.05545393 0.095096335 -0.16648605
v 0.019647826 0.26106614 -0.08716701
v 0.049350806 0.26006567 0.13712358
v 0.05510079 0.18216963 0.16971841
v 0.026960583 0.19608426 -0.16663222
v 0.05393427 0.20259276 -0.16654316
v 0.055588756 0.13767843 0.16975467
v 0.05604056 0.08496799 0.16973032
v 0.05436563 0.18597302 -0.16656856
v 0.054865297 0.13974608 -0.16657206
v 0.026130574 0.0077802166 0.055014037
v 0.052228447 0.0073310435 -0.009974413
v 0.081557296 0.19656478 -0.16614357
v 0.0803759 0.2070708 -0.16597734
v 0.060844403 0.26019144 -0.10241695
v 0.05829263 0.2588517 0.13765389
v 0.05829263 0.2588517 0.13765389
v 0.081716254 0.19448407 0.16426243
v 0.078170486 0.20923077 0.16381377
v 0.07696753 0.0045381933 -0.071343124
v 0.07696754 0.0048664287 -0.10690736
v 0.083603516 0.05891773 -0.16056088
v 0.083567314 0.08324989 -0.16538781
v 0.08161827 0.016820058 -0.13021043
v 0.08161827 0.016820058 -0.13021043
v 0.08335411 0.035443872 -0.14869171
v 0.08395842 0.042587876 0.160434
v 0.08400972 0.06580847 0.16387708
v 0.07696752 0.0038490817 0.08665478
v 0.075866185 0.0019174963 0.09982764
v 0.08220963 0.0033478886 0.12140539
v 0.08220963 0.0033478886 0.12140539
v 0.08379063 0.025549814 0.15182729
v 0.083661765 0.012028806 0.13838607
v 0.07696753 0.0046549737 0.05094663
v 0.04483596 0.2556473 -0.12816711
v 0.058158804 0.260198 0.12884635
v 0.016243856 0.2611245 0.0709837
v 0.014998896 0.2622283 0.071278766
v 0.014998896 0.2622283 0.071278766
v 0.013057852 0.26213002 0.054479517
v 0.013057852 0.26213002 0.054479517
v 0.013057852 0.26213002 0.054479517
v 0.01409542 0.2611025 0.05279398
v 0.009528855 0.26206368 0.051575877
v 0.009528855 0.26206368 0.051575877
v 0.0100745745 0.26107985 0.049737334
v 0.031287424 0.26026416 0.1303684
v 0.029319791 0.26102918 0.13006343
v 0.029319791 0.26102918 0.13006343
v 0.035484564 0.26046205 0.12127502
v 0.033552945 0.26134026 0.12140569
v 0.033552945 0.26134026 0.12140569
v 0.03755557 0.26061702 0.11212422
v 0.03589143 0.2616642 0.112627484
v 0.03589143 0.2616642 0.112627484
v 0.037752103 0.2607084 0.10435182
v 0.036254782 0.26182377 0.10423073
v 0.036254782 0.26182377 0.10423073
v 0.035833064 0.26074308 0.095772274
v 0.034392644 0.26185936 0.095374286
v 0.034392644 0.26185936 0.095374286
v 0.029863814 0.25957668 0.14066471
v 0.02231568 0.25449735 0.15156564
v 0.021980532 0.26082015 0.14032388
v 0.021980532 0.26082015 0.14032388
v 0.031167662 0.2607361 0.08597897
v 0.029880745 0.26185292 0.08608233
v 0.029880745 0.26185292 0.08608233
v 0.013674073 0.26624298 0.059974343
v 0.014200386 0.2667063 0.06750877
v 0.015687503 0.2660945 0.07504474
v 0.015687503 0.2660945 0.07504474
v 0.020393599 0.26585096 0.0783484
v 0.04448939 0.26025152 0.109192856
v 0.03525918 0.2648238 0.1087649
v 0.03467577 0.26520765 0.09983344
v 0.03299208 0.26409107 0.117165074
v 0.04462393 0.26030952 0.091558106
v 0.0315439 0.26550722 0.090660214
v 0.037561234 0.25843352 0.14390549
v 0.037561234 0.25843352 0.14390549
v 0.04233483 0.26011997 0.13273408
v 0.013542805 0.26331127 0.14237659
v 0.023473298 0.2631179 0.13363552
v 0.026365511 0.26575762 0.08264914
v 0.04507116 0.26021886 0.12278418
v 0.029134894 0.26337326 0.12523212
v 0.009369636 0.25798696 0.14923435
v 0.010343965 0.25543326 0.15159282
v 0.023856523 0.25996363 0.14087097
v 0.008468198 0.25978285 0.14754637
v 0.008468198 0.25978285 0.14754637
v 0.00739619 0.2606063 -0.10821635
v 0.008342588 0.29518938 -0.06520743
v 0.015429733 0.26073617 -0.050694026
v 0.007657888 0.2607187 -0.1014319
v 0.0063634687 0.26131976 -0.089876056
v 0.005883713 0.26162404 -0.08639246
v 0.011040943 0.2885915 -0.06961378
v 0.00742349 0.2580291 -0.12308682
v 0.00742349 0.2580291 -0.12308682
v 0.01154992 0.28698015 0.12633075
v 0.016214749 0.2939756 0.098794095
v 0.0058746194 0.28628033 0.12910146
v 0.007757778 0.25994873 -0.11585102
v 0.07164937 0.2591756 0.0467334
v 0.07164937 0.2591756 0.0467334
v 0.06299547 0.260253 0.05399683
v 0.014043583 0.30771506 0.03554081
v 0.00965753 0.3119908 0.037824303
v 0.013037758 0.30902195 0.03623689
v 0.013037758 0.30902195 0.03623689
v 0.013603715 0.28814405 -0.06882994
v 0.013603715 0.28814405 -0.06882994
v 0.014102198 0.29333252 -0.063769184
v 0.013947479 0.2902968 -0.06692094
v 0.009847075 0.29574913 -0.06464097
v 0.01698954 0.26158136 -0.080907784
v 0.0039461297 0.23476543 -0.15541597
v 0.0039461297 0.23476543 -0.15541597
v 0.10078821 0.2248288 0.1394889
v 0.090526626 0.2353803 0.13661873
v 0.080478914 0.24555181 0.13210653
v 0.07136667 0.2553643 -0.11585327
v 0.11471304 0.21124615 -0.14059882
v 0.11781764 0.20240696 0.14124203
v 0.119276315 0.18577947 -0.14349908
v 0.12262676 0.053460136 0.13964164
v 0.12212034 0.034508742 0.13437903
v 0.121804796 0.018640839 0.12454045
v 0.117368646 0.009828344 -0.107581966
v 0.115372926 0.0029087216 -0.08948393
v 0.12560117 0.009560898 -0.087788194
v 0.12133285 0.024909727 -0.12165455
v 0.12185783 0.04577177 -0.13284336
v 0.122064106 0.0710365 -0.13949503
v 0.118122876 0.20172055 -0.14151247
v 0.11896262 0.0015297607 -0.010073569
v 0.121323384 0.21124507 -0.09895705
v 0.075019255 0.2554313 -0.09290535
v 0.08071255 0.24507456 -0.12441897
v 0.09217798 0.23342057 -0.1327814
v 0.105255246 0.22144221 -0.13833104
v 0.070608154 0.25527585 0.12616481
v 0.11074262 0.21391663 0.14086267
v 0.12157612 0.007165082 0.11111756
v 0.11397437 0.0010878965 0.09589556
v 0.13087665 0.023904085 -0.010770526
v 0.13305722 0.06350069 -0.010672808
v 0.12267753 0.08580744 0.14142926
v 0.12176623 0.09426675 -0.14335948
v 0.12924609 0.20250596 -0.010540925
v 0.12989748 0.0990173 0.08876449
v 0.12768982 0.17289902 0.095575236
v 0.12838204 0.14004453 -0.09076584
v 0.1279021 0.18068081 -0.082554765
v 0.12845065 0.13829209 0.095100716
v 0.12927745 0.18180503 0.043456227
v 0.13009302 0.09942363 -0.08255237
v 0.12942493 0.10469201 0.0940408
v 0.12791975 0.17996487 0.088816315
v 0.12946835 0.10562022 -0.09020345
v 0.12760566 0.17432015 -0.09003776
v 0.12838498 0.13917685 0.04303193
v 0.12772423 0.1722611 -0.008994104
v 0.12723005 0.13894172 0.087111436
v 0.1272154 0.14002165 -0.0821521
v 0.12059421 0.18208526 0.1415257
v 0.12990543 0.13825311 0.09865655
v 0.121769406 0.1377162 0.14164287
v 0.11454217 0.22181807 -0.0109223565
v 0.10001667 0.23442902 -0.010991038
v 0.08831327 0.24611087 -0.011064632
v 0.1294522 0.18283205 0.090509035
v 0.12500241 0.20175411 -0.09908279
v 0.12543316 0.21132003 0.045644328
v 0.111130245 0.22151671 -0.09839288
v 0.097228825 0.23362 -0.096701086
v 0.08522159 0.24524935 -0.094131105
v 0.12977424 0.14000249 -0.09438207
v 0.13091101 0.1043203 -0.09362801
v 0.1270316 0.024148054 -0.091370225
v 0.12811323 0.044171736 -0.095020704
v 0.12889653 0.06837885 -0.097369336
v 0.13160628 0.09571172 0.08989782
v 0.13114142 0.09778665 0.05147353
v 0.13152027 0.098152794 -0.009794636
v 0.12858547 0.13952841 -0.009211069
v 0.13214163 0.04249174 -0.010746606
v 0.12918882 0.10719912 0.04862546
v 0.09818945 0.23558278 0.04598771
v 0.08707129 0.24738945 0.04625366
v 0.12553 0.21128543 -0.010792676
v 0.12927258 0.20233883 0.045247585
v 0.12913744 0.0089729205 -0.009956019
v 0.07795298 0.2557999 -0.010971207
v 0.1309241 0.18532582 -0.00930859
v 0.12928066 0.18199338 -0.009095134
v 0.12945893 0.107649565 -0.010053575
v 0.113419466 0.22226797 0.045805387
v 0.12752546 0.17217019 0.043250658
v 0.13091977 0.18514127 0.043713637
v 0.12913333 0.17415303 0.0988129
v 0.1294014 0.18326879 -0.08437961
v 0.1309402 0.10316511 0.09718606
v 0.12898126 0.17549692 -0.09348466
v 0.1333542 0.09394105 -0.009537093
v 0.13173793 0.09667641 -0.08423189
v 0.03141712 0.21131952 -0.16597666
v 0.010523025 0.28731996 0.0775621
v 0.013697373 0.30836838 0.0358878
v 0.009681454 0.29164875 0.07238269
v 0.009001236 0.30966192 0.04824838
v 0.010236908 0.31157655 0.03760282
v 0.013977133 0.28436995 0.07661628
v 0.009001236 0.3136338 0.02730518
v 0.009001238 0.31458938 0.015370648
v 0.00900124 0.31303966 -0.028463043
v 0.008949799 0.30989563 -0.042988062
v 0.0031734933 0.28191417 -0.09471292
v 0.008444959 0.27784622 0.057527296
v 0.01023691 0.3124447 -0.028329756
v 0.013697375 0.31077415 0.0010181963
v 0.013697375 0.3097605 0.025617296
v 0.013697373 0.3060103 0.045879357
v 0.010619488 0.303064 -0.055781826
v 0.013700893 0.29568952 0.06310922
v 0.013697373 0.3020017 0.055243455
v 0.01023691 0.3136 -0.013479382
v 0.013697375 0.31064832 0.014095586
v 0.0137006845 0.30629963 -0.04122066
v 0.0031734952 0.29077828 -0.1263302
v 0.0024812897 0.24489535 -0.15073146
v 0.010236908 0.3139909 0.015177038
v 0.010236908 0.31304556 0.027048832
v 0.009001236 0.30546248 0.057955705
v 0.011800373 0.28689617 0.07757363
v 0.013964901 0.28788286 -0.06861925
v 0.010252578 0.309349 -0.042720437
v 0.013697375 0.3102541 -0.013028415
v 0.009001238 0.31473273 0.0013530627
v 0.009001238 0.3141991 -0.013560675
v 0.009029198 0.2989112 0.06608137
v 0.00317419 0.27960664 -0.1276056
v 0.013783032 0.28831768 0.0698475
v 0.0136973765 0.30912316 -0.027578384
v 0.010236908 0.31413162 0.0013028635
v 0.010916265 0.29114616 0.072010845
v 0.013779022 0.3013081 -0.05417271
v 0.010236906 0.30910724 0.047888406
v 0.011545245 0.29265338 -0.04490199
v 0.011545245 0.29265338 -0.04490199
v 0.011512298 0.29625142 -0.034495637
v 0.011512298 0.29625142 -0.034495637
v 0.011512298 0.29767448 -0.023380574
v 0.011512298 0.29767448 -0.023380574
v 0.011512298 0.29880714 -0.00095269363
v 0.011512298 0.29880714 -0.00095269363
v 0.011471899 0.29219085 0.047860533
v 0.011471899 0.29219085 0.047860533
v 0.011510255 0.2953456 0.039122038
v 0.011510255 0.2953456 0.039122038
v 0.0076050577 0.29057205 -0.04269591
v 0.007550566 0.29626787 -0.0013795746
v 0.010236906 0.30493653 0.057543315
v 0.010264823 0.2984215 0.06562959
v 0.007749219 0.28476107 0.053509474
v 0.013060713 0.27445394 -0.05308602
v 0.013060713 0.27445394 -0.05308602
v 0.011512298 0.2983454 -0.012110029
v 0.011512298 0.2983454 -0.012110029
v 0.013117826 0.26567668 -0.05040405
v 0.013117826 0.26567668 -0.05040405
v 0.01230298 0.2848984 -0.051702566
v 0.01230298 0.2848984 -0.051702566
v 0.011512296 0.29882908 0.010237327
v 0.011512296 0.29882908 0.010237327
v 0.011512296 0.29820627 0.02060283
v 0.011512296 0.29820627 0.02060283
v 0.011512296 0.29709548 0.029936964
v 0.011512296 0.29709548 0.029936964
v 0.011632405 0.28669983 0.055014186
v 0.011632405 0.28669983 0.055014186
v 0.007550566 0.29521567 -0.022451526
v 0.007550566 0.2939098 -0.032883927
v 0.002590612 0.29513472 -0.08628071
v 0.0025906116 0.29210585 -0.08307792
v 0.007550566 0.29583007 -0.0119235795
v 0.007550564 0.2957099 0.019519601
v 0.007550564 0.29629803 0.009408977
v 0.0031734942 0.2854702 -0.12827684
v 0.009026932 0.27158207 0.057847105
v 0.012404919 0.2720399 0.059587225
v 0.012404919 0.2720399 0.059587225
v 0.012053054 0.2793644 0.059138067
v 0.012053054 0.2793644 0.059138067
v 0.008858329 0.28363734 -0.049786277
v 0.010111598 0.27401084 -0.05172223
v 0.0074837473 0.29004604 0.046281226
v 0.007547187 0.29297793 0.037621498
v 0.007550564 0.294649 0.028645178
v 0.00925995 0.2662061 0.05523692
v 0.0025906148 0.30188185 -0.13814089
v 0.0024756994 0.29060107 -0.07274687
v 0.0025906148 0.29446173 -0.13974878
v 0.004131134 0.29124975 -0.06844073
v 0.0050031864 0.2861138 -0.071733005
v 0.003210763 0.27107173 -0.119449586
v 0.0031734952 0.29753286 -0.11621313
v 0.0031903856 0.27463597 -0.124506705
v 0.056855824 0.2556076 -0.12866382
v 0.0025852988 0.29037207 -0.078969754
v 0.0031734933 0.28742105 -0.095368505
v 0.0031984146 0.27216393 -0.10092592
v 0.0031734952 0.29764152 -0.109710954
v 0.0032158722 0.26939362 -0.11322559
v 0.010172809 0.26554996 -0.04897613
v 0.0031734942 0.29236257 -0.09856259
v 0.0032174462 0.28880942 -0.080233246
v 0.002590612 0.3025043 -0.09201227
v 0.0025906125 0.30455422 -0.096310474
v 0.0025818585 0.28413725 -0.14065756
v 0.0032227612 0.29344678 -0.13817379
v 0.0031734952 0.2951424 -0.12204255
v 0.0031734952 0.29589176 -0.10358254
v 0.0032227612 0.30299163 -0.13165602
v 0.0032227612 0.3004766 -0.13658775
v 0.0031751138 0.2765087 -0.096653126
v 0.0032139565 0.26976657 -0.10675106
v 0.0025906144 0.30453646 -0.13256793
v 0.002590612 0.29873306 -0.08897496
v 0.003217189 0.2834289 -0.13911556
v 0.0026804097 0.2927785 -0.06747603
v 0.005633908 0.28400606 0.13695413
v 0.014015716 0.29495245 0.085845105
v 0.0047353874 0.29648477 0.08271406
v 0.015795622 0.28399372 0.1334255
v 0.022417005 0.28415322 0.12771408
v 0.026065165 0.2844875 0.12092677
v 0.02762113 0.2859252 0.11359745
v 0.027459158 0.28804523 0.1060884
v 0.02547203 0.2901454 0.09859686
v 0.021138318 0.2925226 0.09150901
v 0.014556795 0.28561342 0.13262415
v 0.0051195496 0.2856524 0.13584463
v 0.013037689 0.29625797 0.08684696
v 0.0043620025 0.29757643 0.08393889
v 0.021006456 0.2859357 0.12732263
v 0.024794348 0.28670126 0.12082073
v 0.026476825 0.28811395 0.113628455
v 0.02629527 0.28992927 0.10620731
v 0.024187252 0.29196984 0.09889133
v 0.019819353 0.2941789 0.092145585
v 0.004750121 0.2889694 0.08039773
v 0.01269125 0.28816587 0.081827566
v 0.010466609 0.2878927 0.08057425
v 0.0073675835 0.25494063 -0.1297685
v 0.036012758 0.23461999 -0.15494327
v 0.033075746 0.25559056 -0.12828936
v -0.016079186 0.26167786 0.066644594
v -0.015489263 0.2616464 0.05711223
v -0.017704846 0.26161766 0.07475763
v -0.03335221 0.26076633 0.1258504
v -0.027823264 0.26054353 0.13502353
v -0.03652598 0.26103258 0.116774574
v -0.03777536 0.2612188 0.10822746
v -0.037026346 0.26129055 0.10018297
v -0.033815626 0.26130176 0.09069942
v -0.028671585 0.2612831 0.08239754
v -0.022753432 0.26140475 0.07817599
v -0.00033312617 0.25829917 0.14923899
v -0.00033312617 0.25829917 0.14923899
v -0.01763186 0.25987947 0.14553638
v -0.01763186 0.25987947 0.14553638
v 0.03321169 0.24616764 -0.14294212
v 0.023318939 0.22610913 0.16942127
v 0.021307157 0.2367341 0.16505033
v 0.03634484 0.24654694 0.1566891
v 0.039681584 0.22203748 -0.16272373
v 0.025248084 0.21478407 0.17183389
v 0.025116084 0.0016908795 -0.09296326
v 0.026022628 0.009922199 -0.11923613
v 0.027445255 0.02541104 -0.14055979
v 0.027609402 0.04672946 -0.15605104
v 0.0276526 0.07165237 -0.16428185
v 0.026308833 0.0010468811 0.12057994
v -0.016287621 0.26167643 0.07113123
v -0.014242882 0.26161623 0.053636745
v 0.027845705 0.007016018 0.1390653
v -0.01046796 0.26157176 0.0506566
v -0.030969858 0.26064664 0.13021591
v -0.035185006 0.26090115 0.12134035
v -0.037389748 0.26114064 0.112375855
v -0.03766969 0.26126605 0.104291275
v -0.0357791 0.26130122 0.09557328
v -0.02358478 0.2603919 0.14059742
v -0.031190451 0.26129454 0.08603065
v 0.027938852 0.01824972 0.15455198
v -0.009585169 0.2588849 0.14839037
v 0.02799472 0.033711597 0.16579172
v 0.028049158 0.05243066 0.17176265
v 0.02680103 0.2026825 0.17295253
v 0.027580233 0.09580662 -0.16654284
v 0.027521381 0.1821662 0.17330821
v 0.02682068 0.20257072 -0.16661187
v 0.027765194 0.13767837 0.17337647
v 0.027990775 0.08496688 0.17337598
v 0.027036434 0.18540613 -0.16663149
v 0.027280929 0.13986664 -0.16663024
v 0.025947822 0.007867321 -0.009926737
v 0.081141 0.20261411 -0.16611324
v 0.08003147 0.21128587 -0.16491635
v 0.060633298 0.25559342 0.14173275
v 0.08026855 0.20285898 0.16410182
v 0.07561393 0.21511908 0.16336298
v 0.07919343 0.22167684 -0.16142568
v 0.063729264 0.24563284 -0.14046295
v 0.072253354 0.23398206 -0.15339957
v 0.06511609 0.2464705 0.14959337
v 0.06985838 0.22635613 0.16155401
v 0.06386709 0.23680694 0.15787676
v 0.07696753 0.0017067343 -0.0929065
v 0.07696753 0.0047372505 -0.010044841
v 0.08363131 0.07156406 -0.16372122
v 0.08338699 0.094103545 -0.16603428
v 0.07873807 0.009920105 -0.11903693
v 0.08300995 0.025400817 -0.14017445
v 0.08350256 0.046708398 -0.15553892
v 0.08402682 0.0524557 0.16270494
v 0.08384553 0.08498229 0.16429815
v 0.07696752 0.0010523573 0.11230823
v 0.08387316 0.033727877 0.15679777
v 0.08371803 0.01825831 0.1456381
v 0.08345156 0.0070193633 0.13024329
v 0.08243502 0.18217447 0.16432208
v 0.081768036 0.18677156 -0.16616741
v 0.083166115 0.1376791 0.16433403
v 0.08251632 0.13956182 -0.16618128
v 0.055333387 0.26018453 0.13403325
v 0.012551514 0.26615196 0.057399906
v 0.012551514 0.26615196 0.057399906
v 0.077540375 0.25640172 0.04490009
v 0.014386317 0.26647282 0.071561284
v 0.007736283 0.30345577 -0.056018606
v 0.035313338 0.26504856 0.10435395
v 0.034418035 0.2644891 0.11302297
v 0.033458587 0.26535672 0.09525957
v 0.039542906 0.2597975 0.13925248
v 0.006897506 0.2633487 0.1437297
v 0.019109594 0.2632007 0.13855168
v 0.036643844 0.25531995 0.14840582
v 0.028936924 0.26565236 0.08620377
v 0.03121323 0.26369786 0.12123604
v 0.026685646 0.2631722 0.12922484
v 0.0031406502 0.28903162 -0.073764764
v 0.017307948 0.26137537 -0.078018166
v 0.016792256 0.26171166 -0.08230277
v 0.002802121 0.2861036 0.12980346
v 0.017866967 0.29330105 0.10144441
v 0.014154041 0.2945783 0.09642723
v 0.009019043 0.29551136 0.09276707
v 0.0029087807 0.29600638 0.09082762
v 0.013990311 0.28748614 0.124332204
v 0.0177613 0.28874773 0.11935836
v 0.019762311 0.290236 0.113498904
v 0.01979882 0.29180497 0.10732662
v 0.008817814 0.28657496 0.12793379
v 0.010441998 0.26108277 -0.044275932
v 0.014067177 0.26083767 -0.045736857
v 0.009001238 0.312151 0.037909977
v 0.013907263 0.29386204 -0.06413877
v 0.0112833865 0.29545432 -0.06460283
v 0.0018645967 0.23439273 -0.15599763
v 0.0018645967 0.23439273 -0.15599763
v 0.13334864 0.09356711 0.05217483
v 0.0059455675 0.29110032 0.12981327
v 0.0059455675 0.29110032 0.12981327
v 0.008890929 0.29140282 0.12863077
v 0.008890929 0.29140282 0.12863077
v 0.011609636 0.29181564 0.12701732
v 0.011609636 0.29181564 0.12701732
v 0.0028452724 0.2909159 0.13053383
v 0.0028452724 0.2909159 0.13053383
v 0.011609638 0.29996425 0.0951677
v 0.011609638 0.29996425 0.0951677
v 0.008890931 0.30037707 0.093554266
v 0.008890931 0.30037707 0.093554266
v 0.0059455684 0.30067956 0.09237178
v 0.0059455684 0.30067956 0.09237178
v 0.0028452738 0.30086398 0.09165121
v 0.0028452738 0.30086398 0.09165121
v 0.01403366 0.29232895 0.12501095
v 0.01403366 0.29232895 0.12501095
v 0.016104663 0.29292977 0.122662574
v 0.016104663 0.29292977 0.122662574
v 0.01777007 0.29360366 0.120028704
v 0.01777007 0.29360366 0.120028704
v 0.018990647 0.2943337 0.117175266
v 0.018990647 0.2943337 0.117175266
v 0.019734418 0.29510212 0.11417171
v 0.019734418 0.29510212 0.11417171
v 0.019985091 0.2958899 0.11109252
v 0.019985091 0.2958899 0.11109252
v 0.019734418 0.29667777 0.108013324
v 0.019734418 0.29667777 0.108013324
v 0.018990645 0.2974462 0.10500978
v 0.018990645 0.2974462 0.10500978
v 0.017770069 0.29817623 0.10215634
v 0.017770069 0.29817623 0.10215634
v 0.016104663 0.29885012 0.09952246
v 0.016104663 0.29885012 0.09952246
v 0.01403366 0.29945093 0.097174086
v 0.01403366 0.29945093 0.097174086
v 0.005448364 0.2914796 0.1283308
v 0.008160485 0.29175818 0.12724194
v 0.010663904 0.29213828 0.12575625
v 0.0025935778 0.29130983 0.12899429
v 0.010663904 0.2996416 0.09642877
v 0.008160492 0.30002177 0.094943106
v 0.005448368 0.3003003 0.093854256
v 0.0025935792 0.30047005 0.093190745
v 0.012895972 0.29261094 0.12390876
v 0.014802972 0.2931642 0.12174635
v 0.016336499 0.29378468 0.11932106
v 0.017460419 0.2944569 0.116693586
v 0.018145291 0.29516453 0.11392787
v 0.018376114 0.2958899 0.11109252
v 0.018145291 0.29661536 0.10825717
v 0.017460417 0.297323 0.10549147
v 0.016336497 0.2979952 0.10286399
v 0.014802974 0.2986157 0.10043868
v 0.012895972 0.29916894 0.09827627
v 0.013228396 0.26033407 -0.0028746119
v 0.022877172 0.26022106 -0.0028479765
v 0.01541294 0.26167786 0.066644594
v 0.0148230195 0.2616464 0.05711223
v 0.0170386 0.26161766 0.07475763
v 0.032685958 0.26076633 0.1258504
v 0.027157014 0.26054353 0.13502353
v 0.035859734 0.26103258 0.116774574
v 0.037109114 0.2612188 0.10822746
v 0.0363601 0.26129055 0.10018297
v 0.03314938 0.26130176 0.09069942
v 0.028005337 0.2612831 0.08239754
v 0.022087187 0.26140475 0.07817599
v 0.016965607 0.25987947 0.14553638
v 0.016965607 0.25987947 0.14553638
v 0.015621375 0.26167643 0.07113123
v 0.013576636 0.26161623 0.053636745
v 0.009801716 0.26157176 0.0506566
v 0.030303607 0.26064664 0.13021591
v 0.034518752 0.26090115 0.12134035
v 0.036723502 0.26114064 0.112375855
v 0.037003443 0.26126605 0.104291275
v 0.035112854 0.26130122 0.09557328
v 0.022918526 0.2603919 0.14059742
v 0.030524204 0.26129454 0.08603065
v 0.008918917 0.2588849 0.14839037
v -0.004521496 0.24859814 -0.14607973
v 0.0038552699 0.24859814 -0.14607973
v -0.00033311313 0.25102454 -0.14940983
v -0.003154916 0.25078493 -0.14908105
v -0.0044414573 0.24972947 -0.1476324
v -0.0044414573 0.24972947 -0.1476324
v 0.021612655 0.2970785 0.10075007
v 0.021612655 0.2970785 0.10075007
v 0.021612655 0.2970785 0.10075007
v 0.021612655 0.2970785 0.10075007
v 0.02201846 0.31209987 0.11281864
v 0.02201846 0.31209987 0.11281864
v 0.021764815 0.3102625 0.11948781
v 0.021764815 0.3102625 0.11948781
v 0.019385649 0.3085832 0.12576747
v 0.019385649 0.3085832 0.12576747
v 0.0151154995 0.30722606 0.131044
v 0.0151154995 0.30722606 0.131044
v 0.020122217 0.3139156 0.10641272
v 0.020122217 0.3139156 0.10641272
v -0.0025989744 0.31778657 0.09436034
v -0.0025989744 0.31778657 0.09436034
v -0.009254454 0.31742817 0.09622882
v -0.009254454 0.31742817 0.09622882
v 0.00431654 0.3175664 0.094562784
v 0.00431654 0.3175664 0.094562784
v 0.010815572 0.31678933 0.09681587
v 0.010815572 0.31678933 0.09681587
v 0.01626211 0.3155315 0.10089848
v 0.01626211 0.3155315 0.10089848
v 0.009371888 0.30632412 0.13480048
v 0.009371888 0.30632412 0.13480048
v 0.002716418 0.30596566 0.13666902
v 0.002716418 0.30596566 0.13666902
v -0.004199324 0.30618578 0.13646679
v -0.004199324 0.30618578 0.13646679
v -0.010698198 0.3069629 0.13421363
v -0.010698198 0.3069629 0.13421363
v -0.016144088 0.30822098 0.13013013
v -0.016144088 0.30822098 0.13013013
v -0.021899953 0.3116523 0.11821085
v -0.021899953 0.3116523 0.11821085
v -0.021646483 0.31348968 0.11154184
v -0.021646483 0.31348968 0.11154184
v -0.019268375 0.31516916 0.10526175
v -0.019268375 0.31516916 0.10526175
v -0.02000396 0.30983686 0.12461594
v -0.02000396 0.30983686 0.12461594
v -0.014998376 0.31652623 0.09998525
v -0.014998376 0.31652623 0.09998525
v 0.025290167 0.29552376 0.10925682
v 0.025290167 0.29552376 0.10925682
v 0.025290167 0.29552376 0.10925682
v 0.025098737 0.2941367 0.1142914
v 0.025098737 0.2941367 0.1142914
v 0.025098737 0.2941367 0.1142914
v 0.021380309 0.2915119 0.12410678
v 0.021380309 0.2915119 0.12410678
v 0.021380309 0.2915119 0.12410678
v 0.018156968 0.2904874 0.12808987
v 0.018156968 0.2904874 0.12808987
v 0.018156968 0.2904874 0.12808987
v -0.004815565 0.30247837 0.086682975
v -0.004815565 0.30247837 0.086682975
v -0.004815565 0.30247837 0.086682975
v -0.00983975 0.30220783 0.0880935
v -0.00983975 0.30220783 0.0880935
v -0.00983975 0.30220783 0.0880935
v 0.010899449 0.30154765 0.08870016
v 0.010899449 0.30154765 0.08870016
v 0.010899449 0.30154765 0.08870016
v 0.005993578 0.30213428 0.086999334
v 0.005993578 0.30213428 0.086999334
v 0.005993578 0.30213428 0.086999334
v 0.022326346 0.29836172 0.09924437
v 0.022326346 0.29836172 0.09924437
v 0.022326346 0.29836172 0.09924437
v 0.019412374 0.2995816 0.09508163
v 0.019412374 0.2995816 0.09508163
v 0.019412374 0.2995816 0.09508163
v 0.009179499 0.2890777 0.13396132
v 0.009179499 0.2890777 0.13396132
v 0.009179499 0.2890777 0.13396132
v 0.004155316 0.2888071 0.13537186
v 0.004155316 0.2888071 0.13537186
v 0.004155316 0.2888071 0.13537186
v -0.0066541596 0.28915113 0.13505578
v -0.0066541596 0.28915113 0.13505578
v -0.0066541596 0.28915113 0.13505578
v -0.011560074 0.28973782 0.13335489
v -0.011560074 0.28973782 0.13335489
v -0.011560074 0.28973782 0.13335489
v -0.025949404 0.2957616 0.11279834
v -0.025949404 0.2957616 0.11279834
v -0.025949404 0.2957616 0.11279834
v -0.025758063 0.2971486 0.10776398
v -0.025758063 0.2971486 0.10776398
v -0.025758063 0.2971486 0.10776398
v -0.022041008 0.29977363 0.09794804
v -0.022041008 0.29977363 0.09794804
v -0.022041008 0.29977363 0.09794804
v -0.018817645 0.30079806 0.093964875
v -0.018817645 0.30079806 0.093964875
v -0.018817645 0.30079806 0.093964875
v -0.020072138 0.29170418 0.12697226
v -0.020072138 0.29170418 0.12697226
v -0.020072138 0.29170418 0.12697226
v -0.022985911 0.292924 0.12280968
v -0.022985911 0.292924 0.12280968
v -0.022985911 0.292924 0.12280968
v 0.025638958 0.3100835 0.11328142
v 0.025638958 0.3100835 0.11328142
v 0.025638958 0.3100835 0.11328142
v 0.025447521 0.3086964 0.118315995
v 0.025447521 0.3086964 0.118315995
v 0.025447521 0.3086964 0.118315995
v 0.021729095 0.30607158 0.12813137
v 0.021729095 0.30607158 0.12813137
v 0.021729095 0.30607158 0.12813137
v 0.018505756 0.30504715 0.13211447
v 0.018505756 0.30504715 0.13211447
v 0.018505756 0.30504715 0.13211447
v -0.004466779 0.31703812 0.09070758
v -0.004466779 0.31703812 0.09070758
v -0.004466779 0.31703812 0.09070758
v -0.009490961 0.3167675 0.0921181
v -0.009490961 0.3167675 0.0921181
v -0.009490961 0.3167675 0.0921181
v 0.0112482365 0.31610733 0.09272476
v 0.0112482365 0.31610733 0.09272476
v 0.0112482365 0.31610733 0.09272476
v 0.006342365 0.31669396 0.09102394
v 0.006342365 0.31669396 0.09102394
v 0.006342365 0.31669396 0.09102394
v 0.02267513 0.31292146 0.10326897
v 0.02267513 0.31292146 0.10326897
v 0.02267513 0.31292146 0.10326897
v 0.019761162 0.31414127 0.09910622
v 0.019761162 0.31414127 0.09910622
v 0.019761162 0.31414127 0.09910622
v 0.009528285 0.3036374 0.13798593
v 0.009528285 0.3036374 0.13798593
v 0.009528285 0.3036374 0.13798593
v 0.0045041027 0.30336678 0.13939647
v 0.0045041027 0.30336678 0.13939647
v 0.0045041027 0.30336678 0.13939647
v -0.006305374 0.30371082 0.13908038
v -0.006305374 0.30371082 0.13908038
v -0.006305374 0.30371082 0.13908038
v -0.011211289 0.3042975 0.13737948
v -0.011211289 0.3042975 0.13737948
v -0.011211289 0.3042975 0.13737948
v -0.025600621 0.31032127 0.11682294
v -0.025600621 0.31032127 0.11682294
v -0.025600621 0.31032127 0.11682294
v -0.025409272 0.31170833 0.111788586
v -0.025409272 0.31170833 0.111788586
v -0.025409272 0.31170833 0.111788586
v -0.021692226 0.31433332 0.10197264
v -0.021692226 0.31433332 0.10197264
v -0.021692226 0.31433332 0.10197264
v -0.018468864 0.3153578 0.09798948
v -0.018468864 0.3153578 0.09798948
v -0.018468864 0.3153578 0.09798948
v -0.019723356 0.30626386 0.13099687
v -0.019723356 0.30626386 0.13099687
v -0.019723356 0.30626386 0.13099687
v -0.022637123 0.30748367 0.12683427
v -0.022637123 0.30748367 0.12683427
v -0.022637123 0.30748367 0.12683427
v 0.024103582 0.31169647 0.112530544
v 0.024103582 0.31169647 0.112530544
v 0.024103582 0.31169647 0.112530544
v 0.024103582 0.31169647 0.112530544
v 0.023831857 0.30972797 0.11967553
v 0.023831857 0.30972797 0.11967553
v 0.023831857 0.30972797 0.11967553
v 0.023831857 0.30972797 0.11967553
v 0.02117061 0.30784953 0.12669967
v 0.02117061 0.30784953 0.12669967
v 0.02117061 0.30784953 0.12669967
v 0.02117061 0.30784953 0.12669967
v 0.016596012 0.30639565 0.13235243
v 0.016596012 0.30639565 0.13235243
v 0.016596012 0.30639565 0.13235243
v 0.016596012 0.30639565 0.13235243
v 0.021982526 0.31372744 0.105365165
v 0.021982526 0.31372744 0.105365165
v 0.021982526 0.31372744 0.105365165
v 0.021982526 0.31372744 0.105365165
v -0.0029430364 0.31794435 0.09225068
v -0.0029430364 0.31794435 0.09225068
v -0.0029430364 0.31794435 0.09225068
v -0.0029430364 0.31794435 0.09225068
v -0.010073272 0.31756032 0.09425246
v -0.010073272 0.31756032 0.09425246
v -0.010073272 0.31756032 0.09425246
v -0.010073272 0.31756032 0.09425246
v 0.0047923555 0.31769806 0.09247713
v 0.0047923555 0.31769806 0.09247713
v 0.0047923555 0.31769806 0.09247713
v 0.0047923555 0.31769806 0.09247713
v 0.011754759 0.31686556 0.09489089
v 0.011754759 0.31686556 0.09489089
v 0.011754759 0.31686556 0.09489089
v 0.011754759 0.31686556 0.09489089
v 0.017847035 0.3154586 0.0994575
v 0.017847035 0.3154586 0.0994575
v 0.017847035 0.3154586 0.0994575
v 0.017847035 0.3154586 0.0994575
v 0.010171462 0.30538678 0.13655429
v 0.010171462 0.30538678 0.13655429
v 0.010171462 0.30538678 0.13655429
v 0.010171462 0.30538678 0.13655429
v 0.0030412315 0.30500275 0.13855611
v 0.0030412315 0.30500275 0.13855611
v 0.0030412315 0.30500275 0.13855611
v 0.0030412315 0.30500275 0.13855611
v -0.004694429 0.30524898 0.1383299
v -0.004694429 0.30524898 0.1383299
v -0.004694429 0.30524898 0.1383299
v -0.004694429 0.30524898 0.1383299
v -0.011656839 0.30608153 0.13591602
v -0.011656839 0.30608153 0.13591602
v -0.011656839 0.30608153 0.13591602
v -0.011656839 0.30608153 0.13591602
v -0.01774838 0.3074888 0.13134839
v -0.01774838 0.3074888 0.13134839
v -0.01774838 0.3074888 0.13134839
v -0.01774838 0.3074888 0.13134839
v -0.024004346 0.31125057 0.11827642
v -0.024004346 0.31125057 0.11827642
v -0.024004346 0.31125057 0.11827642
v -0.024004346 0.31125057 0.11827642
v -0.023732798 0.313219 0.111131735
v -0.023732798 0.313219 0.111131735
v -0.023732798 0.313219 0.111131735
v -0.023732798 0.313219 0.111131735
v -0.02107274 0.31509757 0.1041071
v -0.02107274 0.31509757 0.1041071
v -0.02107274 0.31509757 0.1041071
v -0.02107274 0.31509757 0.1041071
v -0.021883566 0.3092199 0.1254409
v -0.021883566 0.3092199 0.1254409
v -0.021883566 0.3092199 0.1254409
v -0.021883566 0.3092199 0.1254409
v -0.01649819 0.31655145 0.098454244
v -0.01649819 0.31655145 0.098454244
v -0.01649819 0.31655145 0.098454244
v -0.01649819 0.31655145 0.098454244
v 3.1181145E-05 0.31072026 0.115195125
v 0.020678025 0.31114036 0.112718895
v 0.020678025 0.31114036 0.112718895
v 0.020439604 0.3094132 0.1189878
v 0.020439604 0.3094132 0.1189878
v 0.01820321 0.30783468 0.12489061
v 0.01820321 0.30783468 0.12489061
v 0.014189266 0.30655897 0.12985055
v 0.014189266 0.30655897 0.12985055
v 0.018895578 0.31284708 0.10669739
v 0.018895578 0.31284708 0.10669739
v -0.002462161 0.31648576 0.09536828
v -0.002462161 0.31648576 0.09536828
v -0.008718232 0.31614888 0.097124636
v -0.008718232 0.31614888 0.097124636
v 0.0040383567 0.31627882 0.095558584
v 0.0040383567 0.31627882 0.095558584
v 0.010147443 0.31554836 0.09767648
v 0.010147443 0.31554836 0.09767648
v 0.015267141 0.31436598 0.10151409
v 0.015267141 0.31436598 0.10151409
v 0.008790331 0.30571115 0.13338162
v 0.008790331 0.30571115 0.13338162
v 0.002534269 0.3053742 0.13513803
v 0.002534269 0.3053742 0.13513803
v -0.003966459 0.30558115 0.13494793
v -0.003966459 0.30558115 0.13494793
v -0.010075338 0.3063116 0.13282998
v -0.010075338 0.3063116 0.13282998
v -0.015194418 0.30749422 0.12899153
v -0.015194418 0.30749422 0.12899153
v -0.020604875 0.3107196 0.117787525
v -0.020604875 0.3107196 0.117787525
v -0.02036662 0.3124467 0.111518726
v -0.02036662 0.3124467 0.111518726
v -0.018131219 0.3140254 0.1056155
v -0.018131219 0.3140254 0.1056155
v -0.018822657 0.30901307 0.12380825
v -0.018822657 0.30901307 0.12380825
v -0.014117463 0.31530106 0.100655645
v -0.014117463 0.31530106 0.100655645
v 0.022592526 0.30923694 0.12334202
v 0.022592526 0.30923694 0.12334202
v 0.020743959 0.30940264 0.12268613
v 0.020743959 0.30940264 0.12268613
v 0.01948002 0.30860496 0.1219942
v 0.01948002 0.30860496 0.1219942
v -0.00081876526 0.30556095 0.138652
v -0.00081876526 0.30556095 0.138652
v -0.00081876526 0.30556095 0.138652
v -0.0007480327 0.306028 0.13674106
v -0.0007480327 0.306028 0.13674106
v -0.0007222784 0.30543286 0.13520575
v -0.0007222784 0.30543286 0.13520575
v 0.013442425 0.30632907 0.13464807
v 0.013442425 0.30632907 0.13464807
v 0.012343902 0.30673313 0.1330654
v 0.012343902 0.30673313 0.1330654
v 0.011583995 0.30609566 0.13175066
v 0.011583995 0.30609566 0.13175066
v -0.014744429 0.30722618 0.13382398
v -0.014744429 0.30722618 0.13382398
v -0.013532003 0.3075567 0.13230887
v -0.013532003 0.3075567 0.13230887
v -0.012739088 0.3068698 0.13103952
v -0.012739088 0.3068698 0.13103952
v -0.023015266 0.3106886 0.12200831
v -0.023015266 0.3106886 0.12200831
v -0.021124756 0.3107353 0.12146191
v -0.021124756 0.3107353 0.12146191
v -0.019876197 0.3098576 0.120843485
v -0.019876197 0.3098576 0.120843485
v -0.022472143 0.31462574 0.10771811
v -0.022472143 0.31462574 0.10771811
v -0.02062616 0.3143496 0.108343296
v -0.02062616 0.3143496 0.108343296
v -0.019407524 0.313255 0.10851212
v -0.019407524 0.313255 0.10851212
v -0.013322478 0.31753367 0.096411735
v -0.013322478 0.31753367 0.096411735
v -0.012226626 0.31701916 0.09796387
v -0.012226626 0.31701916 0.09796387
v -0.011512049 0.31576437 0.09875556
v -0.011512049 0.31576437 0.09875556
v 0.0009387643 0.31830168 0.09240802
v 0.0009387643 0.31830168 0.09240802
v 0.0009387643 0.31830168 0.09240802
v 0.00086535653 0.31772423 0.09428841
v 0.00086535653 0.31772423 0.09428841
v 0.00079427334 0.3164271 0.095300674
v 0.00079427334 0.3164271 0.095300674
v 0.014864635 0.31663668 0.0972355
v 0.014864635 0.31663668 0.0972355
v 0.013649702 0.31619567 0.09872018
v 0.013649702 0.31619567 0.09872018
v 0.012811506 0.31499028 0.09946652
v 0.012811506 0.31499028 0.09946652
v 0.023136314 0.3131742 0.1090513
v 0.023136314 0.3131742 0.1090513
v 0.02124315 0.31301707 0.109567165
v 0.02124315 0.31301707 0.109567165
v 0.01994924 0.31200248 0.10966254
v 0.01994924 0.31200248 0.10966254
v 0.018966695 0.30756915 0.1297083
v 0.018966695 0.30756915 0.1297083
v 0.019896135 0.29094422 0.12618725
v 0.019896135 0.29094422 0.12618725
v 0.020252764 0.3058313 0.13030235
v 0.020252764 0.3058313 0.13030235
v 0.017391898 0.30787194 0.12851171
v 0.017391898 0.30787194 0.12851171
v 0.016329087 0.30716616 0.12747021
v 0.016329087 0.30716616 0.12747021
v 0.024070723 0.3111725 0.11623381
v 0.024070723 0.3111725 0.11623381
v 0.025356522 0.29479927 0.11177173
v 0.025356522 0.29479927 0.11177173
v 0.025713153 0.3096863 0.11588682
v 0.025713153 0.3096863 0.11588682
v 0.022071252 0.31117547 0.11615853
v 0.022071252 0.31117547 0.11615853
v 0.020727651 0.31027138 0.115858346
v 0.020727651 0.31027138 0.115858346
v 0.020002188 0.31506824 0.10248943
v 0.020002188 0.31506824 0.10248943
v 0.02100386 0.29896706 0.0970675
v 0.02100386 0.29896706 0.0970675
v 0.02136049 0.31385416 0.10118259
v 0.02136049 0.31385416 0.10118259
v 0.018341314 0.31474698 0.10355799
v 0.018341314 0.31474698 0.10355799
v 0.017221559 0.31362855 0.10401399
v 0.017221559 0.31362855 0.10401399
v 0.008316217 0.31776732 0.09372869
v 0.008316217 0.31776732 0.09372869
v 0.008501839 0.30185467 0.08769487
v 0.008501839 0.30185467 0.08769487
v 0.008858468 0.3167417 0.091809966
v 0.008858468 0.3167417 0.091809966
v 0.0076277596 0.31722146 0.09552634
v 0.0076277596 0.31722146 0.09552634
v 0.007150902 0.31595457 0.09646432
v 0.007150902 0.31595457 0.09646432
v -0.0065222355 0.3182397 0.09329453
v -0.0065222355 0.3182397 0.09329453
v -0.007372878 0.30236 0.08723042
v -0.007372878 0.30236 0.08723042
v -0.0070162495 0.3172471 0.09134552
v -0.0070162495 0.3172471 0.09134552
v -0.0059759305 0.3176545 0.09512827
v -0.0059759305 0.3176545 0.09512827
v -0.005636459 0.3163616 0.09609012
v -0.005636459 0.3163616 0.09609012
v -0.018846706 0.3163045 0.10135448
v -0.018846706 0.3163045 0.10135448
v -0.02055806 0.30028963 0.09585326
v -0.02055806 0.30028963 0.09585326
v -0.02020143 0.31517673 0.09996835
v -0.02020143 0.31517673 0.09996835
v -0.017274775 0.31588036 0.102517486
v -0.017274775 0.31588036 0.102517486
v -0.016257256 0.31469393 0.10303592
v -0.016257256 0.31469393 0.10303592
v -0.023949327 0.312701 0.114829436
v -0.023949327 0.312701 0.114829436
v -0.026017042 0.29643446 0.11026927
v -0.026017042 0.29643446 0.11026927
v -0.02566041 0.31132156 0.11438436
v -0.02566041 0.31132156 0.11438436
v -0.021952776 0.3125767 0.1148711
v -0.021952776 0.3125767 0.1148711
v -0.020654522 0.31158853 0.114648186
v -0.020654522 0.31158853 0.114648186
v -0.019881163 0.30880558 0.12857258
v -0.019881163 0.30880558 0.12857258
v -0.021664763 0.29226702 0.124972194
v -0.021664763 0.29226702 0.124972194
v -0.021308135 0.30715412 0.1290873
v -0.021308135 0.30715412 0.1290873
v -0.01822315 0.3090055 0.12747057
v -0.01822315 0.3090055 0.12747057
v -0.017148718 0.30823165 0.12649156
v -0.017148718 0.30823165 0.12649156
v -0.008196128 0.3061062 0.13733442
v -0.008196128 0.3061062 0.13733442
v -0.00916368 0.28937912 0.13434593
v -0.00916368 0.28937912 0.13434593
v -0.008807049 0.3042662 0.13846102
v -0.008807049 0.3042662 0.13846102
v -0.00751051 0.30653077 0.13550326
v -0.00751051 0.30653077 0.13550326
v -0.007078943 0.3059054 0.13404222
v -0.007078943 0.3059054 0.13404222
v 0.0066426382 0.3056339 0.13776833
v 0.0066426382 0.3056339 0.13776833
v 0.006711392 0.28887385 0.13481013
v 0.006711392 0.28887385 0.13481013
v 0.00706802 0.30376095 0.13892524
v 0.00706802 0.30376095 0.13892524
v 0.0060933973 0.30609775 0.13590106
v 0.0060933973 0.30609775 0.13590106
v 0.0057085897 0.30549836 0.13441615
v 0.0057085897 0.30549836 0.13441615
v 0.023747902 0.2939332 0.111471966
v 0.023747902 0.2939332 0.111471966
v 0.023463799 0.29307377 0.115079165
v 0.023463799 0.29307377 0.115079165
v 0.023463799 0.29307377 0.115079165
v 0.023463799 0.29307377 0.115079165
v 0.018624723 0.29031634 0.12499702
v 0.018624723 0.29031634 0.12499702
v 0.01621799 0.28973728 0.12777233
v 0.01621799 0.28973728 0.12777233
v 0.01621799 0.28973728 0.12777233
v 0.01621799 0.28973728 0.12777233
v 0.022529699 0.29599887 0.10436146
v 0.022529699 0.29599887 0.10436146
v 0.023735952 0.29504538 0.10792302
v 0.023735952 0.29504538 0.10792302
v 0.023735952 0.29504538 0.10792302
v 0.023735952 0.29504538 0.10792302
v 0.021990532 0.29209495 0.11853112
v 0.021990532 0.29209495 0.11853112
v 0.020799743 0.29119343 0.12211074
v 0.020799743 0.29119343 0.12211074
v 0.020799743 0.29119343 0.12211074
v 0.020799743 0.29119343 0.12211074
v -0.0069598383 0.30102694 0.0884466
v -0.0069598383 0.30102694 0.0884466
v -0.010486261 0.30091655 0.089622416
v -0.010486261 0.30091655 0.089622416
v -0.010486261 0.30091655 0.089622416
v -0.010486261 0.30091655 0.089622416
v 0.0005201199 0.30108297 0.087859124
v 0.0005201199 0.30108297 0.087859124
v 0.0005201199 0.30108297 0.087859124
v -0.0033448746 0.30130118 0.0876175
v -0.0033448746 0.30130118 0.0876175
v -0.0033448746 0.30130118 0.0876175
v -0.0033448746 0.30130118 0.0876175
v 0.007934278 0.3005528 0.08888239
v 0.007934278 0.3005528 0.08888239
v 0.0043986873 0.3010546 0.08784419
v 0.0043986873 0.3010546 0.08784419
v 0.0043986873 0.3010546 0.08784419
v 0.0043986873 0.3010546 0.08784419
v 0.014328096 0.29943198 0.09264574
v 0.014328096 0.29943198 0.09264574
v 0.011371983 0.3002208 0.09026173
v 0.011371983 0.3002208 0.09026173
v 0.011371983 0.3002208 0.09026173
v 0.011371983 0.3002208 0.09026173
v 0.019664098 0.29784358 0.097675994
v 0.019664098 0.29784358 0.097675994
v 0.0174707 0.2988124 0.094833165
v 0.0174707 0.2988124 0.094833165
v 0.0174707 0.2988124 0.094833165
v 0.0174707 0.2988124 0.094833165
v 0.012917891 0.2892117 0.12974146
v 0.012917891 0.2892117 0.12974146
v 0.009786652 0.28872728 0.13197863
v 0.009786652 0.28872728 0.13197863
v 0.009786652 0.28872728 0.13197863
v 0.009786652 0.28872728 0.13197863
v 0.006254433 0.28837383 0.13308726
v 0.006254433 0.28837383 0.13308726
v 0.0026452723 0.2883427 0.13398358
v 0.0026452723 0.2883427 0.13398358
v 0.0026452723 0.2883427 0.13398358
v 0.0026452723 0.2883427 0.13398358
v -0.0012225145 0.28845012 0.13371147
v -0.0012225145 0.28845012 0.13371147
v -0.0012225145 0.28845012 0.13371147
v -0.0050985636 0.28858918 0.13375713
v -0.0050985636 0.28858918 0.13375713
v -0.0050985636 0.28858918 0.13375713
v -0.0050985636 0.28858918 0.13375713
v -0.008640016 0.28884792 0.13265173
v -0.008640016 0.28884792 0.13265173
v -0.012071863 0.28942305 0.13133949
v -0.012071863 0.28942305 0.13133949
v -0.012071863 0.28942305 0.13133949
v -0.012071863 0.28942305 0.13133949
v -0.015030248 0.29010123 0.12892435
v -0.015030248 0.29010123 0.12892435
v -0.01816984 0.29083174 0.12676702
v -0.01816984 0.29083174 0.12676702
v -0.01816984 0.29083174 0.12676702
v -0.01816984 0.29083174 0.12676702
v -0.024452329 0.29546744 0.11006231
v -0.024452329 0.29546744 0.11006231
v -0.02416254 0.29656994 0.106522396
v -0.02416254 0.29656994 0.106522396
v -0.02416254 0.29656994 0.106522396
v -0.02416254 0.29656994 0.106522396
v -0.022692516 0.29743809 0.10303956
v -0.022692516 0.29743809 0.10303956
v -0.021499671 0.29845047 0.09949033
v -0.021499671 0.29845047 0.09949033
v -0.021499671 0.29845047 0.09949033
v -0.021499671 0.29845047 0.09949033
v -0.023231044 0.29353434 0.117208734
v -0.023231044 0.29353434 0.117208734
v -0.024434518 0.2945984 0.113678254
v -0.024434518 0.2945984 0.113678254
v -0.024434518 0.2945984 0.113678254
v -0.024434518 0.2945984 0.113678254
v -0.019330556 0.29908448 0.0965368
v -0.019330556 0.29908448 0.0965368
v -0.016917966 0.2999066 0.09382864
v -0.016917966 0.2999066 0.09382864
v -0.016917966 0.2999066 0.09382864
v -0.016917966 0.2999066 0.09382864
v -0.020368898 0.29155743 0.12385702
v -0.020368898 0.29155743 0.12385702
v -0.02231149 0.29256558 0.120850295
v -0.02231149 0.29256558 0.120850295
v -0.02231149 0.29256558 0.120850295
v -0.02231149 0.29256558 0.120850295
v -0.013620339 0.3003214 0.091828935
v -0.013620339 0.3003214 0.091828935
v 0.023665408 0.29345858 0.113243595
v 0.023665408 0.29345858 0.113243595
v 0.017480377 0.28997147 0.12639055
v 0.017480377 0.28997147 0.12639055
v 0.023060588 0.29551107 0.10610102
v 0.023060588 0.29551107 0.10610102
v 0.021358188 0.29164177 0.120245606
v 0.021358188 0.29164177 0.120245606
v -0.008720369 0.30093998 0.08895989
v -0.008720369 0.30093998 0.08895989
v -0.0013600662 0.3011523 0.08779047
v -0.0013600662 0.3011523 0.08779047
v 0.006205714 0.3007673 0.088302314
v 0.006205714 0.3007673 0.088302314
v 0.012856469 0.29978245 0.09152494
v 0.012856469 0.29978245 0.09152494
v 0.018627774 0.29828227 0.096225366
v 0.018627774 0.29828227 0.096225366
v 0.011364579 0.28896803 0.13077706
v 0.011364579 0.28896803 0.13077706
v 0.0044853906 0.28829503 0.1335718
v 0.0044853906 0.28829503 0.1335718
v -0.003103919 0.28851116 0.13367298
v -0.003103919 0.28851116 0.13367298
v -0.010357915 0.28906995 0.13204347
v -0.010357915 0.28906995 0.13204347
v -0.016520936 0.29044563 0.12782708
v -0.016520936 0.29044563 0.12782708
v -0.024369292 0.2959664 0.10829748
v -0.024369292 0.2959664 0.10829748
v -0.022060249 0.29790193 0.101327874
v -0.022060249 0.29790193 0.101327874
v -0.0237616 0.29403257 0.11547235
v -0.0237616 0.29403257 0.11547235
v -0.018185616 0.29945374 0.09514997
v -0.018185616 0.29945374 0.09514997
v -0.021379368 0.29200017 0.12238957
v -0.021379368 0.29200017 0.12238957
v -0.0120666735 0.30057567 0.09079628
v -0.0120666735 0.30057567 0.09079628
v 0.023989651 0.31063288 0.117980644
v 0.023989651 0.31063288 0.117980644
v 0.01782707 0.3071584 0.13107996
v 0.01782707 0.3071584 0.13107996
v 0.023637896 0.31260562 0.11079656
v 0.023637896 0.31260562 0.11079656
v 0.021920254 0.30870885 0.12504168
v 0.021920254 0.30870885 0.12504168
v -0.008278678 0.31808716 0.09378501
v -0.008278678 0.31808716 0.09378501
v -0.00096287904 0.3182884 0.09235095
v -0.00096287904 0.3182884 0.09235095
v 0.006593297 0.31791508 0.09312985
v 0.006593297 0.31791508 0.09312985
v 0.013355812 0.31690955 0.09610914
v 0.013355812 0.31690955 0.09610914
v 0.018970305 0.3154391 0.1010242
v 0.018970305 0.3154391 0.1010242
v 0.011853127 0.30601668 0.13564616
v 0.011853127 0.30601668 0.13564616
v 0.004879205 0.30548805 0.1382352
v 0.004879205 0.30548805 0.1382352
v -0.0027191434 0.3055573 0.13855979
v -0.0027191434 0.3055573 0.13855979
v -0.009910289 0.30626017 0.13671242
v -0.009910289 0.30626017 0.13671242
v -0.016230507 0.30750632 0.13266946
v -0.016230507 0.30750632 0.13266946
v -0.023870908 0.31313157 0.113052554
v -0.023870908 0.31313157 0.113052554
v -0.021803496 0.31501597 0.10598019
v -0.021803496 0.31501597 0.10598019
v -0.02352008 0.3111192 0.120225176
v -0.02352008 0.3111192 0.120225176
v -0.017709687 0.31660628 0.099952705
v -0.017709687 0.31660628 0.099952705
v -0.020891804 0.30917972 0.12709355
v -0.020891804 0.30917972 0.12709355
v -0.011736385 0.3177082 0.09537553
v -0.011736385 0.3177082 0.09537553
v 0.009062685 0.3060286 0.1340529
v -0.01937362 0.309429 0.1241941
v 0.014622595 0.30690175 0.13041656
v 0.018756196 0.30821544 0.12530875
v 0.01946921 0.31337732 0.10657306
v -0.018661564 0.31459075 0.10545891
v 0.02105927 0.30984104 0.11922994
v 0.021304801 0.3116197 0.1127741
v 0.015732571 0.31494153 0.1012352
v -0.020963615 0.31296504 0.11153814
v -0.021208974 0.31118637 0.11799385
v 0.01046023 0.31615913 0.09728317
v -0.015637197 0.30786484 0.1295319
v 0.004169024 0.31691134 0.09510213
v -0.010365487 0.306647 0.13348481
v -0.014528131 0.31590444 0.10035117
v -0.0025253107 0.3171245 0.09490615
v -0.008967919 0.31677753 0.096714884
v -0.0040744683 0.30589473 0.13566591
v 0.0026200856 0.30568165 0.13586168
v 0.024321286 0.30974257 0.11140914
v 0.024321286 0.30974257 0.11140914
v 0.023673343 0.29355192 0.11580354
v 0.023673343 0.29355192 0.11580354
v -0.02400926 0.31128085 0.10999592
v -0.02400926 0.31128085 0.10999592
v -0.022001253 0.2990136 0.09996812
v -0.022001253 0.2990136 0.09996812
v 0.01768429 0.31352657 0.098289736
v 0.01768429 0.31352657 0.098289736
v 0.022120545 0.2976095 0.101257406
v 0.022120545 0.2976095 0.101257406
v 0.021666389 0.30581903 0.1258316
v 0.021666389 0.30581903 0.1258316
v 0.016055051 0.29022223 0.12850404
v 0.016055051 0.29022223 0.12850404
v -0.022456698 0.30722338 0.12454155
v -0.022456698 0.30722338 0.12454155
v -0.02465495 0.2950902 0.11439003
v -0.02465495 0.2950902 0.11439003
v 0.010402378 0.28933454 0.13220109
v 0.010402378 0.28933454 0.13220109
v -0.016724616 0.30069065 0.0934477
v -0.016724616 0.30069065 0.0934477
v 0.002177834 0.28889155 0.13451014
v 0.002177834 0.28889155 0.13451014
v -0.017686164 0.30522633 0.1313567
v -0.017686164 0.30522633 0.1313567
v -0.004628466 0.28910822 0.13431111
v -0.004628466 0.28910822 0.13431111
v -0.010739021 0.31549847 0.09359768
v -0.010739021 0.31549847 0.09359768
v -0.0028470398 0.30202127 0.08744171
v -0.0028470398 0.30202127 0.08744171
v -0.012659434 0.29006857 0.13152677
v -0.012659434 0.29006857 0.13152677
v 0.0039590006 0.30180454 0.087640986
v 0.0039590006 0.30180454 0.087640986
v 0.011989951 0.30084425 0.09042517
v 0.011989951 0.30084425 0.09042517
v 0.02526961 0.2943759 0.11332767
v 0.02526961 0.2943759 0.11332767
v 0.018878365 0.29063714 0.12740266
v 0.018878365 0.29063714 0.12740266
v -0.008917476 0.3022734 0.087693244
v -0.008917476 0.3022734 0.087693244
v 0.0069765714 0.30203342 0.08719586
v 0.0069765714 0.30203342 0.08719586
v 0.020080477 0.29934466 0.09579764
v 0.020080477 0.29934466 0.09579764
v 0.0051515126 0.2888019 0.13522135
v 0.0051515126 0.2888019 0.13522135
v -0.010669794 0.28957146 0.13379629
v -0.010669794 0.28957146 0.13379629
v -0.02592995 0.29686642 0.108715795
v -0.02592995 0.29686642 0.108715795
v -0.01954007 0.30060542 0.09464022
v -0.01954007 0.30060542 0.09464022
v -0.022541795 0.2926519 0.12367213
v -0.022541795 0.2926519 0.12367213
v 0.025624907 0.30920732 0.11742738
v 0.025624907 0.30920732 0.11742738
v 0.01923366 0.30546856 0.13150239
v 0.01923366 0.30546856 0.13150239
v -0.00856218 0.31710482 0.091792956
v -0.00856218 0.31710482 0.091792956
v 0.007331868 0.3168649 0.091295585
v 0.007331868 0.3168649 0.091295585
v 0.020435777 0.31417608 0.099897355
v 0.020435777 0.31417608 0.099897355
v 0.0055068084 0.30363333 0.13932106
v 0.0055068084 0.30363333 0.13932106
v -0.0103145 0.30440295 0.137896
v -0.0103145 0.30440295 0.137896
v -0.025574654 0.3116979 0.11281551
v -0.025574654 0.3116979 0.11281551
v -0.01918478 0.31543684 0.09873993
v -0.01918478 0.31543684 0.09873993
v -0.0221865 0.30748332 0.12777184
v -0.0221865 0.30748332 0.12777184
v 0.025748242 0.30873972 0.11269089
v 0.025748242 0.30873972 0.11269089
v 0.025236797 0.29454088 0.11463247
v 0.025236797 0.29454088 0.11463247
v -0.02556964 0.31037313 0.111190185
v -0.02556964 0.31037313 0.111190185
v -0.022269418 0.30022162 0.098162055
v -0.022269418 0.30022162 0.098162055
v 0.019719077 0.3128125 0.09847461
v 0.019719077 0.3128125 0.09847461
v 0.02257008 0.29879475 0.099472195
v 0.02257008 0.29879475 0.099472195
v 0.021935198 0.30469263 0.12766002
v 0.021935198 0.30469263 0.12766002
v 0.018140897 0.2908864 0.1284631
v 0.018140897 0.2908864 0.1284631
v -0.02290315 0.30611974 0.12634912
v -0.02290315 0.30611974 0.12634912
v -0.026080986 0.29617435 0.11313152
v -0.026080986 0.29617435 0.11313152
v 0.009435551 0.28951937 0.1341566
v 0.009435551 0.28951937 0.1341566
v -0.018779252 0.30133086 0.093849204
v -0.018779252 0.30133086 0.093849204
v 0.003995514 0.28922635 0.13568388
v 0.003995514 0.28922635 0.13568388
v -0.019748205 0.30479896 0.13085625
v -0.019748205 0.30479896 0.13085625
v -0.006486329 0.28956002 0.13537738
v -0.006486329 0.28956002 0.13537738
v -0.009769312 0.31539488 0.09166549
v -0.009769312 0.31539488 0.09166549
v -0.0046334406 0.30299085 0.08662851
v -0.0046334406 0.30299085 0.08662851
v -0.011798305 0.29019523 0.1335357
v -0.011798305 0.29019523 0.1335357
v 0.005848071 0.3026572 0.0869353
v 0.005848071 0.3026572 0.0869353
v 0.011159999 0.30202198 0.0887769
v 0.011159999 0.30202198 0.0887769
v 0.021985007 0.310714 0.11783545
v 0.021985007 0.310714 0.11783545
v 0.016300123 0.3075347 0.12982574
v 0.016300123 0.3075347 0.12982574
v 0.021698538 0.3125592 0.11118461
v 0.021698538 0.3125592 0.11118461
v 0.020124378 0.3089828 0.1242584
v 0.020124378 0.3089828 0.1242584
v -0.0076439134 0.31755847 0.09561906
v -0.0076439134 0.31755847 0.09561906
v -0.0008750004 0.31777364 0.09425912
v -0.0008750004 0.31777364 0.09425912
v 0.0059852717 0.31741148 0.09497994
v 0.0059852717 0.31741148 0.09497994
v 0.012265796 0.31650764 0.09771039
v 0.012265796 0.31650764 0.09771039
v 0.0173517 0.3151505 0.102183126
v 0.0173517 0.3151505 0.102183126
v 0.010886628 0.30651152 0.13399243
v 0.010886628 0.30651152 0.13399243
v 0.004413108 0.30601346 0.13635029
v 0.004413108 0.30601346 0.13635029
v -0.0024868138 0.30608934 0.13666855
v -0.0024868138 0.30608934 0.13666855
v -0.009137528 0.3067317 0.13491611
v -0.009137528 0.3067317 0.13491611
v -0.014888015 0.3078776 0.13126458
v -0.014888015 0.3078776 0.13126458
v -0.02186657 0.31303817 0.11319421
v -0.02186657 0.31303817 0.11319421
v -0.020006875 0.3147695 0.1067709
v -0.020006875 0.3147695 0.1067709
v -0.021580078 0.3111931 0.11984469
v -0.021580078 0.3111931 0.11984469
v -0.016183017 0.3162176 0.10120348
v -0.016183017 0.3162176 0.10120348
v -0.01917543 0.30941486 0.12607132
v -0.01917543 0.30941486 0.12607132
v -0.010769261 0.31724077 0.09703687
v -0.010769261 0.31724077 0.09703687
v 0.022969428 0.31225795 0.112751156
v 0.022705395 0.31034523 0.11969362
v 0.020218609 0.30858994 0.12625732
v 0.015773559 0.30717725 0.13174997
v 0.020987421 0.31415576 0.10605548
v -0.0096454965 0.31781852 0.09543607
v -0.0027173182 0.31819165 0.09349102
v 0.004511002 0.3179615 0.09370262
v 0.0112762265 0.31715262 0.096048
v 0.016969128 0.31583786 0.10031527
v 0.009770153 0.30623448 0.13567638
v 0.0028419816 0.30586135 0.13762149
v -0.004386581 0.3060915 0.1374101
v -0.011151718 0.30690044 0.13506462
v -0.016843945 0.30821538 0.13079642
v -0.022843711 0.31179506 0.11836149
v -0.022579858 0.3137077 0.111419246
v -0.020094179 0.31546313 0.10485509
v -0.020861952 0.30989748 0.12505631
v -0.015649235 0.31687582 0.09936241
v 0.020646587 0.30983764 0.117434606
v 0.020646587 0.30983764 0.117434606
v 0.015302813 0.30684906 0.1287054
v 0.015302813 0.30684906 0.1287054
v 0.020377304 0.31157202 0.11118293
v 0.020377304 0.31157202 0.11118293
v 0.018897614 0.30821025 0.12347211
v 0.018897614 0.30821025 0.12347211
v -0.0072043426 0.31627136 0.09655146
v -0.0072043426 0.31627136 0.09655146
v -0.0008416441 0.3164736 0.09527314
v -0.0008416441 0.3164736 0.09527314
v 0.005606961 0.3161332 0.095950715
v 0.005606961 0.3161332 0.095950715
v 0.011510644 0.31528354 0.09851732
v 0.011510644 0.31528354 0.09851732
v 0.016291337 0.31400788 0.10272163
v 0.016291337 0.31400788 0.10272163
v 0.01021417 0.30588728 0.13262206
v 0.01021417 0.30588728 0.13262206
v 0.0041291383 0.30541915 0.13483843
v 0.0041291383 0.30541915 0.13483843
v -0.0023567157 0.3054905 0.13513757
v -0.0023567157 0.3054905 0.13513757
v -0.008608325 0.3060943 0.13349031
v -0.008608325 0.3060943 0.13349031
v -0.014013724 0.3071714 0.13005789
v -0.014013724 0.3071714 0.13005789
v -0.020573497 0.31202233 0.11307193
v -0.020573497 0.31202233 0.11307193
v -0.018825404 0.31364977 0.10703409
v -0.018825404 0.31364977 0.10703409
v -0.020304196 0.31028795 0.11932333
v -0.020304196 0.31028795 0.11932333
v -0.015231006 0.31501096 0.10180076
v -0.015231006 0.31501096 0.10180076
v -0.018043851 0.30861646 0.1251763
v -0.018043851 0.30861646 0.1251763
v -0.010142136 0.31597275 0.097884186
v -0.010142136 0.31597275 0.097884186
v 0.023986783 0.29582256 0.107561976
v 0.023986783 0.29582256 0.107561976
v -0.024341725 0.29736078 0.10614882
v -0.024341725 0.29736078 0.10614882
v 0.01735034 0.29960638 0.09444305
v 0.01735034 0.29960638 0.09444305
v 0.021331737 0.2918992 0.12198374
v 0.021331737 0.2918992 0.12198374
v -0.022788953 0.2933035 0.12069376
v -0.022788953 0.2933035 0.12069376
v -0.018019129 0.29130667 0.1275079
v -0.018019129 0.29130667 0.1275079
v -0.01107159 0.30157834 0.089750715
v -0.01107159 0.30157834 0.089750715
v 0.025444072 0.2960428 0.10918119
v 0.025444072 0.2960428 0.10918119
v -0.025873803 0.2976762 0.10768048
v -0.025873803 0.2976762 0.10768048
v 0.019414917 0.30011553 0.0949649
v 0.019414917 0.30011553 0.0949649
v 0.021631042 0.29199564 0.12415032
v 0.021631042 0.29199564 0.12415032
v -0.02320731 0.29342276 0.122839406
v -0.02320731 0.29342276 0.122839406
v -0.020052372 0.29210198 0.12734655
v -0.020052372 0.29210198 0.12734655
v -0.0100734765 0.3026979 0.088155776
v -0.0100734765 0.3026979 0.088155776
v 0.022652443 0.2925552 0.11682974
v 0.022652443 0.2925552 0.11682974
v 0.023227194 0.3096313 0.12159234
v 0.023227194 0.3096313 0.12159234
v 0.021321366 0.30982757 0.12109925
v 0.021321366 0.30982757 0.12109925
v 0.020022769 0.30900443 0.12050253
v 0.020022769 0.30900443 0.12050253
v 0.02223798 0.29260898 0.1187623
v 0.021639368 0.30950314 0.12305215
v 0.022612771 0.30685186 0.122712046
v 0.020071069 0.30900872 0.12232597
v 0.0006579994 0.2883914 0.13378298
v 0.0006579994 0.2883914 0.13378298
v 0.0010796478 0.30543643 0.13867088
v 0.0010796478 0.30543643 0.13867088
v 0.0009923927 0.3059786 0.1367703
v 0.0009923927 0.3059786 0.1367703
v 0.0009137043 0.30538642 0.13523321
v 0.0009137043 0.30538642 0.13523321
v -0.0012186747 0.28892595 0.13410194
v -0.0012186747 0.28892595 0.13410194
v -0.0007778085 0.30598325 0.13771206
v -0.00087868934 0.30316335 0.13807444
v -0.00087868934 0.30316335 0.13807444
v -0.0007335595 0.30574203 0.13593142
v 0.014488874 0.28945863 0.12873365
v 0.014488874 0.28945863 0.12873365
v 0.01500804 0.30651212 0.13358273
v 0.01500804 0.30651212 0.13358273
v 0.013776125 0.30696523 0.1321026
v 0.013776125 0.30696523 0.1321026
v 0.012930268 0.3063138 0.13084564
v 0.012930268 0.3063138 0.13084564
v 0.0130701475 0.2896955 0.13009025
v 0.012877751 0.3067187 0.13387816
v 0.013431337 0.30393404 0.1340568
v 0.011939641 0.30642456 0.13237332
v -0.01355857 0.2897613 0.13004835
v -0.01355857 0.2897613 0.13004835
v -0.013239108 0.30681533 0.13491252
v -0.013239108 0.30681533 0.13491252
v -0.012148275 0.30724466 0.13331892
v -0.012148275 0.30724466 0.13331892
v -0.0114384 0.3065765 0.13198896
v -0.0114384 0.3065765 0.13198896
v -0.015171321 0.29059434 0.12926456
v -0.0141121205 0.30757773 0.13308907
v -0.014852038 0.30483425 0.1332299
v -0.01310866 0.30722177 0.13164097
v -0.022730246 0.29304504 0.11895649
v -0.022730246 0.29304504 0.11895649
v -0.022478616 0.310122 0.12374346
v -0.022478616 0.310122 0.12374346
v -0.02062623 0.3102798 0.12306701
v -0.02062623 0.3102798 0.12306701
v -0.019407593 0.30942947 0.12235226
v -0.019407593 0.30942947 0.12235226
v -0.023458183 0.29406345 0.11742599
v -0.022031737 0.31089312 0.12177515
v -0.023151195 0.30830854 0.12137376
v -0.020458566 0.31029868 0.12114094
v -0.02335385 0.29698837 0.10474401
v -0.02335385 0.29698837 0.10474401
v -0.02310978 0.31409347 0.10942981
v -0.02310978 0.31409347 0.10942981
v -0.021203268 0.3139246 0.109930314
v -0.021203268 0.3139246 0.109930314
v -0.019949993 0.31285554 0.1100039
v -0.019949993 0.31285554 0.1100039
v -0.022914011 0.2980082 0.103108115
v -0.021511676 0.31466305 0.10809178
v -0.02260621 0.31225914 0.10703463
v -0.01997592 0.3137974 0.1084419
v -0.015191162 0.30008507 0.09283964
v -0.015191162 0.30008507 0.09283964
v -0.014891496 0.31721276 0.09743893
v -0.014891496 0.31721276 0.09743893
v -0.013658943 0.316787 0.09892667
v -0.013658943 0.316787 0.09892667
v -0.012858409 0.3155462 0.09966058
v -0.012858409 0.3155462 0.09966058
v -0.0137466155 0.3009218 0.09177983
v -0.012750551 0.31744754 0.097265534
v -0.013425218 0.31517702 0.09568954
v -0.011845032 0.31638157 0.09839444
v 0.0024017054 0.30103248 0.087900616
v 0.0024017054 0.30103248 0.087900616
v 0.002835765 0.31816745 0.092462175
v 0.002835765 0.31816745 0.092462175
v 0.0026040701 0.31766284 0.094360985
v 0.0026040701 0.31766284 0.094360985
v 0.0024286467 0.31636947 0.09536889
v 0.0024286467 0.31636947 0.09536889
v 0.00054226024 0.30169135 0.08776835
v 0.00054226024 0.30169135 0.08776835
v 0.0009050602 0.31818295 0.09343184
v 0.0008848612 0.3159477 0.091672115
v 0.0008848612 0.3159477 0.091672115
v 0.0008282182 0.3170641 0.09483653
v 0.015819227 0.29909825 0.09374566
v 0.015819227 0.29909825 0.09374566
v 0.01634761 0.31621867 0.09835161
v 0.01634761 0.31621867 0.09835161
v 0.015005898 0.31587481 0.09976422
v 0.015005898 0.31587481 0.09976422
v 0.014086314 0.31468874 0.1004479
v 0.014086314 0.31468874 0.1004479
v 0.014495108 0.30002308 0.092605196
v 0.014239676 0.31658858 0.098054364
v 0.014858404 0.31427693 0.096516125
v 0.0132037215 0.31558442 0.09912658
v 0.022029094 0.29649878 0.1026164
v 0.022029094 0.29649878 0.1026164
v 0.022596285 0.31360298 0.10727779
v 0.022596285 0.31360298 0.10727779
v 0.02074456 0.31347263 0.10796185
v 0.02074456 0.31347263 0.10796185
v 0.019480567 0.31243068 0.10815355
v 0.019480567 0.31243068 0.10815355
v 0.022782817 0.29655385 0.10444389
v 0.022160051 0.31327313 0.10936835
v 0.023158412 0.31080258 0.10837239
v 0.020554284 0.3125075 0.10962662
v 0.019745221 0.29069126 0.123591885
v 0.019745221 0.29069126 0.123591885
v 0.020083645 0.30787557 0.12829149
v 0.020083645 0.30787557 0.12829149
v 0.020870224 0.29127014 0.12494132
v 0.020870224 0.29127014 0.12494132
v 0.021225514 0.30610162 0.12904103
v 0.021225514 0.30610162 0.12904103
v 0.018448345 0.3082174 0.12717119
v 0.018448345 0.3082174 0.12717119
v 0.017322147 0.3074909 0.12621012
v 0.017322147 0.3074909 0.12621012
v 0.02013545 0.2915234 0.12652977
v 0.018137602 0.3078857 0.12911873
v 0.020434653 0.30401343 0.12998228
v 0.016826203 0.30752695 0.12796526
v 0.023799919 0.29443318 0.10970614
v 0.023799919 0.29443318 0.10970614
v 0.024123674 0.31160396 0.11445611
v 0.024123674 0.31160396 0.11445611
v 0.02538791 0.295233 0.11021656
v 0.02538791 0.295233 0.11021656
v 0.025743203 0.3100645 0.11431627
v 0.025743203 0.3100645 0.11431627
v 0.022112591 0.31163836 0.1144803
v 0.022112591 0.31163836 0.1144803
v 0.020766513 0.3107065 0.11428083
v 0.020766513 0.3107065 0.11428083
v 0.02565634 0.29542112 0.111954466
v 0.02301704 0.31133044 0.11623724
v 0.02595555 0.30791122 0.115406975
v 0.021355905 0.3107248 0.116007164
v 0.020675221 0.2974252 0.09915023
v 0.020675221 0.2974252 0.09915023
v 0.021010285 0.3145851 0.10393839
v 0.021010285 0.3145851 0.10393839
v 0.021881161 0.29859084 0.09837001
v 0.021881161 0.29859084 0.09837001
v 0.02223646 0.31342232 0.10246972
v 0.02223646 0.31342232 0.10246972
v 0.01929364 0.3143376 0.10495726
v 0.01929364 0.3143376 0.10495726
v 0.018116724 0.31324375 0.105329275
v 0.018116724 0.31324375 0.105329275
v 0.021255435 0.2996351 0.09708725
v 0.019127576 0.31505477 0.103097774
v 0.021554647 0.3121252 0.10053976
v 0.01774527 0.3141821 0.10380964
v 0.00965276 0.30035514 0.08949737
v 0.00965276 0.30035514 0.08949737
v 0.010027766 0.3175044 0.09432055
v 0.010027766 0.3175044 0.09432055
v 0.010008147 0.30167097 0.08824688
v 0.010008147 0.30167097 0.08824688
v 0.010363447 0.3165024 0.09234661
v 0.010363447 0.3165024 0.09234661
v 0.0092548225 0.31702054 0.09611347
v 0.0092548225 0.31702054 0.09611347
v 0.008680344 0.31576568 0.09701622
v 0.008680344 0.31576568 0.09701622
v 0.008614855 0.30255473 0.08761074
v 0.007955868 0.31763506 0.09472262
v 0.008914063 0.31504482 0.09106325
v 0.007374358 0.31657743 0.09603487
v -0.0051902146 0.30113012 0.087968804
v -0.0051902146 0.30113012 0.087968804
v -0.0047614127 0.31827658 0.09279755
v -0.0047614127 0.31827658 0.09279755
v -0.005812791 0.30244058 0.086821616
v -0.005812791 0.30244058 0.086821616
v -0.005457495 0.31727207 0.09092133
v -0.005457495 0.31727207 0.09092133
v -0.0042956434 0.31773877 0.09467905
v -0.0042956434 0.31773877 0.09467905
v -0.0040570097 0.31644082 0.09566787
v -0.0040570097 0.31644082 0.09566787
v -0.007435818 0.30306566 0.08714114
v -0.0062295725 0.31808662 0.09430755
v -0.007136611 0.31555575 0.09059365
v -0.005794257 0.31699663 0.095649526
v -0.020450464 0.2987339 0.09794868
v -0.020450464 0.2987339 0.09794868
v -0.01996626 0.31588906 0.1027412
v -0.01996626 0.31588906 0.1027412
v -0.021531949 0.29997236 0.09710161
v -0.021531949 0.29997236 0.09710161
v -0.021176657 0.31480378 0.10120132
v -0.021176657 0.31480378 0.10120132
v -0.018331185 0.3155349 0.103857994
v -0.018331185 0.3155349 0.103857994
v -0.017250268 0.3143692 0.104295984
v -0.017250268 0.3143692 0.104295984
v -0.02076714 0.30097234 0.09585956
v -0.018011635 0.31623656 0.102012776
v -0.02046794 0.31346244 0.09931206
v -0.016731722 0.3152792 0.10280241
v -0.024503734 0.2949918 0.11183479
v -0.024503734 0.2949918 0.11183479
v -0.024004867 0.31216055 0.116576955
v -0.024004867 0.31216055 0.116576955
v -0.02604819 0.2960093 0.11182676
v -0.02604819 0.2960093 0.11182676
v -0.02604819 0.2960093 0.11182676
v -0.025692891 0.3108408 0.115926474
v -0.025692891 0.3108408 0.115926474
v -0.02199409 0.31211382 0.11654928
v -0.02199409 0.31211382 0.11654928
v -0.020693358 0.3111534 0.116225675
v -0.020693358 0.3111534 0.116225675
v -0.026286634 0.29707444 0.11043535
v -0.022889689 0.31279165 0.1148947
v -0.025961278 0.30956537 0.11388908
v -0.0212601 0.31208122 0.11476091
v -0.019332057 0.29114312 0.12531434
v -0.019332057 0.29114312 0.12531434
v -0.018851966 0.30832577 0.13000765
v -0.018851966 0.30832577 0.13000765
v -0.020741237 0.29189813 0.12624438
v -0.020741237 0.29189813 0.12624438
v -0.02038594 0.30672956 0.13034411
v -0.02038594 0.30672956 0.13034411
v -0.01723359 0.30860198 0.12884542
v -0.01723359 0.30860198 0.12884542
v -0.016218543 0.30785233 0.12778391
v -0.016218543 0.30785233 0.12778391
v -0.021886116 0.29286087 0.12530124
v -0.019000571 0.30906773 0.12803301
v -0.02158691 0.3053509 0.12875377
v -0.017649768 0.30862427 0.12695742
v -0.0069108563 0.28865778 0.13323855
v -0.0069108563 0.28865778 0.13323855
v -0.006475811 0.3058495 0.13790315
v -0.006475811 0.3058495 0.13790315
v -0.0076381927 0.28920895 0.13484736
v -0.0076381927 0.28920895 0.13484736
v -0.007282897 0.30404043 0.13894707
v -0.007282897 0.30404043 0.13894707
v -0.005868052 0.3063407 0.13604964
v -0.005868052 0.3063407 0.13604964
v -0.005535048 0.30572677 0.13455582
v -0.005535048 0.30572677 0.13455582
v -0.009246469 0.28994095 0.13477887
v -0.007829789 0.30648714 0.13640924
v -0.008947263 0.302431 0.13823138
v -0.007279752 0.30622864 0.1347332
v 0.008015543 0.28848517 0.13258071
v 0.008015543 0.28848517 0.13258071
v 0.008396473 0.30567747 0.13724771
v 0.008396473 0.30567747 0.13724771
v 0.008256201 0.2889691 0.1343497
v 0.008256201 0.2889691 0.1343497
v 0.008611495 0.30380052 0.13844942
v 0.008611495 0.30380052 0.13844942
v 0.0077613783 0.30619383 0.13541026
v 0.0077613783 0.30619383 0.13541026
v 0.0072764684 0.30558866 0.13395481
v 0.0072764684 0.30558866 0.13395481
v 0.0068045617 0.28943002 0.13524823
v 0.0063559157 0.30603564 0.13682406
v 0.0071037677 0.30192012 0.13870074
v 0.005889055 0.3058095 0.13511828
v 0.024007801 0.30747163 0.11965193
v 0.024007801 0.30747163 0.11965193
v -0.021668985 0.31293356 0.10381574
v -0.021668985 0.31293356 0.10381574
v 0.022455202 0.3115294 0.105105095
v 0.022455202 0.3115294 0.105105095
v 0.016388927 0.30414176 0.13235287
v 0.016388927 0.30414176 0.13235287
v -0.024322528 0.30900997 0.11823836
v -0.024322528 0.30900997 0.11823836
v 0.0107367225 0.3032542 0.13604961
v 0.0107367225 0.3032542 0.13604961
v -0.01639157 0.31461084 0.09729436
v -0.01639157 0.31461084 0.09729436
v 0.0025109644 0.30281115 0.13835901
v 0.0025109644 0.30281115 0.13835901
v -0.0042947633 0.3030278 0.13815999
v -0.0042947633 0.3030278 0.13815999
v -0.0025132522 0.31594145 0.09128834
v -0.0025132522 0.31594145 0.09128834
v -0.012326918 0.30398828 0.13537523
v -0.012326918 0.30398828 0.13537523
v 0.0042922166 0.3157248 0.091487594
v 0.0042922166 0.3157248 0.091487594
v 0.012324356 0.31476438 0.09427219
v 0.012324356 0.31476438 0.09427219
v 0.02554096 0.30723786 0.11814219
v 0.02554096 0.30723786 0.11814219
v -0.021965252 0.3129186 0.10167176
v -0.021965252 0.3129186 0.10167176
v 0.022874242 0.31149173 0.102981895
v 0.022874242 0.31149173 0.102981895
v 0.018445063 0.30358338 0.1319728
v 0.018445063 0.30358338 0.1319728
v -0.025776818 0.30887133 0.11664122
v -0.025776818 0.30887133 0.11664122
v 0.009739712 0.30221635 0.1376663
v 0.009739712 0.30221635 0.1376663
v -0.018475093 0.31402785 0.09735891
v -0.018475093 0.31402785 0.09735891
v 0.0042996765 0.30192333 0.1391936
v 0.0042996765 0.30192333 0.1391936
v -0.0061821663 0.302257 0.13888708
v -0.0061821663 0.302257 0.13888708
v -0.004329277 0.31568784 0.09013822
v -0.004329277 0.31568784 0.09013822
v -0.011494143 0.3028922 0.13704541
v -0.011494143 0.3028922 0.13704541
v 0.0061522345 0.31535417 0.090445004
v 0.0061522345 0.31535417 0.090445004
v 0.011464164 0.31471896 0.0922866
v 0.011464164 0.31471896 0.0922866
v -0.016691858 0.30823362 0.1282883
v 0.020630004 0.30942005 0.12078984
v 0.0075036814 0.30590248 0.13464317
v -0.01775434 0.3149448 0.104100056
v 0.02007164 0.31294852 0.10807264
v 0.013326058 0.30664927 0.1314413
v -0.019975988 0.3098578 0.122694686
v 0.017848868 0.3078614 0.12666759
v 0.01678731 0.31457275 0.10247876
v -0.02053457 0.31338602 0.109978154
v 0.02139592 0.3111729 0.11438261
v 0.011864074 0.31588644 0.09814908
v -0.02130009 0.31163317 0.11638543
v 0.005784392 0.31676137 0.09550595
v -0.011769188 0.30691975 0.13261871
v -0.0008564759 0.31711197 0.09480818
v -0.005689825 0.3060447 0.1352621
v -0.0132315345 0.31615692 0.09932645
v -0.0074088895 0.31690365 0.09612463
v 0.0009512012 0.30569416 0.1359597
v -0.023270259 0.31178564 0.108706586
v -0.022667425 0.3077942 0.12309483
v 0.0149885025 0.30414516 0.13306127
v 0.022673372 0.31126666 0.10663718
v 0.023275938 0.307275 0.12102632
v 0.0009779413 0.3030721 0.13814695
v -0.014983686 0.31491566 0.096671134
v -0.00097290194 0.3159886 0.091585636
v -0.01340547 0.30446595 0.13434
v 0.013410434 0.31459486 0.09539239
v 0.025975533 0.30834305 0.11385258
v 0.020622771 0.3124991 0.099276885
v 0.021398762 0.3043393 0.12873045
v -0.021431936 0.31314158 0.10056529
v 0.008643821 0.30201644 0.13822979
v -0.020654973 0.304982 0.13001797
v -0.008676541 0.31546444 0.09106598
v -0.007419509 0.30226195 0.1387215
v 0.007386441 0.31521887 0.09057454
v 0.022928989 0.31084138 0.11797692
v 0.017004466 0.3075254 0.13048235
v 0.022635512 0.31278187 0.11105318
v 0.020992564 0.3090515 0.124690026
v -0.004484517 0.31816506 0.09383652
v 0.0027199513 0.31810576 0.093503594
v 0.009646701 0.31741714 0.09532836
v 0.015655434 0.3162405 0.09914038
v 0.020118274 0.31462008 0.10454798
v 0.011356264 0.30647397 0.1348426
v 0.004610401 0.305938 0.13728979
v -0.0025934048 0.3060339 0.13763306
v -0.009521056 0.30668592 0.13579819
v -0.015528323 0.30789942 0.13199545
v -0.02280214 0.31326157 0.11314978
v -0.02086582 0.31508827 0.106446445
v -0.022507763 0.31135786 0.12008324
v -0.016878966 0.3165778 0.100643866
v -0.019991672 0.30948323 0.12657757
v -0.011229603 0.31766576 0.09629379
v -0.026306901 0.29662937 0.111986026
v 0.007086797 0.3027106 0.087116994
v -0.0077191503 0.28975368 0.13526396
v -0.008976185 0.30295616 0.087608434
v -0.02095462 0.29247373 0.12656043
v 0.008344177 0.28950816 0.13477224
v -0.021731578 0.3006333 0.09710775
v 0.021099124 0.29183102 0.12527291
v 0.020323124 0.29999083 0.09581934
v 0.025675887 0.29583478 0.11039504
v 0.013053885 0.3003841 0.091488644
v -0.013729485 0.29026705 0.13039075
v -0.0013125394 0.30177617 0.08768668
v -0.015306652 0.30070436 0.09276645
v 0.0006370088 0.28887492 0.1341929
v 0.022908278 0.293073 0.11709207
v 0.022306107 0.29705995 0.10271995
v 0.014630899 0.2899468 0.12911296
v -0.022980735 0.29359132 0.11915906
v -0.02358317 0.29757804 0.104787834
v 0.021630848 0.29217142 0.12046349
v 0.022242201 0.30993348 0.12139191
v 0.021997344 0.30637258 0.124400824
v 0.0194713 0.30860227 0.12384795
v -0.0030759806 0.28899312 0.13408431
v 0.0010388438 0.30591834 0.13773927
v -0.0027384337 0.3031904 0.13803826
v -0.0024167283 0.3058014 0.13586122
v 0.011547245 0.2894625 0.13112979
v 0.014372865 0.3069477 0.13286963
v 0.011902036 0.30366045 0.13507994
v 0.010528976 0.30620998 0.1332707
v -0.016653322 0.2909425 0.12819837
v -0.012668073 0.30723864 0.13414018
v -0.01633197 0.305142 0.13214563
v -0.014421299 0.30753237 0.13063008
v -0.023998676 0.29456604 0.11572023
v -0.021511959 0.31040436 0.123447284
v -0.023686294 0.30876982 0.11965287
v -0.020899324 0.31074184 0.11957544
v -0.02230639 0.29847968 0.101416126
v -0.022114832 0.31420618 0.10974483
v -0.021992316 0.3126881 0.1053318
v -0.01937644 0.31420392 0.106919795
v -0.012222802 0.3011886 0.09074966
v -0.014246393 0.31719208 0.09826673
v -0.011897024 0.3154003 0.094652504
v -0.010434277 0.31659615 0.097497076
v 0.0024003028 0.30165797 0.08779539
v -0.000912155 0.3182214 0.093397245
v 0.002743327 0.31587029 0.09169445
v 0.002511322 0.31700474 0.094906785
v 0.015978111 0.29970884 0.093680464
v 0.012794804 0.31690115 0.09699621
v 0.01633733 0.31391895 0.09758621
v 0.014516538 0.31527388 0.10013722
v 0.023324195 0.29608506 0.106159255
v 0.021639569 0.31373554 0.107688665
v 0.023692382 0.31029093 0.11007962
v 0.02099511 0.31206423 0.11119234
v 0.019109331 0.2911986 0.1277317
v 0.019236375 0.30823475 0.12772438
v 0.019408979 0.30370688 0.13118924
v 0.015769336 0.3072005 0.12923726
v 0.02555771 0.29497856 0.11350291
v 0.023061546 0.3118018 0.11449099
v 0.02585736 0.30748683 0.11696045
v 0.021272425 0.31027812 0.11763044
v 0.02212194 0.2992378 0.09838903
v 0.018100638 0.31546468 0.101665705
v 0.022421584 0.31174606 0.101846576
v 0.018667132 0.3137858 0.105164155
v 0.010115223 0.30234843 0.08816693
v 0.0062497766 0.31782335 0.094150685
v 0.010414865 0.3148567 0.091624476
v 0.008949392 0.31638294 0.09660323
v -0.0058747246 0.30312318 0.08673771
v -0.007963281 0.31797773 0.094813175
v -0.0055750823 0.31563145 0.09019525
v -0.004167713 0.31707823 0.09521468
v -0.019741774 0.30126572 0.09464893
v -0.019110845 0.31586844 0.10340183
v -0.019442134 0.313774 0.09810646
v -0.015674878 0.3156057 0.10153043
v -0.02618878 0.2974856 0.108878285
v -0.02293463 0.31230122 0.116635606
v -0.021176657 0.31252795 0.11313766
v -0.022753308 0.29322672 0.123990834
v -0.017974157 0.3086387 0.12945977
v -0.022453662 0.305735 0.12744838
v -0.018571591 0.30902052 0.12560293
v -0.010747602 0.29011583 0.13421398
v -0.0061241663 0.30627972 0.13697588
v -0.010447962 0.3026241 0.13767153
v -0.008854733 0.30642313 0.13416483
v 0.005242718 0.2893411 0.13564298
v 0.008089162 0.3061254 0.13631313
v 0.00554236 0.30184937 0.13910052
v 0.0042625084 0.3057279 0.13555314
v -0.00035613682 0.2945524 0.110725984
v -0.025855338 0.3091668 0.11546968
v -0.025736693 0.3100286 0.112341404
v 0.022567496 0.29381835 0.111390464
v 0.02245312 0.29334408 0.11312555
v 0.022189418 0.29287922 0.114846826
v 0.017697193 0.29037774 0.12425609
v 0.016547676 0.29003578 0.12560152
v 0.0152867455 0.28972495 0.12685128
v 0.021662155 0.29574263 0.10454114
v 0.02212093 0.29526806 0.10621827
v 0.022451106 0.29478675 0.10792351
v 0.02114602 0.29198575 0.11817692
v 0.020492675 0.29155254 0.11979987
v 0.019718442 0.29113406 0.121372744
v -0.010031113 0.3003198 0.09069662
v -0.008363475 0.30046046 0.09002757
v -0.006644676 0.30056417 0.08949515
v -0.003122164 0.3006922 0.08875566
v -0.0013231598 0.3006819 0.0886463
v 0.00047848793 0.30063438 0.08866382
v 0.0040641283 0.30046374 0.088964954
v 0.00581421 0.30030662 0.089366145
v 0.00752252 0.3001138 0.08990743
v 0.010811275 0.2996573 0.09130281
v 0.012327177 0.29936624 0.0922333
v 0.013767628 0.2990461 0.09326824
v 0.016471632 0.29835045 0.09554443
v 0.01763572 0.29795396 0.09686204
v 0.018681021 0.29753733 0.098269954
v 0.012417035 0.2892105 0.12896706
v 0.010901643 0.288984 0.12991616
v 0.009319019 0.28878736 0.13075589
v 0.0059322896 0.2885294 0.13195367
v 0.0041867406 0.28845125 0.13239577
v 0.0024101217 0.28841484 0.13269702
v -0.0011904251 0.28847688 0.13279021
v -0.0029894167 0.28854364 0.13270266
v -0.0047761854 0.2886433 0.1324881
v -0.008234937 0.2889796 0.131542
v -0.00990973 0.28919607 0.13091217
v -0.011523347 0.2894497 0.13015033
v -0.014479317 0.29006517 0.12818569
v -0.015874704 0.29039967 0.12709504
v -0.017183118 0.2907567 0.125908
v -0.023279317 0.29527527 0.1100582
v -0.02316477 0.29575437 0.10832448
v -0.022900896 0.29622793 0.10660559
v -0.021857869 0.29712564 0.10327652
v -0.021204816 0.29755867 0.101653405
v -0.02043084 0.29797322 0.10007937
v -0.022373602 0.2933687 0.116912454
v -0.022832388 0.2938431 0.115235254
v -0.023162674 0.29432046 0.11352893
v -0.018409947 0.29871595 0.09719224
v -0.017260276 0.2990628 0.0958482
v -0.01599907 0.29938233 0.0946009
v -0.019392801 0.2915563 0.123178676
v -0.020357106 0.29198563 0.121717766
v -0.021191323 0.29243398 0.1201843
v -0.013129128 0.2999009 0.09248643
v -0.011613689 0.3001271 0.09153735
v 0.021731045 0.29242694 0.116530225
v 0.00061121816 0.28842914 0.13280757
v 0.013891842 0.28945374 0.12795995
v -0.013039054 0.28974473 0.1292208
v -0.021844858 0.29289788 0.118569925
v -0.022442607 0.2966842 0.10492325
v -0.014603997 0.29965746 0.0934934
v 0.0022774679 0.30056733 0.088751376
v 0.015163202 0.29871142 0.09435859
v 0.020479808 0.29667318 0.10126812
v 0.021133408 0.2962132 0.10288359
v 0.018770033 0.29074234 0.12285447
v 0.022584543 0.29430062 0.10965391
v 0.019645423 0.29711282 0.099732235
v 0.009197429 0.2999022 0.09053861
v -0.004899002 0.30064714 0.089054435
v -0.019482682 0.2983563 0.098595224
v -0.023296209 0.2947979 0.111796126
v -0.01834738 0.2911446 0.12458797
v -0.006526495 0.28879172 0.1320846
v 0.0076511973 0.288638 0.1314226
vn -0.18459989 0.9594994 -0.21279986
vn -0.18459989 0.9594994 -0.21279986
vn -0.18459989 0.9594994 -0.21279986
vn -0.5543876 0.25139436 -0.7933822
vn -0.5543876 0.25139436 -0.7933822
vn -0.36001116 0.91582835 0.17790551
vn -0.36001116 0.91582835 0.17790551
vn -0.36001116 0.91582835 0.17790551
vn -0.5048042 0.3046025 0.8077066
vn -0.5048042 0.3046025 0.8077066
vn -0.5248861 -0.09829739 -0.8454775
vn -0.5248861 -0.09829739 -0.8454775
vn 0.0582997 -0.9982949 -0.002899985
vn -0.5041034 -0.25800174 -0.8242056
vn -0.5041034 -0.25800174 -0.8242056
vn -0.40100762 -0.5138098 -0.75841445
vn -0.40100762 -0.5138098 -0.75841445
vn -0.22589038 -0.7824667 -0.5802753
vn -0.22589038 -0.7824667 -0.5802753
vn -0.22589038 -0.7824667 -0.5802753
vn -0.07240113 -0.9490147 -0.30680478
vn -0.07240113 -0.9490147 -0.30680478
vn 0.04789793 -0.9984569 -0.028098788
vn -0.51170814 -0.04030064 0.85821366
vn -0.51170814 -0.04030064 0.85821366
vn -0.13779953 -0.94949687 0.28189903
vn -0.13779953 -0.94949687 0.28189903
vn -0.13779953 -0.94949687 0.28189903
vn -0.3094073 -0.75851786 0.5735135
vn -0.3094073 -0.75851786 0.5735135
vn -0.43320116 -0.51610136 0.738902
vn -0.43320116 -0.51610136 0.738902
vn -0.49739245 -0.2585961 0.8280875
vn -0.49739245 -0.2585961 0.8280875
vn -0.41560775 0.90711695 -0.066401236
vn -0.41560775 0.90711695 -0.066401236
vn -0.9254931 0.34839743 -0.1485989
vn -0.98579687 -0.0312999 -0.16499947
vn -0.9852924 -0.049999613 -0.16339873
vn -0.9795299 -0.10240313 -0.1733053
vn -0.9237707 -0.29399067 -0.24539222
vn -0.54128593 -0.7907794 -0.2857926
vn -0.54128593 -0.7907794 -0.2857926
vn -0.85265535 0.49307418 0.17279096
vn -0.34410822 0.9372224 0.056601353
vn -0.34410822 0.9372224 0.056601353
vn 0.06680218 -0.9977326 -0.008200268
vn -0.987275 -0.027099315 0.15669604
vn -0.9849278 -0.07170202 0.15740444
vn -0.9799522 -0.12279401 0.15689236
vn -0.9821489 -0.1468073 0.11760586
vn -0.55150557 -0.8319084 0.06140062
vn -0.55150557 -0.8319084 0.06140062
vn -0.53790945 0.068501204 -0.84021485
vn -0.53790945 0.068501204 -0.84021485
vn -0.515478 0.07669673 0.8534636
vn -0.515478 0.07669673 0.8534636
vn -0.98024964 0.108705506 -0.16520837
vn -0.97697866 0.119397394 0.17679614
vn -0.92677283 -0.30489105 0.21939357
vn -0.92677283 -0.30489105 0.21939357
vn -0.92677283 -0.30489105 0.21939357
vn -0.8913799 -0.4531898 -0.0077998242
vn -0.8913799 -0.4531898 -0.0077998242
vn -0.9286353 -0.27291036 -0.25130954
vn -0.9286353 -0.27291036 -0.25130954
vn -0.9286353 -0.27291036 -0.25130954
vn -0.922854 0.30368486 -0.2368882
vn -0.922854 0.30368486 -0.2368882
vn -0.922854 0.30368486 -0.2368882
vn -0.9011154 0.4335074 -0.007900135
vn -0.9011154 0.4335074 -0.007900135
vn -0.9151238 0.34780905 0.2039053
vn -0.9151238 0.34780905 0.2039053
vn -0.9151238 0.34780905 0.2039053
vn -0.9994661 0.026999086 -0.018399378
vn -0.96335685 -0.22189006 0.15069325
vn -0.96335685 -0.22189006 0.15069325
vn -0.96335685 -0.22189006 0.15069325
vn -0.962517 -0.2709048 -0.013100232
vn -0.962517 -0.2709048 -0.013100232
vn -0.96445 -0.19801027 -0.17500907
vn -0.96445 -0.19801027 -0.17500907
vn -0.96445 -0.19801027 -0.17500907
vn -0.9508994 0.24789985 -0.18529989
vn -0.9508994 0.24789985 -0.18529989
vn -0.9508994 0.24789985 -0.18529989
vn -0.9484731 0.31659102 -0.012999631
vn -0.9484731 0.31659102 -0.012999631
vn -0.9526223 0.2697063 0.14060329
vn -0.9526223 0.2697063 0.14060329
vn -0.9526223 0.2697063 0.14060329
vn -0.99898237 -0.045099203 0.0004999912
vn -0.99887913 -0.04409908 -0.017199641
vn -0.99925953 -0.037698474 -0.007699688
vn -0.9958799 0.08989819 -0.011899761
vn -0.99510807 0.09730079 -0.017100139
vn -0.9953506 0.09630489 -0.0016000813
vn -0.9776205 0.020200424 0.2094044
vn -0.29109442 0.95628166 0.02809946
vn -0.29109442 0.95628166 0.02809946
vn -0.89011705 0.4487086 0.07970153
vn -0.9884392 0.1338053 0.07130283
vn -0.18949325 0.981865 -0.005799793
vn -0.18949325 0.981865 -0.005799793
vn -0.9233405 0.38121668 -0.046002015
vn -0.98902756 0.14130393 -0.0431012
vn -0.9814389 0.026701055 -0.1899075
vn -0.9985471 -0.0318015 -0.04350205
vn -0.9977987 -0.043099944 -0.050399933
vn -0.9964223 -0.06900154 -0.04880109
vn -0.9920282 -0.11700332 -0.04680133
vn -0.58030313 -0.8136045 -0.036000196
vn -0.58030313 -0.8136045 -0.036000196
vn -0.9928929 -0.114199184 0.033499762
vn 0.07869888 -0.9968859 -0.004999929
vn -0.9945227 -0.10000228 0.030400695
vn -0.5767114 -0.8169162 0.007200143
vn -0.5767114 -0.8169162 0.007200143
vn -0.9891583 -0.08809628 0.117495045
vn -0.9898009 -0.14030012 0.024700023
vn -0.99732107 -0.068101436 -0.026700562
vn -0.999194 -0.032899804 -0.022999862
vn -0.9999323 0.009300301 -0.0070002265
vn -0.99885225 0.03659825 0.030898523
vn -0.99788374 0.0017999705 0.06499894
vn -0.9969805 -0.013899728 0.07639851
vn -0.99989283 -0.0080999425 -0.012199912
vn -0.99194497 -0.055002492 0.11410517
vn -0.6975148 -0.3388072 -0.6314134
vn -0.6975148 -0.3388072 -0.6314134
vn -0.68783575 -0.30681598 0.65783423
vn -0.68783575 -0.30681598 0.65783423
vn -0.66389656 -0.41169786 -0.6242967
vn -0.66389656 -0.41169786 -0.6242967
vn -0.7219983 -0.3294992 0.60839856
vn -0.7219983 -0.3294992 0.60839856
vn -0.9978113 -0.05140058 0.04160047
vn -0.99804413 -0.04710208 0.041101813
vn -0.9990518 -0.018099127 0.03959809
vn -0.71422416 0.38891315 -0.58191967
vn -0.71422416 0.38891315 -0.58191967
vn -0.5614725 0.8273595 0.014999265
vn -0.5614725 0.8273595 0.014999265
vn -0.6812139 0.17760362 0.7102145
vn -0.6812139 0.17760362 0.7102145
vn -0.9967213 -0.054501165 0.059801277
vn -0.7161249 -0.3589125 0.59862083
vn -0.7161249 -0.3589125 0.59862083
vn -0.6108138 -0.7910179 0.034600783
vn -0.6108138 -0.7910179 0.034600783
vn -0.6108138 -0.7910179 0.034600783
vn -0.66474116 -0.43712708 -0.6058375
vn -0.66474116 -0.43712708 -0.6058375
vn -0.9985234 -0.05410127 0.004900115
vn -0.9960538 -0.049897686 0.07339659
vn -0.998157 -0.056197584 0.022899015
vn -0.994449 0.09890487 -0.03590177
vn -0.98343587 0.09780357 -0.15260558
vn -0.98771054 -0.038800415 -0.15140161
vn -0.9930601 -0.019999197 0.115895346
vn -0.9846239 0.026900653 -0.17260419
vn -0.99648577 -0.011999829 0.08289882
vn -0.9898528 0.07810417 0.11870633
vn -0.99908394 -0.02359962 -0.035699427
vn -0.99434066 0.087603584 0.06010246
vn 0.18459989 0.9594994 -0.21279986
vn 0.18459989 0.9594994 -0.21279986
vn 0.18459989 0.9594994 -0.21279986
vn 0.5543876 0.25139436 -0.7933822
vn 0.5543876 0.25139436 -0.7933822
vn 0.36001116 0.91582835 0.17790551
vn 0.36001116 0.91582835 0.17790551
vn 0.36001116 0.91582835 0.17790551
vn 0.5048196 0.3045118 0.8077312
vn 0.5048196 0.3045118 0.8077312
vn 0.5248861 -0.09829739 -0.8454775
vn 0.5248861 -0.09829739 -0.8454775
vn -0.0582997 -0.9982949 -0.002899985
vn 0.5041034 -0.25800174 -0.8242056
vn 0.5041034 -0.25800174 -0.8242056
vn 0.40100762 -0.5138098 -0.75841445
vn 0.40100762 -0.5138098 -0.75841445
vn 0.22589038 -0.7824667 -0.5802753
vn 0.22589038 -0.7824667 -0.5802753
vn 0.22589038 -0.7824667 -0.5802753
vn 0.07240113 -0.9490147 -0.30680478
vn 0.07240113 -0.9490147 -0.30680478
vn -0.04610201 -0.9986435 -0.024201054
vn 0.51170814 -0.04030064 0.85821366
vn 0.51170814 -0.04030064 0.85821366
vn 0.13779564 -0.94947004 0.2819911
vn 0.13779564 -0.94947004 0.2819911
vn 0.13779564 -0.94947004 0.2819911
vn 0.3094073 -0.75851786 0.5735135
vn 0.3094073 -0.75851786 0.5735135
vn 0.43320116 -0.51610136 0.738902
vn 0.43320116 -0.51610136 0.738902
vn 0.49739245 -0.2585961 0.8280875
vn 0.49739245 -0.2585961 0.8280875
vn 0.41560775 0.90711695 -0.066401236
vn 0.41560775 0.90711695 -0.066401236
vn 0.9254931 0.34839743 -0.1485989
vn 0.98627377 -0.030399192 -0.16229568
vn 0.9852811 -0.04989904 -0.16349685
vn 0.9795299 -0.10240313 -0.1733053
vn 0.9237707 -0.29399067 -0.24539222
vn 0.54121524 -0.79082227 -0.28580806
vn 0.54121524 -0.79082227 -0.28580806
vn 0.85265535 0.49307418 0.17279096
vn 0.34410822 0.9372224 0.056601353
vn 0.34410822 0.9372224 0.056601353
vn -0.06680218 -0.9977326 -0.008200268
vn 0.98976684 -0.029099027 0.13969532
vn 0.9884519 -0.06940364 0.13470708
vn 0.985632 -0.1137037 0.12490406
vn 0.9821489 -0.1468073 0.11760586
vn 0.55150557 -0.8319084 0.06140062
vn 0.55150557 -0.8319084 0.06140062
vn 0.53790945 0.068501204 -0.84021485
vn 0.53790945 0.068501204 -0.84021485
vn 0.515478 0.07669673 0.8534636
vn 0.515478 0.07669673 0.8534636
vn 0.9811239 0.10590258 -0.16180395
vn 0.9793645 0.11099598 0.16889387
vn 0.92677283 -0.30489105 0.21939357
vn 0.92677283 -0.30489105 0.21939357
vn 0.92677283 -0.30489105 0.21939357
vn 0.8913799 -0.4531898 -0.0077998242
vn 0.8913799 -0.4531898 -0.0077998242
vn 0.9286353 -0.27291036 -0.25130954
vn 0.9286353 -0.27291036 -0.25130954
vn 0.9286353 -0.27291036 -0.25130954
vn 0.922854 0.30368486 -0.2368882
vn 0.922854 0.30368486 -0.2368882
vn 0.922854 0.30368486 -0.2368882
vn 0.9011154 0.4335074 -0.007900135
vn 0.9011154 0.4335074 -0.007900135
vn 0.9151238 0.34780905 0.2039053
vn 0.9151238 0.34780905 0.2039053
vn 0.9151238 0.34780905 0.2039053
vn 0.9994661 0.026999086 -0.018399378
vn 0.96335685 -0.22189006 0.15069325
vn 0.96335685 -0.22189006 0.15069325
vn 0.96335685 -0.22189006 0.15069325
vn 0.962517 -0.2709048 -0.013100232
vn 0.962517 -0.2709048 -0.013100232
vn 0.96445 -0.19801027 -0.17500907
vn 0.96445 -0.19801027 -0.17500907
vn 0.96445 -0.19801027 -0.17500907
vn 0.9508994 0.24789985 -0.18529989
vn 0.9508994 0.24789985 -0.18529989
vn 0.9508994 0.24789985 -0.18529989
vn 0.9484743 0.31659144 -0.012899651
vn 0.9484743 0.31659144 -0.012899651
vn 0.9526223 0.2697063 0.14060329
vn 0.9526223 0.2697063 0.14060329
vn 0.9526223 0.2697063 0.14060329
vn 0.99898237 -0.045099203 0.00059998943
vn 0.99887913 -0.04409908 -0.017199641
vn 0.99925953 -0.037698474 -0.007699688
vn 0.9958799 0.08989819 -0.011899761
vn 0.99510807 0.09730079 -0.017100139
vn 0.9953506 0.09630489 -0.0016000813
vn 0.9808428 0.0206009 0.19370846
vn 0.29109442 0.95628166 0.02809946
vn 0.29109442 0.95628166 0.02809946
vn 0.89011705 0.4487086 0.07970153
vn 0.9906662 0.118195966 0.067897685
vn 0.18949325 0.981865 -0.005799793
vn 0.18949325 0.981865 -0.005799793
vn 0.923351 0.38117978 -0.046097558
vn 0.99145013 0.12410627 -0.04030204
vn 0.98247087 0.026699208 -0.18449451
vn 0.9988065 -0.026700173 -0.040900264
vn 0.9977987 -0.043099944 -0.050399933
vn 0.9964223 -0.06900154 -0.04880109
vn 0.9920282 -0.11700332 -0.04680133
vn 0.58030313 -0.8136045 -0.036000196
vn 0.58030313 -0.8136045 -0.036000196
vn 0.9965635 -0.07469726 0.035798687
vn -0.078698926 -0.9968865 -0.0048999335
vn 0.9945227 -0.10000228 0.030400695
vn 0.5767114 -0.8169162 0.007200143
vn 0.5767114 -0.8169162 0.007200143
vn 0.9963781 -0.07519835 0.03969913
vn 0.9976432 -0.05410234 0.042201824
vn 0.9988869 -0.023499692 0.040899463
vn 0 0.7724179 -0.63511467
vn 0 0.89760435 -0.44080213
vn 0 0.97744095 -0.21120885
vn 0 0.9968108 0.07980087
vn 0 0.9993626 -0.035698663
vn 0 0.99698466 -0.07759881
vn 0 0.99994695 0.010300484
vn 0 0.9903495 0.13859293
vn 0 0.97221184 0.23410286
vn 0 0.7784729 0.6276781
vn 0 0.9177428 0.39717522
vn 0 0.76341283 0.64591086
vn 0 0.6527081 0.7576094
vn 0 0.9127113 -0.40860507
vn 0 0.9127113 -0.40860507
vn 0 0.9127113 -0.40860507
vn -0.24549578 0.44079244 -0.86338514
vn -0.9982864 0.015599787 -0.056399234
vn -0.99993616 0.0067002424 0.00910033
vn -0.79608667 0.17379709 -0.5796903
vn -0.79608667 0.17379709 -0.5796903
vn -0.24610746 0.6167187 -0.7477227
vn -0.24610746 0.6167187 -0.7477227
vn -0.932411 0.35830423 -0.04720056
vn -0.932411 0.35830423 -0.04720056
vn -0.9926387 0.091103554 -0.07980312
vn -0.27159002 0.4304842 -0.86076844
vn -0.999292 -0.015899874 0.034099728
vn -0.118699335 0.7451958 -0.6561963
vn -0.9990764 -0.039999057 0.015699629
vn -0.2712168 0.8562531 -0.43962723
vn -0.43498528 0.8799702 -0.19089353
vn -0.9992395 -0.03860153 0.0055002174
vn -0.44238856 0.89397687 0.071398154
vn -0.99922824 -0.039201107 -0.0025000705
vn -0.43671206 0.89902484 -0.03220089
vn -0.9992993 -0.037399974 0.001499999
vn -0.43919274 0.89568514 -0.06969885
vn -0.99930894 -0.03710033 0.0023000205
vn -0.9992587 -0.03849841 0
vn -0.43780994 0.89902043 0.00920021
vn -0.44549257 0.8866852 0.12379794
vn -0.9992316 -0.03890123 -0.004800152
vn -0.45271695 0.86693245 0.2085078
vn -0.99923354 -0.03840129 -0.0076002553
vn -0.47568196 0.685674 0.55097914
vn -0.9992852 -0.027999587 -0.025399623
vn -0.99921155 -0.037300434 -0.013600158
vn -0.4656885 0.81228 0.35119134
vn -0.9994963 -0.006799975 -0.030999884
vn -0.46421656 0.60572165 0.64622307
vn -0.9984506 0.055097274 0.0077996138
vn -0.39239705 0.7466944 0.53709596
vn -0.27699453 0.89848226 -0.34059328
vn -0.27699453 0.89848226 -0.34059328
vn -0.8160048 0.3018018 -0.49300292
vn -0.8160048 0.3018018 -0.49300292
vn -0.5301946 0.67439306 -0.51389474
vn -0.5301946 0.67439306 -0.51389474
vn -0.5277254 0.38581857 -0.7567364
vn -0.5277254 0.38581857 -0.7567364
vn -0.47209886 0.39479905 -0.7881981
vn -0.47209886 0.39479905 -0.7881981
vn -0.49608192 0.58777857 -0.6390767
vn -0.49608192 0.58777857 -0.6390767
vn -0.49608192 0.58777857 -0.6390767
vn -0.7502117 0.46220723 0.4728074
vn -0.7502117 0.46220723 0.4728074
vn -0.6611311 0.69353265 -0.28621346
vn -0.6611311 0.69353265 -0.28621346
vn -0.6989038 0.6999038 -0.14720081
vn -0.6989038 0.6999038 -0.14720081
vn -0.698224 0.71372455 -0.055501908
vn -0.698224 0.71372455 -0.055501908
vn -0.69588035 0.71767974 -0.02619926
vn -0.69588035 0.71767974 -0.02619926
vn -0.697018 0.7170185 0.0071001835
vn -0.697018 0.7170185 0.0071001835
vn -0.7012935 0.71069336 0.055699483
vn -0.7012935 0.71069336 0.055699483
vn -0.70424247 0.7033424 0.096705824
vn -0.70424247 0.7033424 0.096705824
vn -0.7113859 0.6836865 0.16279678
vn -0.7113859 0.6836865 0.16279678
vn -0.72377074 0.63387436 0.27268898
vn -0.72377074 0.63387436 0.27268898
vn -0.7336268 0.5303194 0.4249155
vn -0.7336268 0.5303194 0.4249155
vn -0.71170306 0.58300245 -0.39190167
vn -0.71170306 0.58300245 -0.39190167
vn -0.71170306 0.58300245 -0.39190167
vn -0.7928983 0.5349989 0.29169938
vn -0.7928983 0.5349989 0.29169938
vn -0.9873071 -0.09470069 0.12750092
vn -0.9763044 -0.20350093 0.07360034
vn -0.976489 -0.21329762 0.031199649
vn -0.9768031 -0.21370067 -0.013700043
vn -0.9779009 -0.2089002 0.008400007
vn -0.9781224 -0.20760475 0.013300304
vn -0.9772043 -0.21230096 -0.00020000088
vn -0.9769454 -0.21188815 -0.026098542
vn -0.97706217 -0.20879191 -0.041898377
vn -0.977774 -0.16289566 -0.1319965
vn -0.976857 -0.20031168 -0.07500438
vn -0.98332727 -0.08220228 -0.1622045
vn -0.9966211 -0.0024000509 0.08210173
vn -0.9392717 0.33668983 0.066397995
vn -0.9392717 0.33668983 0.066397995
vn -0.9985955 0.013999937 0.05109977
vn -0.9810324 0.0073002414 -0.1937064
vn -0.65843916 0.7519447 -0.032201916
vn -0.65843916 0.7519447 -0.032201916
vn -0.99999714 0.0015999954 -0.0017999948
vn -0.7061136 0.6649128 -0.24350469
vn -0.7061136 0.6649128 -0.24350469
vn -0.7061136 0.6649128 -0.24350469
vn -0.9745612 0.22239114 -0.027798893
vn -0.98509187 0.16069867 0.061399493
vn -0.9998996 -0.007999998 -0.011699996
vn -0.9996945 -0.024599865 0.0023999868
vn -0.5641106 0.8245154 -0.044200823
vn -0.5641106 0.8245154 -0.044200823
vn -0.967958 0.2510891 -0.0033998524
vn -0.9998559 -0.014699352 -0.008499625
vn -0.99663097 0.06700209 0.04730147
vn -0.9999249 -0.008100202 0.009200229
vn -0.99341017 0.056000575 -0.10000103
vn -0.99988353 -0.013899771 0.006299896
vn -0.99999154 -0.0003999966 0.004099965
vn -0.977965 0.20829254 0.014099496
vn -0.99972117 -0.023200491 -0.004400093
vn -0.62392384 0.77062947 -0.12980497
vn -0.62392384 0.77062947 -0.12980497
vn -0.9469975 0.31349915 0.070099816
vn -0.9469975 0.31349915 0.070099816
vn -0.9999312 -0.00080002495 -0.011700365
vn -0.98932743 0.13940386 -0.042401172
vn -0.99694157 0.069102876 -0.03650152
vn -0.77515733 0.63106525 -0.029798359
vn -0.77515733 0.63106525 -0.029798359
vn -0.99404013 0.10780435 -0.016200654
vn -0.9965811 0.07629856 -0.0316994
vn -0.92681026 0.37550417 0.004400049
vn -0.92681026 0.37550417 0.004400049
vn -0.6920828 0.6255845 -0.36009106
vn -0.6920828 0.6255845 -0.36009106
vn -0.6920828 0.6255845 -0.36009106
vn -0.94672084 0.181404 -0.26610586
vn -0.94672084 0.181404 -0.26610586
vn -0.9324074 0.19150151 -0.30650243
vn -0.9324074 0.19150151 -0.30650243
vn -0.8975235 0.3352088 -0.28650752
vn -0.8975235 0.3352088 -0.28650752
vn -0.8975235 0.3352088 -0.28650752
vn -0.8905009 0.34630036 -0.2951003
vn -0.8905009 0.34630036 -0.2951003
vn -0.08630051 0.9594056 0.26850158
vn -0.08630051 0.9594056 0.26850158
vn -0.090502225 0.80941993 0.5802143
vn -0.090502225 0.80941993 0.5802143
vn -0.0744977 -0.95737046 -0.2790914
vn -0.0744977 -0.95737046 -0.2790914
vn -0.07220375 -0.99725175 0.01660086
vn -0.07220375 -0.99725175 0.01660086
vn -0.09039703 0.9177698 -0.38668728
vn -0.09039703 0.9177698 -0.38668728
vn 0 0.998909 -0.04670042
vn 0 0.59971195 0.80021596
vn 0 0.92170125 0.38790053
vn -0.026300345 0.68110895 -0.7317096
vn -0.084803164 0.99473715 -0.057502147
vn -0.084803164 0.99473715 -0.057502147
vn -0.084803164 0.99473715 -0.057502147
vn 0 0.6271796 0.7788747
vn 0 0.90278476 0.43009272
vn -0.0856027 -0.5329168 -0.8418265
vn -0.0856027 -0.5329168 -0.8418265
vn 0 1 0.0004
vn 0 0.21161166 -0.9773538
vn 0 0.9999808 -0.006199881
vn -0.079303645 -0.8094372 -0.58182675
vn -0.079303645 -0.8094372 -0.58182675
vn -0.087300636 0.52420384 0.84710616
vn -0.087300636 0.52420384 0.84710616
vn 0 0.08839868 -0.99608517
vn -0.08630057 0.1070007 0.9905065
vn -0.08630057 0.1070007 0.9905065
vn 0 0.92026883 -0.39128673
vn 0 0.92026883 -0.39128673
vn 0 0.72769785 0.68589795
vn -0.075699136 -0.91858953 0.38789555
vn -0.075699136 -0.91858953 0.38789555
vn 0 0.24869531 -0.96858174
vn -0.09049429 -0.6833569 0.72445434
vn -0.09049429 -0.6833569 0.72445434
vn 0 0.99996126 0.008799659
vn 0 0.90291965 -0.4298094
vn 0 1 -0.0002
vn 0 0.6932226 -0.7207235
vn -0.0917031 -0.34791178 0.93303156
vn -0.0917031 -0.34791178 0.93303156
vn -0.08389657 -0.107495606 -0.9906595
vn -0.08389657 -0.107495606 -0.9906595
vn -0.0947013 0.7091097 -0.6987096
vn -0.0947013 0.7091097 -0.6987096
vn -0.08669726 0.34908897 -0.9330705
vn -0.08669726 0.34908897 -0.9330705
vn -0.9316368 0.031601246 -0.3620143
vn -0.9316368 0.031601246 -0.3620143
vn -0.9332488 0.09830514 -0.34551808
vn -0.9332488 0.09830514 -0.34551808
vn 0 0.64499146 -0.76418984
vn -0.9494517 0.2826856 -0.13649306
vn -0.9494517 0.2826856 -0.13649306
vn -0.8866741 0.4623865 0.0027999182
vn -0.8866741 0.4623865 0.0027999182
vn -0.8819143 0.47140762 -0.0014000227
vn -0.8819143 0.47140762 -0.0014000227
vn -0.9419092 0.0718007 -0.3281032
vn -0.9419092 0.0718007 -0.3281032
vn -0.95663947 0.25841066 0.13440554
vn -0.95663947 0.25841066 0.13440554
vn -0.9189721 0.39418802 0.010299687
vn -0.9189721 0.39418802 0.010299687
vn -0.90332824 0.4289134 -0.005600175
vn -0.90332824 0.4289134 -0.005600175
vn -0.86779225 0.31159723 0.38709655
vn -0.86779225 0.31159723 0.38709655
vn -0.9316799 0.21599534 0.29209372
vn -0.9316799 0.21599534 0.29209372
vn -0.95443994 0.27241138 0.121805094
vn -0.95443994 0.27241138 0.121805094
vn -0.93711084 0.24680287 0.24680287
vn -0.93711084 0.24680287 0.24680287
vn -0.122504994 0.4536185 -0.882736
vn -0.12650435 0.43921512 -0.8894306
vn -0.09910106 0.61900663 -0.7791083
vn -0.09910106 0.61900663 -0.7791083
vn -0.05689924 0.61099184 -0.78958946
vn -0.8502992 0.00049999956 0.52629954
vn -0.042199615 0.9719912 0.2311979
vn -0.042199615 0.9719912 0.2311979
vn -0.0009999821 0.9964822 0.083798505
vn -0.0009999821 0.9964822 0.083798505
vn -0.8935203 0.16010365 0.41950956
vn -0.9329845 0.29429507 0.20719655
vn -0.825132 0.2961115 0.48111865
vn -0.78425646 0.31678241 0.5334704
vn -0.68816906 0.36428365 0.6274718
vn -0.9132905 0.3588963 0.192598
vn 0 0.45168787 0.8921761
vn 0 0.45168787 0.8921761
vn -0.30970755 0.4555111 0.8346203
vn -0.28640255 0.36730328 -0.8849079
vn 0 0.27960443 -0.96011525
vn 0 0.27960443 -0.96011525
vn -0.2637899 0.5970772 0.75757104
vn -0.2637899 0.5970772 0.75757104
vn -0.49820298 0.61400366 0.61220366
vn -0.49820298 0.61400366 0.61220366
vn 0 0.5651105 0.8250153
vn 0 0.5651105 0.8250153
vn 0 0.5651105 0.8250153
vn -0.5750963 0.6920955 -0.4361972
vn -0.5750963 0.6920955 -0.4361972
vn -0.31960824 0.74151915 -0.5899152
vn -0.31960824 0.74151915 -0.5899152
vn 0 0.75310296 -0.6579026
vn 0 0.75310296 -0.6579026
vn 0 0.75310296 -0.6579026
vn -0.7197192 0.5375144 0.43941173
vn -0.7197192 0.5375144 0.43941173
vn -0.84960777 0.45270413 0.27060246
vn -0.84960777 0.45270413 0.27060246
vn -0.8655983 0.48949906 0.1054998
vn -0.8655983 0.48949906 0.1054998
vn -0.830348 0.5526654 -0.07129554
vn -0.830348 0.5526654 -0.07129554
vn -0.7412122 0.62201023 -0.25240415
vn -0.7412122 0.62201023 -0.25240415
vn -0.9412443 0.29671395 -0.16130759
vn -0.8619022 0.29560074 -0.41200104
vn -0.6636964 0.28349847 -0.6921963
vn -0.89960474 0.41740218 -0.12840067
vn -0.045201734 0.97913754 0.1981076
vn -0.045201734 0.97913754 0.1981076
vn -0.110804826 0.9780426 0.17650768
vn -0.110804826 0.9780426 0.17650768
vn 0 0.9662233 0.25770622
vn 0 0.9662233 0.25770622
vn 0 0.9662233 0.25770622
vn -0.14530295 0.9515193 0.2711055
vn -0.14530295 0.9515193 0.2711055
vn -0.23879638 0.92958593 0.28079575
vn -0.23879638 0.92958593 0.28079575
vn -0.28570297 0.93010974 0.23080242
vn -0.28570297 0.93010974 0.23080242
vn -0.2689111 0.948239 0.16890696
vn -0.2689111 0.948239 0.16890696
vn -0.19859043 0.9692533 0.145293
vn -0.19859043 0.9692533 0.145293
vn 0 0.9687865 0.24789654
vn -0.8270369 0.42161882 -0.37181658
vn -0.6244892 0.43199253 -0.6506887
vn -0.5890016 0.2518007 -0.7679021
vn -0.6905151 0.017100373 0.7231158
vn 0 0.07320126 0.9973172
vn 0 0.07320126 0.9973172
vn -0.30909672 0.10789885 0.94488996
vn -0.5589051 0.43250397 -0.7075065
vn -0.011899604 0.0781974 -0.9968669
vn 0 0.070799336 -0.9974906
vn 0 0.070799336 -0.9974906
vn 0.00010000168 0.98941666 -0.14510244
vn 0.00010000168 0.98941666 -0.14510244
vn -0.12379946 0.87329614 0.4711979
vn -0.12379946 0.87329614 0.4711979
vn -0.16300453 0.11730325 0.97962725
vn 0 0.09619636 0.9953624
vn 0 0.09619636 0.9953624
vn 0.02220051 -0.99782294 0.06210143
vn 0 -0.99725854 0.073996924
vn -0.008499973 -0.09649969 -0.9952968
vn 0 -0.09289773 -0.9956757
vn 0 -0.09289773 -0.9956757
vn -0.00089996954 -0.9540677 -0.29958987
vn 0 -0.95403045 -0.29970956
vn -0.0031999503 -0.8079875 -0.5891909
vn -0.0031999503 -0.8079875 -0.5891909
vn 0 -0.80849814 -0.5884987
vn 0 -0.80849814 -0.5884987
vn 0 -0.80849814 -0.5884987
vn -0.0063998015 -0.58698183 -0.8095749
vn 0 -0.587803 -0.8090041
vn 0 -0.587803 -0.8090041
vn -0.008999817 -0.31339365 -0.9495807
vn 0 -0.31358665 -0.94955957
vn 0 -0.31358665 -0.94955957
vn -0.1598938 -0.048098136 0.9859618
vn 0 -0.049498726 0.9987743
vn 0 -0.049498726 0.9987743
vn 0.048398294 -0.98406523 -0.17109397
vn 0 -0.98001903 -0.19890386
vn -0.15210508 -0.30001003 0.9417314
vn 0 -0.30411163 0.9526364
vn 0 -0.30411163 0.9526364
vn -0.1289075 -0.5826339 0.80244666
vn 0 -0.58791596 0.808922
vn 0 -0.58791596 0.808922
vn -0.09319497 -0.8057565 0.58486843
vn 0 -0.80950946 0.5871069
vn 0 -0.80950946 0.5871069
vn -0.04840153 -0.9516301 0.3034096
vn -0.04840153 -0.9516301 0.3034096
vn 0 -0.9515823 0.30739427
vn 0 -0.9515823 0.30739427
vn 0 -0.9515823 0.30739427
vn 0.061000396 -0.99500644 -0.07900052
vn 0 -0.9961116 -0.08810102
vn -0.05690146 0.99832565 0.010400267
vn -0.16210799 0.025301248 0.98644865
vn 0 0.018500535 0.9998289
vn 0 0.018500535 0.9998289
vn -0.008799636 0.0022999048 -0.99995863
vn 0 0.0011999992 -0.9999993
vn 0 0.0011999992 -0.9999993
vn -0.048400514 0.9988106 0.0059000626
vn -0.03179845 0.9994511 -0.009299546
vn 0.059901334 -0.9981222 -0.012800285
vn 0 -0.99990755 -0.013600104
vn -0.026801039 0.9996388 -0.0020000776
vn -0.07819803 0.9968749 0.011199718
vn -0.015199279 0.99985254 0.00799962
vn -0.9345266 0.3265093 -0.14160404
vn -0.9345266 0.3265093 -0.14160404
vn -0.012699925 0.99989414 -0.0070999586
vn -0.023300612 0.9997263 0.002100055
vn -0.96227765 0.26579383 -0.058098648
vn -0.96227765 0.26579383 -0.058098648
vn -0.05759814 0.99826777 -0.011999613
vn -0.7262009 0.2620003 -0.63560075
vn -0.7262009 0.2620003 -0.63560075
vn -0.7262009 0.2620003 -0.63560075
vn -0.047600925 0.99881935 0.009700188
vn -0.8852421 0.4592218 0.07390351
vn -0.8852421 0.4592218 0.07390351
vn -0.28959763 0.95699215 0.017299859
vn -0.05149841 0.9986692 -0.0027999135
vn -0.90879196 0.3738967 -0.18519837
vn -0.90879196 0.3738967 -0.18519837
vn -0.24380521 0.9686207 -0.048301034
vn -0.07819979 0.84179777 0.53409857
vn -0.07819979 0.84179777 0.53409857
vn -0.13449386 0.84266156 0.5213762
vn -0.13449386 0.84266156 0.5213762
vn -0.23620525 0.7784173 0.58161294
vn -0.23620525 0.7784173 0.58161294
vn -0.23620525 0.7784173 0.58161294
vn -0.043600373 0.99900854 -0.009000076
vn -0.8495836 0.32479376 -0.41559198
vn -0.8495836 0.32479376 -0.41559198
vn -0.19329885 0.97699416 -0.09009946
vn -0.01860034 0.9998182 0.004200076
vn -0.06819999 0.9967999 -0.041699998
vn -0.56358474 0.24179345 -0.7898786
vn -0.56358474 0.24179345 -0.7898786
vn -0.022999594 0.99958235 0.01749969
vn -0.718067 0.6456703 0.25978804
vn -0.718067 0.6456703 0.25978804
vn -0.20739841 0.9767926 0.05349959
vn -0.53347015 0.7864559 0.31128258
vn -0.53347015 0.7864559 0.31128258
vn -0.12570056 0.9893045 0.074000336
vn -0.012799947 0.9991958 0.03799984
vn -0.11119697 0.98727316 0.11369691
vn -0.4447991 0.8260983 0.34599927
vn -0.4447991 0.8260983 0.34599927
vn 0 0.6754257 0.737428
vn 0 0.6754257 0.737428
vn -0.6541813 0.27549213 -0.70437986
vn -0.6541813 0.27549213 -0.70437986
vn -0.21809046 0.9501585 -0.22279026
vn 0 0.6836284 0.72983027
vn 0 0.6836284 0.72983027
vn 0 0.7291036 0.6844034
vn 0 0.7291036 0.6844034
vn 0 0.7291036 0.6844034
vn 0 0.7291036 0.6844034
vn 0 0.99990064 0.01410001
vn 0 0.99990064 0.01410001
vn -0.021599004 0.99805397 -0.058497302
vn 0.0046999687 0.9981933 -0.059899602
vn -0.16340509 0.9494297 -0.26810837
vn -0.027601048 0.99923795 -0.027601048
vn -0.07459775 0.9349718 -0.34678954
vn -0.09000209 0.9406218 -0.3273076
vn -0.17880209 0.5716067 -0.8008094
vn -0.010100106 0.42120442 -0.9069095
vn 0 0.25099686 -0.9679879
vn 0 0.25099686 -0.9679879
vn -0.99894685 -0.039701864 0.023001079
vn -0.99363667 0.10540389 0.039701466
vn -0.9972038 -0.04650018 0.058500223
vn -0.9948078 -0.047700375 0.08990071
vn -0.9714088 -0.2340021 0.040100362
vn -0.99848604 -0.053399254 -0.0131998155
vn -0.99868953 -0.03229966 0.039699584
vn -0.3974005 0.5406007 -0.741501
vn -0.3974005 0.5406007 -0.741501
vn -0.9997039 0.001300005 0.024300095
vn 0.24549578 0.44079244 -0.86338514
vn 0.9982864 0.015599787 -0.056399234
vn 0.99993616 0.0067002424 0.00910033
vn 0.79608667 0.17379709 -0.5796903
vn 0.79608667 0.17379709 -0.5796903
vn 0.24610746 0.6167187 -0.7477227
vn 0.24610746 0.6167187 -0.7477227
vn 0.932411 0.35830423 -0.04720056
vn 0.932411 0.35830423 -0.04720056
vn 0.9926387 0.091103554 -0.07980312
vn 0.27159002 0.4304842 -0.86076844
vn 0.99929535 -0.015899926 0.033999845
vn 0.118699335 0.7451958 -0.6561963
vn 0.9990764 -0.039999057 0.015699629
vn 0.2712168 0.8562531 -0.43962723
vn 0.43498528 0.8799702 -0.19089353
vn 0.9992395 -0.03860153 0.0055002174
vn 0.44238856 0.89397687 0.071398154
vn 0.99922824 -0.039201107 -0.0025000705
vn 0.43671206 0.89902484 -0.03220089
vn 0.9992993 -0.037399974 0.001499999
vn 0.43919274 0.89568514 -0.06969885
vn 0.9993087 -0.037100323 0.002400021
vn 0.9992587 -0.03849841 0
vn 0.43789124 0.898982 0.009099818
vn 0.44549257 0.8866852 0.12379794
vn 0.9992316 -0.03890123 -0.004800152
vn 0.45271695 0.86693245 0.2085078
vn 0.99923354 -0.03840129 -0.0076002553
vn 0.47568196 0.685674 0.55097914
vn 0.9992852 -0.027999587 -0.025399623
vn 0.99921155 -0.037300434 -0.013600158
vn 0.4656885 0.81228 0.35119134
vn 0.9994963 -0.006799975 -0.030999884
vn 0.46421656 0.60572165 0.64622307
vn 0.9984506 0.055097274 0.0077996138
vn -0.2777952 0.9549835 -0.10409819
vn -0.2777952 0.9549835 -0.10409819
vn -0.7629371 0.46672273 0.44732177
vn -0.49508265 0.656277 -0.56938004
vn -0.49508265 0.656277 -0.56938004
vn -0.46158695 0.75857854 -0.459887
vn -0.46158695 0.75857854 -0.459887
vn -0.42699453 0.8005898 -0.42039463
vn -0.42699453 0.8005898 -0.42039463
vn -0.50329405 0.54039365 0.674292
vn -0.50329405 0.54039365 0.674292
vn -0.50810814 0.6415103 0.57470924
vn -0.50810814 0.6415103 0.57470924
vn -0.52979493 0.71209323 0.46069562
vn -0.52979493 0.71209323 0.46069562
vn -0.5230013 0.49690127 -0.6925018
vn -0.5230013 0.49690127 -0.6925018
vn -0.37429667 0.8394925 -0.3938965
vn -0.37429667 0.8394925 -0.3938965
vn -0.5240252 0.77663743 0.34961683
vn -0.5240252 0.77663743 0.34961683
vn -0.50431424 0.43761232 0.744421
vn -0.50431424 0.43761232 0.744421
vn -0.007199738 -0.99636376 -0.084896915
vn -0.13820034 -0.87720215 -0.45980114
vn -0.13820034 -0.87720215 -0.45980114
vn -0.32030997 -0.6541203 -0.68522125
vn -0.32030997 -0.6541203 -0.68522125
vn -0.4622882 -0.3797903 -0.80127954
vn -0.4622882 -0.3797903 -0.80127954
vn -0.52468395 -0.16489497 -0.8351745
vn -0.52468395 -0.16489497 -0.8351745
vn -0.55721027 0.12820235 -0.8204151
vn -0.55721027 0.12820235 -0.8204151
vn -0.045798253 -0.9925622 0.112795696
vn -0.2259893 -0.8692589 0.4396792
vn -0.2259893 -0.8692589 0.4396792
vn -0.37890097 -0.63880163 0.66960174
vn -0.37890097 -0.63880163 0.66960174
vn -0.47140363 -0.39160302 0.7902061
vn -0.47140363 -0.39160302 0.7902061
vn -0.51130825 -0.12530202 0.8502137
vn -0.51130825 -0.12530202 0.8502137
vn -0.50740445 0.00090000784 0.86170757
vn -0.50740445 0.00090000784 0.86170757
vn -0.9290971 -0.047299854 -0.36679888
vn -0.916404 -0.11290049 -0.38400167
vn -0.87263393 -0.25710997 -0.41521612
vn -0.6520088 -0.60740817 -0.45380607
vn -0.22959277 -0.923271 -0.3079903
vn -0.22959277 -0.923271 -0.3079903
vn -0.26139608 0.9650855 -0.016799748
vn -0.26139608 0.9650855 -0.016799748
vn -0.8824562 0.33822155 -0.32692084
vn 0.075396135 -0.9971489 -0.0030998413
vn -0.9923241 -0.04470109 -0.1153028
vn -0.99204797 -0.0437977 -0.11799381
vn -0.9899599 -0.07659689 -0.11879519
vn -0.9799837 -0.14519757 -0.13619772
vn -0.5590111 -0.8190162 -0.12930256
vn -0.5590111 -0.8190162 -0.12930256
vn -0.800034 -0.51622194 -0.305713
vn -0.96746147 -0.16279352 -0.19369228
vn -0.98344654 -0.07170339 -0.16640788
vn -0.9860068 -0.034000237 -0.16320114
vn -0.968365 0.19249304 -0.15879427
vn -0.7634936 0.6347947 -0.11879901
vn -0.65711105 0.74661255 -0.10380174
vn -0.68288517 0.7229843 -0.10469773
vn -0.6589032 0.7458036 -0.09810047
vn -0.6749264 0.7308285 -0.10180398
vn -0.38248926 0.9212742 0.070398025
vn -0.38248926 0.9212742 0.070398025
vn 0.04040048 -0.9989119 -0.023300277
vn -0.8817071 -0.030600246 0.4708038
vn -0.8771982 -0.1526997 0.45519906
vn -0.86818844 -0.28689617 0.40489462
vn -0.80522865 -0.4584163 0.37611338
vn -0.3633942 -0.9110854 0.19459689
vn -0.3633942 -0.9110854 0.19459689
vn -0.6189987 0.7796983 0.0943998
vn -0.7210145 0.6801137 0.13260266
vn -0.91498107 -0.38869193 0.10829775
vn -0.18360817 -0.98284376 0.017500779
vn -0.984372 -0.12879635 0.120096594
vn -0.982354 -0.09719545 0.15979251
vn -0.9865468 -0.045597542 0.15699154
vn -0.9432939 0.27589822 0.1845988
vn -0.6817273 0.7255291 0.09410377
vn -0.68445593 0.72335345 0.09099414
vn -0.680521 0.7251224 0.10530325
vn -0.5085825 0.024299163 -0.8606704
vn -0.5085825 0.024299163 -0.8606704
vn -0.51197237 0.17989029 0.8399546
vn -0.51197237 0.17989029 0.8399546
vn -0.9814473 0.041401993 -0.18720901
vn -0.97737366 0.03679901 0.20829438
vn -0.98195106 0.14829262 -0.11739415
vn -0.92909956 0.10469995 -0.35469982
vn -0.8626429 0.120606 0.4912244
vn -0.93443364 -0.015200548 0.35581282
vn -0.93443364 -0.015200548 0.35581282
vn -0.8898942 -0.454497 0.038999744
vn -0.8898942 -0.454497 0.038999744
vn -0.8942842 -0.4474921 0.0025999541
vn -0.8942842 -0.4474921 0.0025999541
vn -0.89451206 -0.44690603 -0.01110015
vn -0.89451206 -0.44690603 -0.01110015
vn -0.92241114 -0.001900023 -0.3862047
vn -0.92241114 -0.001900023 -0.3862047
vn -0.91901165 0.03230041 -0.39290497
vn -0.91901165 0.03230041 -0.39290497
vn -0.92109835 0.06479988 -0.3838993
vn -0.92109835 0.06479988 -0.3838993
vn -0.8865732 0.462586 -0.0014999546
vn -0.8865732 0.462586 -0.0014999546
vn -0.8980956 0.43979785 -0.0014999927
vn -0.8980956 0.43979785 -0.0014999927
vn -0.8826934 0.46909648 0.028299788
vn -0.8826934 0.46909648 0.028299788
vn -0.9324968 0.063799776 0.3554988
vn -0.9324968 0.063799776 0.3554988
vn -0.9311159 0.024400417 0.36390623
vn -0.9311159 0.024400417 0.36390623
vn -0.5052157 -0.010700333 -0.86292684
vn -0.5052157 -0.010700333 -0.86292684
vn -0.9969084 0.022100186 -0.075400636
vn -0.9978006 0.037000023 0.055000033
vn -0.999246 -0.0031001428 0.038701784
vn -0.95764536 -0.004600218 0.28791365
vn -0.95764536 -0.004600218 0.28791365
vn -0.95821375 -0.28600413 0.0053000757
vn -0.95821375 -0.28600413 0.0053000757
vn -0.9623577 -0.27168804 0.007299679
vn -0.9623577 -0.27168804 0.007299679
vn -0.95928526 -0.28229564 0.008999861
vn -0.95928526 -0.28229564 0.008999861
vn -0.95762926 0.0074002263 -0.2879088
vn -0.95762926 0.0074002263 -0.2879088
vn -0.954885 0.030599518 -0.29539534
vn -0.954885 0.030599518 -0.29539534
vn -0.95474494 0.053996887 -0.29248312
vn -0.95474494 0.053996887 -0.29248312
vn -0.94529545 0.32599846 0.011899943
vn -0.94529545 0.32599846 0.011899943
vn -0.9501116 0.3119038 -0.0020000245
vn -0.9501116 0.3119038 -0.0020000245
vn -0.9441912 0.32939693 0.00079999253
vn -0.9441912 0.32939693 0.00079999253
vn -0.9562795 0.054698825 0.28729382
vn -0.9562795 0.054698825 0.28729382
vn -0.95519614 0.025199898 0.2948988
vn -0.95519614 0.025199898 0.2948988
vn -0.6472099 0.54810834 -0.5298081
vn -0.6472099 0.54810834 -0.5298081
vn -0.67257416 -0.5228799 -0.5236799
vn -0.67257416 -0.5228799 -0.5236799
vn -0.6463982 -0.7629979 0.0018999948
vn -0.66560674 -0.5814059 0.46790475
vn -0.66560674 -0.5814059 0.46790475
vn -0.65912694 0.75203073 0.0012000491
vn -0.6591886 0.60988945 0.4398924
vn -0.6591886 0.60988945 0.4398924
vn -0.9997607 0.020199204 0.008399669
vn -0.99835235 -0.049397647 -0.02919861
vn -0.998497 -0.05349984 0.011899965
vn -0.9981987 -0.05439993 0.025299966
vn -0.99973583 0.019900713 -0.011500412
vn -0.99960417 0.025400106 -0.01210005
vn -0.999393 0.030999782 -0.01589989
vn -0.99507904 0.09489799 0.028499398
vn -0.9955276 0.09440262 -0.0036000998
vn -0.99445695 0.101095624 -0.02889875
vn -0.9993924 0.033899743 0.008099939
vn -0.99960554 0.027200151 0.007000039
vn -0.99887323 0.02869923 -0.037798986
vn -0.99917006 0.026999192 0.030499088
vn -0.9994234 0.028600669 -0.018300429
vn -0.99936867 0.02199931 0.027899124
vn -0.99893564 0.025400907 -0.038501374
vn -0.9995124 0.025300313 -0.018300228
vn -0.51091325 0.019000491 0.85942227
vn -0.51091325 0.019000491 0.85942227
vn -0.50781035 0.009400192 0.8614176
vn -0.50781035 0.009400192 0.8614176
vn -0.9787861 0.005999915 0.20479709
vn -0.91327244 0.40658775 0.02489925
vn -0.9613028 0.26350078 0.080400236
vn -0.7225137 0.688313 0.06480122
vn -0.6699754 0.74037284 0.054597996
vn -0.68847775 0.72337663 0.052198313
vn -0.6981059 0.713706 0.057200484
vn -0.61472034 0.786726 0.056401864
vn -0.20120716 0.9795349 -0.0052001853
vn -0.20120716 0.9795349 -0.0052001853
vn -0.92577785 0.36119136 -0.11169732
vn -0.99202335 0.12540296 -0.012800301
vn -0.9694156 0.24050388 -0.048900787
vn -0.7519261 0.6583229 -0.034901213
vn -0.6739146 0.73821604 -0.029600643
vn -0.6746991 0.73749906 -0.02959996
vn -0.69303536 0.7202367 -0.031001579
vn -0.6099878 0.79198414 -0.025999479
vn -0.99882185 -0.043700956 -0.021100461
vn -0.50308293 0.010799634 -0.86417073
vn -0.50308293 0.010799634 -0.86417073
vn -0.91160226 0.023500059 -0.41040102
vn -0.9821779 0.011599738 -0.18759577
vn -0.1875033 -0.9819172 -0.026100459
vn -0.9996478 -0.01800086 -0.019500932
vn -0.9988694 -0.0391988 -0.026899178
vn -0.9943545 -0.10519519 -0.013899364
vn -0.5823079 -0.81281096 -0.016000217
vn -0.5823079 -0.81281096 -0.016000217
vn -0.93960744 -0.33920267 -0.045600362
vn -0.99551135 -0.08180093 -0.04760054
vn -0.9972109 -0.055500608 -0.049900547
vn -0.9981286 -0.03520101 -0.050001435
vn -0.99659026 0.079999216 -0.020199802
vn -0.98876756 -0.12599587 0.08039736
vn -0.9399781 -0.34049207 0.022499477
vn -0.18810913 -0.9821477 -0.0009000437
vn -0.9908402 -0.11970485 0.06250253
vn -0.9914921 -0.13009895 0.0041999663
vn -0.99848175 -0.047899123 -0.027199505
vn -0.999192 0.033699732 0.021899825
vn -0.99857014 0.033199005 0.041898746
vn -0.99562234 -0.026600597 0.08960201
vn -0.99649894 0.08359991 0.000899999
vn -0.7972079 0.3427034 -0.49700493
vn -0.7972079 0.3427034 -0.49700493
vn -0.6251181 0.78032255 0.018000519
vn -0.6251181 0.78032255 0.018000519
vn -0.727032 0.16440724 0.6666294
vn -0.727032 0.16440724 0.6666294
vn -0.7391087 -0.3472041 0.5772068
vn -0.7391087 -0.3472041 0.5772068
vn -0.6744959 -0.7373955 0.03609978
vn -0.6744959 -0.7373955 0.03609978
vn -0.6744959 -0.7373955 0.03609978
vn -0.68719023 -0.42679396 -0.58789164
vn -0.68719023 -0.42679396 -0.58789164
vn -0.68898004 -0.4004884 -0.60408247
vn -0.68898004 -0.4004884 -0.60408247
vn -0.73874295 -0.32081866 0.5927345
vn -0.73874295 -0.32081866 0.5927345
vn -0.74311525 -0.32360664 -0.58571196
vn -0.74311525 -0.32360664 -0.58571196
vn -0.5938006 0.8019008 -0.06600006
vn -0.5938006 0.8019008 -0.06600006
vn -0.5740278 0.8147394 0.081803955
vn -0.5740278 0.8147394 0.081803955
vn -0.65459895 -0.58899903 0.4738992
vn -0.65459895 -0.58899903 0.4738992
vn -0.6253402 -0.64384145 -0.44092837
vn -0.6253402 -0.64384145 -0.44092837
vn -0.6678664 -0.40107983 -0.62696844
vn -0.6678664 -0.40107983 -0.62696844
vn -0.70898813 -0.32649454 0.6250896
vn -0.70898813 -0.32649454 0.6250896
vn -0.7398255 -0.117704056 -0.66242284
vn -0.7398255 -0.117704056 -0.66242284
vn -0.7089011 -0.29770046 0.639401
vn -0.7089011 -0.29770046 0.639401
vn -0.9941407 0.105304316 0.024400998
vn -0.9919554 0.115594804 0.051597685
vn -0.9838122 -0.11480142 0.1376017
vn -0.9904742 -0.12369679 -0.060498428
vn -0.9981836 -0.057399057 0.018299699
vn -0.99655366 -0.054197483 0.06279708
vn -0.9984133 -0.05070068 0.024500327
vn -0.99881387 -0.04820067 -0.006900096
vn -0.96406025 -0.26558903 -0.007099707
vn -0.96406025 -0.26558903 -0.007099707
vn -0.8928222 0.4503112 0.009400234
vn -0.8928222 0.4503112 0.009400234
vn -0.92134476 0.38851887 -0.013300646
vn -0.9972784 -0.06799853 -0.028499382
vn -0.99558717 0.092698805 0.014599812
vn -0.9487092 0.31590304 0.012500121
vn -0.9487092 0.31590304 0.012500121
vn -0.9925712 0.11969652 0.021799367
vn -0.89524907 -0.4455244 -0.006100334
vn -0.89524907 -0.4455244 -0.006100334
vn -0.9863435 0.12630558 -0.105704665
vn -0.99676424 0.028398981 -0.0751973
vn -0.99697715 0.07689824 -0.0110997455
vn -0.9972184 0.07180132 0.020000368
vn -0.9906407 0.031101277 0.13290545
vn -0.99089867 0.010499986 0.13419983
vn -0.99070036 0.021200007 0.13440004
vn -0.9844311 0.03980126 -0.17120542
vn -0.98514247 0.013500583 -0.1712074
vn -0.9998982 -0.002199996 -0.014099975
vn -0.99319595 -0.052599788 -0.103899576
vn 0.39239705 0.7466944 0.53709596
vn 0.27699453 0.89848226 -0.34059328
vn 0.27699453 0.89848226 -0.34059328
vn 0.8160048 0.3018018 -0.49300292
vn 0.8160048 0.3018018 -0.49300292
vn 0.5301946 0.67439306 -0.51389474
vn 0.5301946 0.67439306 -0.51389474
vn 0.5277254 0.38581857 -0.7567364
vn 0.5277254 0.38581857 -0.7567364
vn 0.47209886 0.39479905 -0.7881981
vn 0.47209886 0.39479905 -0.7881981
vn 0.49608192 0.58777857 -0.6390767
vn 0.49608192 0.58777857 -0.6390767
vn 0.49608192 0.58777857 -0.6390767
vn 0.7502117 0.46220723 0.4728074
vn 0.7502117 0.46220723 0.4728074
vn 0.66118735 0.69348675 -0.28619453
vn 0.66118735 0.69348675 -0.28619453
vn 0.6989038 0.6999038 -0.14720081
vn 0.6989038 0.6999038 -0.14720081
vn 0.698224 0.71372455 -0.055501908
vn 0.698224 0.71372455 -0.055501908
vn 0.69588035 0.71767974 -0.02619926
vn 0.69588035 0.71767974 -0.02619926
vn 0.697018 0.7170185 0.0071001835
vn 0.697018 0.7170185 0.0071001835
vn 0.7012935 0.71069336 0.055699483
vn 0.7012935 0.71069336 0.055699483
vn 0.7042996 0.70329964 0.09659996
vn 0.7042996 0.70329964 0.09659996
vn 0.7113859 0.6836865 0.16279678
vn 0.7113859 0.6836865 0.16279678
vn 0.72377074 0.63387436 0.27268898
vn 0.72377074 0.63387436 0.27268898
vn 0.7336268 0.5303194 0.4249155
vn 0.7336268 0.5303194 0.4249155
vn 0.71170306 0.58300245 -0.39190167
vn 0.71170306 0.58300245 -0.39190167
vn 0.71170306 0.58300245 -0.39190167
vn 0.7928983 0.5349989 0.29169938
vn 0.7928983 0.5349989 0.29169938
vn 0.9873164 -0.09460158 0.12750213
vn 0.9763044 -0.20350093 0.07360034
vn 0.976486 -0.21329695 0.031299554
vn 0.9768031 -0.21370067 -0.013700043
vn 0.9779009 -0.2089002 0.008400007
vn 0.9781224 -0.20760475 0.013300304
vn 0.9772043 -0.21230096 -0.00020000088
vn 0.9769454 -0.21188815 -0.026098542
vn 0.97706217 -0.20879191 -0.041898377
vn 0.9777845 -0.16209744 -0.1328979
vn 0.976857 -0.20031168 -0.07500438
vn 0.98332727 -0.08220228 -0.1622045
vn 0.9966211 -0.0024000509 0.08210173
vn 0.9392717 0.33668983 0.066397995
vn 0.9392717 0.33668983 0.066397995
vn 0.9985955 0.013999937 0.05109977
vn 0.9810324 0.0073002414 -0.1937064
vn 0.65843916 0.7519447 -0.032201916
vn 0.65843916 0.7519447 -0.032201916
vn 0.99999714 0.0015999954 -0.0017999948
vn 0.7061308 0.66492903 -0.24341062
vn 0.7061308 0.66492903 -0.24341062
vn 0.7061308 0.66492903 -0.24341062
vn 0.9745612 0.22239114 -0.027798893
vn 0.9850859 0.1606977 0.061499123
vn 0.9998996 -0.007999998 -0.011699996
vn 0.9996945 -0.024599865 0.0023999868
vn 0.5641106 0.8245154 -0.044200823
vn 0.5641106 0.8245154 -0.044200823
vn 0.9679271 0.25120702 -0.0035000981
vn 0.9998559 -0.014699352 -0.008499625
vn 0.99663097 0.06700209 0.04730147
vn 0.9999249 -0.008100202 0.009200229
vn 0.99341017 0.056000575 -0.10000103
vn 0.99988353 -0.013899771 0.006299896
vn 0.99999154 -0.0003999966 0.004099965
vn 0.977965 0.20829254 0.014099496
vn 0.99972117 -0.023200491 -0.004400093
vn 0.62392384 0.77062947 -0.12980497
vn 0.62392384 0.77062947 -0.12980497
vn 0.9469975 0.31349915 0.070099816
vn 0.9469975 0.31349915 0.070099816
vn 0.9999312 -0.00080002495 -0.011700365
vn 0.98932743 0.13940386 -0.042401172
vn 0.99694157 0.069102876 -0.03650152
vn 0.77515733 0.63106525 -0.029798359
vn 0.77515733 0.63106525 -0.029798359
vn 0.99404013 0.10780435 -0.016200654
vn 0.9965811 0.07629856 -0.0316994
vn 0.92684466 0.3754181 0.0045002163
vn 0.92684466 0.3754181 0.0045002163
vn 0.6920828 0.6255845 -0.36009106
vn 0.6920828 0.6255845 -0.36009106
vn 0.6920828 0.6255845 -0.36009106
vn 0.94672084 0.181404 -0.26610586
vn 0.94672084 0.181404 -0.26610586
vn 0.9324074 0.19150151 -0.30650243
vn 0.9324074 0.19150151 -0.30650243
vn 0.89749783 0.3351992 -0.2865993
vn 0.89749783 0.3351992 -0.2865993
vn 0.89749783 0.3351992 -0.2865993
vn 0.8905009 0.34630036 -0.2951003
vn 0.8905009 0.34630036 -0.2951003
vn 0.086302824 0.9594314 0.2684088
vn 0.086302824 0.9594314 0.2684088
vn 0.09060141 0.8094126 0.580209
vn 0.09060141 0.8094126 0.580209
vn 0.07450005 -0.9576006 -0.27830017
vn 0.07450005 -0.9576006 -0.27830017
vn 0.07220338 -0.99724674 0.01690079
vn 0.07220338 -0.99724674 0.01690079
vn 0.09040488 0.9180495 -0.38602084
vn 0.09040488 0.9180495 -0.38602084
vn 0 0.8408502 -0.54126793
vn 0 0.9477189 -0.31910634
vn 0 0.9914346 -0.13060457
vn 0 0.99882317 -0.048501126
vn 0 0.99977523 -0.021199474
vn 0 0.9988037 0.048900183
vn 0 0.9942595 0.10699564
vn 0 0.9838475 0.17900865
vn 0 0.9519026 0.30640084
vn 0 0.8616384 0.50752264
vn 0 0.67019033 0.7421893
vn 0 0.6949032 0.7191033
vn -0.11339427 0.99354976 0.0007999595
vn -0.15490098 0.9060058 -0.3939025
vn -0.15490098 0.9060058 -0.3939025
vn 0 0.93198586 0.36249453
vn -0.9992206 -0.034600716 -0.01900039
vn -0.94356793 0.32838884 0.042898543
vn -0.94356793 0.32838884 0.042898543
vn -0.019299958 0.99679774 -0.07759982
vn -0.16299552 0.71678025 0.6779813
vn -0.15709455 0.89136904 0.42518523
vn -0.43637872 0.89955616 -0.01929906
vn -0.9884283 0.11290323 -0.10130291
vn -0.020000601 0.9720292 0.23400703
vn -0.30159912 0.9094973 0.28609914
vn -0.02129908 0.77826643 0.62757295
vn -0.9874933 0.052399643 -0.14869899
vn -0.99765 0.0098995045 -0.0677966
vn -0.37630385 0.7224074 -0.58010596
vn -0.9988231 0.04180097 0.024600567
vn -0.59801334 0.7335164 -0.32300723
vn -0.9991684 -0.039698746 0.009299707
vn -0.44029284 0.8901856 -0.1170981
vn -0.43780383 0.89800787 -0.043700382
vn -0.8092782 0.5856842 0.045198783
vn -0.9989631 0.015799416 -0.04269842
vn -0.80710727 0.57820517 -0.119401075
vn -0.99928296 -0.037699357 0.0034999405
vn -0.99930996 -0.037100367 0.0018000179
vn -0.4404935 0.8966868 0.043799352
vn -0.80533 0.59242207 -0.021900816
vn -0.6772313 0.735734 0.0073003373
vn -0.80677474 0.5890815 -0.045798566
vn -0.38810784 0.8714176 -0.30000606
vn -0.7284079 0.4807052 0.4882053
vn -0.9999964 0.0005999979 0.0025999907
vn -0.89248574 0.19469689 -0.4068935
vn -0.9991083 -0.033800278 0.02530021
vn -0.15039587 0.08719761 -0.984773
vn -0.70501655 0.65131533 0.2806066
vn -0.99923235 -0.039001264 -0.0037001197
vn -0.999398 -0.017599965 -0.029899938
vn -0.472894 0.6209921 0.6250921
vn -0.9992277 -0.038001053 -0.010000277
vn -0.8276138 0.43800727 0.35100585
vn -0.47240877 0.75961405 0.44700828
vn -0.45871457 0.8459269 0.27200866
vn -0.99928105 -0.03789928 0.0009999811
vn -0.9992422 -0.038901642 -0.001300055
vn -0.81629026 0.56219333 0.13269842
vn -0.81147283 0.57908064 0.07859737
vn -0.4437159 0.8910319 0.09580343
vn -0.018399727 0.89628667 -0.4430934
vn -0.019399725 0.9771861 -0.21149701
vn -0.05099869 0.94577575 -0.32079178
vn -0.05099869 0.94577575 -0.32079178
vn -0.019599661 0.9901829 0.1383976
vn -0.8645169 0.41070804 -0.2897057
vn -0.86511606 0.34230635 0.3666068
vn -0.019199513 0.9991746 -0.03579909
vn -0.77516896 0.47868085 0.41228348
vn -0.77516896 0.47868085 0.41228348
vn -0.5985848 0.70308214 -0.38389024
vn -0.5985848 0.70308214 -0.38389024
vn -0.72991467 0.5896119 0.34580696
vn -0.72991467 0.5896119 0.34580696
vn -0.019199302 0.99976367 0.01019963
vn -0.019500392 0.99662 0.079801604
vn -0.017699834 0.65399384 0.7562929
vn -0.020799676 0.9175857 0.39699382
vn -0.16859244 0.8129636 -0.557375
vn -0.75398904 0.5719917 0.3229953
vn -0.0063998383 0.7651807 0.64378375
vn -0.867788 0.42999405 -0.24909656
vn -0.867788 0.42999405 -0.24909656
vn -0.8063728 0.59138006 0.005699808
vn -0.8232409 0.5219259 0.22331108
vn -0.7670681 0.6379735 0.06779718
vn -0.7670681 0.6379735 0.06779718
vn -0.71713686 0.6639341 0.21191089
vn -0.71713686 0.6639341 0.21191089
vn -0.4429853 0.6457786 0.6218794
vn -0.8126745 0.5455829 -0.20469357
vn -0.9402383 0.3022123 0.1569064
vn -0.73675126 0.4793683 0.47686845
vn -0.73675126 0.4793683 0.47686845
vn -0.9228035 0.19530074 -0.3321013
vn -0.7025768 0.70767665 0.07469753
vn -0.7025768 0.70767665 0.07469753
vn -0.6535611 -0.34657937 -0.67285997
vn -0.6535611 -0.34657937 -0.67285997
vn -0.74163 -0.419417 0.5235212
vn -0.74163 -0.419417 0.5235212
vn -0.69960546 0.7137056 0.034300268
vn -0.69960546 0.7137056 0.034300268
vn -0.69922775 0.7089281 -0.09220366
vn -0.69922775 0.7089281 -0.09220366
vn -0.696902 0.71630204 -0.035200097
vn -0.696902 0.71630204 -0.035200097
vn -0.46548533 0.5944813 -0.6556794
vn -0.46548533 0.5944813 -0.6556794
vn -0.6782006 0.7189007 -0.15240014
vn -0.7153089 0.54530674 0.43700543
vn -0.6921243 0.7020247 0.1677059
vn -0.6760632 0.7363599 -0.026698545
vn -0.6847895 0.7218889 0.09969846
vn -0.6785426 0.73234594 -0.057003576
vn -0.9769581 -0.18759196 -0.101795636
vn -0.97698337 -0.20599648 -0.055399053
vn -0.6955262 0.718327 -0.015800593
vn -0.6955262 0.718327 -0.015800593
vn -0.97972524 -0.12470321 -0.15680404
vn -0.6915434 0.69024324 -0.21291335
vn -0.6915434 0.69024324 -0.21291335
vn -0.12949666 -0.99157447 0.003299915
vn -0.59820944 0.696311 -0.39660624
vn -0.59820944 0.696311 -0.39660624
vn -0.6817342 0.7293366 0.05750289
vn -0.7398711 -0.06319752 0.6697738
vn -0.7398711 -0.06319752 0.6697738
vn -0.9781827 -0.20749632 0.010199819
vn -0.6711239 -0.74002635 0.04420157
vn -0.6711239 -0.74002635 0.04420157
vn -0.69172364 -0.6820233 0.23740812
vn -0.69172364 -0.6820233 0.23740812
vn -0.67108417 -0.73528266 0.094897754
vn -0.67108417 -0.73528266 0.094897754
vn -0.97553796 -0.21420835 0.049401924
vn -0.99172515 -0.030500775 0.12470317
vn -0.9808036 -0.1652006 0.10360038
vn -0.05290059 0.30770344 0.9500106
vn -0.9775126 -0.21080272 0.005600072
vn -0.6738996 -0.7374996 -0.044199973
vn -0.6738996 -0.7374996 -0.044199973
vn -0.97682256 -0.21310492 -0.020100463
vn -0.97704464 -0.21050963 -0.032701492
vn -0.68068814 -0.71968746 -0.13679762
vn -0.68068814 -0.71968746 -0.13679762
vn -0.67713255 -0.7307352 -0.08670417
vn -0.67713255 -0.7307352 -0.08670417
vn -0.9775233 -0.20990501 0.01970047
vn -0.6709081 -0.7409089 0.030600369
vn -0.6709081 -0.7409089 0.030600369
vn -0.9769373 -0.21340816 -0.0071002715
vn -0.6712923 -0.7411915 0.0013999839
vn -0.6712923 -0.7411915 0.0013999839
vn -0.6822186 -0.6896188 -0.24290663
vn -0.6822186 -0.6896188 -0.24290663
vn -0.99825025 0.008600433 0.058502942
vn -0.6661866 0.596388 0.44779098
vn -0.6661866 0.596388 0.44779098
vn -0.6661866 0.596388 0.44779098
vn -0.04420114 0.7266187 0.6856176
vn -0.04420114 0.7266187 0.6856176
vn -0.98466563 -0.030898921 -0.17169401
vn -0.9807952 0.039499808 -0.19099906
vn -0.6240776 -0.021299236 -0.78107196
vn -0.6240776 -0.021299236 -0.78107196
vn -0.12849365 -0.79706067 -0.59007084
vn -0.7699831 0.18719588 0.60998666
vn -0.7699831 0.18719588 0.60998666
vn -0.13039681 -0.9897758 -0.057798587
vn -0.13529977 -0.69169885 0.7093988
vn -0.67397803 -0.58178097 -0.45528513
vn -0.67397803 -0.58178097 -0.45528513
vn -0.9987803 -0.047199074 -0.014499715
vn 0.026300345 0.68110895 -0.7317096
vn 0.08480414 0.9947486 -0.0573028
vn 0.08480414 0.9947486 -0.0573028
vn 0.08480414 0.9947486 -0.0573028
vn -0.08559652 0.3280866 0.9407617
vn -0.08559652 0.3280866 0.9407617
vn -0.8645089 0.35480365 -0.3560037
vn -0.8645089 0.35480365 -0.3560037
vn -0.17549707 0.8887852 -0.42339295
vn -0.9992808 0.037899274 -0.0012999751
vn -0.16039222 0.20908985 -0.9646532
vn -0.12769562 0.991766 0.009699667
vn -0.08289972 -0.6942976 -0.7148976
vn -0.08289972 -0.6942976 -0.7148976
vn -0.9205058 0.38990247 -0.02540016
vn -0.9205058 0.38990247 -0.02540016
vn -0.08499863 0.12519799 -0.9884841
vn -0.08499863 0.12519799 -0.9884841
vn -0.08989973 0.685398 0.72259784
vn -0.08989973 0.685398 0.72259784
vn -0.99639666 0.055999815 0.06369978
vn -0.09500249 0.7695202 -0.6315166
vn -0.09500249 0.7695202 -0.6315166
vn -0.09500249 0.7695202 -0.6315166
vn -0.08210237 -0.80772334 0.5838169
vn -0.08210237 -0.80772334 0.5838169
vn -0.08499904 -0.33299622 -0.9390894
vn -0.08499904 -0.33299622 -0.9390894
vn -0.08889768 0.89987653 0.42698884
vn -0.08889768 0.89987653 0.42698884
vn -0.99978966 0.014699847 0.014299852
vn -0.92999524 0.23249881 0.28469855
vn -0.92999524 0.23249881 0.28469855
vn -0.13159586 -0.984669 -0.114496395
vn -0.9999938 0.0034999785 -0.00049999694
vn -0.13019946 -0.98979586 0.05789976
vn -0.13159902 -0.9835926 0.12339908
vn -0.9695823 0.24349555 -0.024899546
vn -0.9284895 0.2215975 0.29799664
vn -0.9284895 0.2215975 0.29799664
vn -0.14080407 -0.936927 0.31990924
vn -0.8838292 0.273109 -0.3798125
vn -0.8838292 0.273109 -0.3798125
vn -0.9999958 0.0027999883 0.00069999706
vn -0.99862933 -0.049801465 0.016100474
vn -0.9990634 -0.011199588 -0.041798465
vn 0.085599005 -0.5343937 -0.84089017
vn 0.085599005 -0.5343937 -0.84089017
vn -0.99999845 0.0011999982 0.001299998
vn -0.16790637 0.98493737 -0.041301567
vn -0.99512327 0.0986023 -0.0027000632
vn -0.99882156 0.033200715 0.035400763
vn -0.999559 0.027998853 0.009899594
vn -0.9999889 0.004699948 0.0002999967
vn -0.076698996 -0.89618826 -0.43699428
vn -0.076698996 -0.89618826 -0.43699428
vn -0.07299746 -0.98126584 0.1782938
vn -0.07299746 -0.98126584 0.1782938
vn -0.9994359 -0.026600953 0.020500736
vn -0.99758494 0.06889895 -0.008799867
vn -0.9920155 0.11290176 0.05620088
vn -0.99894094 0.046001885 0.0009000369
vn -0.08469898 0.9906881 0.10659872
vn -0.08469898 0.9906881 0.10659872
vn -0.9984754 0.053598676 0.013199674
vn -0.9836304 0.17680545 0.034801073
vn -0.98227715 0.18689565 -0.01419967
vn -0.076203376 -0.18090801 0.98054343
vn -0.087398164 -0.044499066 -0.9951791
vn -0.109394975 -0.4904775 -0.8645603
vn -0.13329464 -0.97426075 -0.18179266
vn -0.12970015 -0.99070114 0.041100044
vn -0.13469592 -0.93817157 -0.31889033
vn -0.0940057 -0.5374326 0.8380508
vn -0.0940057 -0.5374326 0.8380508
vn -0.99176216 0.072797224 -0.10539598
vn -0.9432739 0.325591 0.0649982
vn -0.9432739 0.325591 0.0649982
vn -0.99729645 0.05299981 -0.05089982
vn -0.99786335 0.05029815 -0.04169847
vn -0.9657779 0.25929406 -0.0062998557
vn -0.9985459 -0.053902477 -0.00080003677
vn -0.111002244 0.9938201 -0.00040000808
vn -0.99973446 0.004500155 -0.02260078
vn -0.9995165 0.031000512 0.0024000397
vn -0.12479504 0.9921606 -0.006599738
vn -0.31719983 0.23609987 -0.91849947
vn -0.9764142 0.21590315 0.001100016
vn -0.93059635 0.041399837 -0.36369857
vn -0.93059635 0.041399837 -0.36369857
vn -0.072902754 -0.98963743 -0.12370468
vn -0.072902754 -0.98963743 -0.12370468
vn -0.9994921 -0.012299903 0.02939977
vn -0.99975103 0.018999068 -0.011699427
vn -0.99929047 0.008899915 -0.03659965
vn -0.9995814 -0.015699707 -0.024299547
vn -0.95308614 0.14809784 -0.26399615
vn -0.95308614 0.14809784 -0.26399615
vn -0.9523556 0.2251895 0.20569041
vn -0.9523556 0.2251895 0.20569041
vn -0.08669869 0.97118527 -0.22199664
vn -0.08669869 0.97118527 -0.22199664
vn -0.93065405 0.36348206 0.04199793
vn -0.93065405 0.36348206 0.04199793
vn -0.8225147 0.4701084 -0.32010573
vn -0.8225147 0.4701084 -0.32010573
vn -0.9995995 0.016899992 0.02269999
vn -0.9991328 0.037301224 -0.018500607
vn -0.9988482 -0.037998028 -0.02929848
vn -0.9988182 0.048600886 -0.00050000916
vn 0.0792974 -0.8099735 -0.5810809
vn 0.0792974 -0.8099735 -0.5810809
vn 0.087300636 0.52420384 0.84710616
vn 0.087300636 0.52420384 0.84710616
vn 0.08629754 0.106396966 0.9905718
vn 0.08629754 0.106396966 0.9905718
vn -0.08829729 -0.12539616 0.9881697
vn -0.08829729 -0.12539616 0.9881697
vn -0.9941544 0.04659786 -0.09739553
vn -0.17550553 0.90712863 0.38251206
vn -0.1397959 0.62108177 0.7711774
vn -0.090000905 0.5468055 -0.83240837
vn -0.090000905 0.5468055 -0.83240837
vn -0.9360157 0.04700079 -0.34880587
vn -0.9360157 0.04700079 -0.34880587
vn -0.09469902 0.83209133 -0.54649436
vn -0.09469902 0.83209133 -0.54649436
vn 0.37539628 0.25149754 -0.89209116
vn -0.99998856 0.0047999453 -0.00019999771
vn -0.9997091 0.021200193 0.011500105
vn 0 0.13029672 -0.9914751
vn 0 0.998246 -0.059202727
vn 0 0.13220303 -0.9912227
vn 0 0.48969615 -0.87189317
vn 0 0.9946085 0.10370088
vn 0 0.7276008 0.68600076
vn 0 0.37700465 -0.9262114
vn 0 0.8319118 0.55490786
vn 0 0.6003999 0.7996999
vn 0 0.63840234 0.7697028
vn 0 0.9861769 0.16569613
vn 0.07570283 -0.9188343 0.3873145
vn 0.07570283 -0.9188343 0.3873145
vn 0.09050085 -0.6834064 0.7244068
vn 0.09050085 -0.6834064 0.7244068
vn -0.9430686 0.27389088 0.18869373
vn -0.9430686 0.27389088 0.18869373
vn -0.9739886 0.22439738 -0.03149963
vn -0.99091023 0.12770133 -0.04230044
vn 0 0.7502988 -0.66109896
vn -0.99467725 0.0828981 0.0611986
vn -0.9981125 0.007100089 0.061000764
vn -0.14329986 0.5931995 0.79219925
vn -0.99999595 0.001999992 0.001999992
vn -0.22330958 0.6606284 -0.7167308
vn -0.31471026 0.41341344 -0.8544278
vn -0.35699037 0.42528856 -0.8316776
vn -0.2562936 0.6025849 -0.7557811
vn -0.2562936 0.6025849 -0.7557811
vn -0.023299772 0.6409937 -0.7671925
vn -0.062602766 0.5767254 -0.8145359
vn -0.08170165 0.5310108 -0.8434171
vn -0.027298389 0.7677547 -0.6401622
vn -0.8823319 0.46041662 -0.09750352
vn -0.8823319 0.46041662 -0.09750352
vn 0 0.978848 -0.20458913
vn -0.3179969 0.3387967 -0.8854914
vn -0.37989432 0.61409074 0.6917896
vn -0.37989432 0.61409074 0.6917896
vn -0.14049833 0.5752931 0.8057904
vn -0.14049833 0.5752931 0.8057904
vn -0.45809382 0.7215903 -0.51909304
vn -0.45809382 0.7215903 -0.51909304
vn -0.1646896 0.75055254 -0.6399596
vn -0.1646896 0.75055254 -0.6399596
vn -0.55350065 0.41550046 0.72180086
vn -0.6155002 0.58800024 0.5248002
vn -0.6155002 0.58800024 0.5248002
vn -0.8004519 0.48327097 0.3545787
vn -0.8004519 0.48327097 0.3545787
vn -0.86825126 0.4586271 0.18921117
vn -0.86825126 0.4586271 0.18921117
vn -0.85225344 0.5228329 0.017601104
vn -0.85225344 0.5228329 0.017601104
vn -0.79459053 0.585493 -0.16069807
vn -0.79459053 0.585493 -0.16069807
vn -0.6690925 0.6580926 -0.3452961
vn -0.6690925 0.6580926 -0.3452961
vn -0.08270101 0.45700556 0.8856108
vn -0.31170037 0.053000066 0.9487012
vn 0 0.0035999767 0.99999356
vn 0 0.0035999767 0.99999356
vn 0 0.27939323 -0.96017677
vn 0 0.27939323 -0.96017677
vn -0.66350573 0.019900171 0.74790645
vn -0.86969143 -0.0008999911 0.49359512
vn -0.94290906 0.120201156 0.310603
vn -0.94179565 0.31279853 0.123199426
vn -0.91361636 0.38290685 -0.13670245
vn -0.8353052 0.3977025 -0.37960234
vn -0.6121691 0.41597897 -0.67246604
vn 0.009300235 0.99942523 0.032600824
vn -0.008799659 0.99176157 0.12779506
vn -9.999919E-05 0.9997919 -0.020399835
vn -0.06900322 0.9662451 0.24821158
vn -0.020100096 0.9497046 0.31250152
vn 0 0.9396679 0.34208828
vn -0.0948951 0.9721498 0.21428895
vn -0.18580188 0.9495096 0.25280255
vn -0.21710117 0.9481051 0.23230127
vn -0.19850604 0.9593291 0.2007061
vn -0.1402961 0.96947306 0.20109442
vn 0 0.6523301 0.757935
vn 0 0.6523301 0.757935
vn -0.75416076 0.33048284 0.5674705
vn -0.8006771 0.3077912 0.5139853
vn -0.8731389 0.29001293 0.39181745
vn -0.95470387 0.2975012 -0.005800023
vn -0.9107993 0.2959998 -0.2877998
vn -0.80787843 0.2958921 -0.5096864
vn -0.012800061 0.9893047 0.14530069
vn -0.012800061 0.9893047 0.14530069
vn -0.0009999516 0.9994516 0.0330984
vn -0.0009999516 0.9994516 0.0330984
vn -0.07289781 0.97617066 0.20439386
vn -0.07289781 0.97617066 0.20439386
vn -0.019200008 0.96790034 0.2506001
vn -0.019200008 0.96790034 0.2506001
vn -0.09270106 0.9663111 0.24010275
vn -0.09270106 0.9663111 0.24010275
vn -0.19580461 0.9382221 0.2853067
vn -0.19580461 0.9382221 0.2853067
vn -0.26969963 0.92689884 0.26099968
vn -0.26969963 0.92689884 0.26099968
vn -0.28540462 0.9378151 0.1976032
vn -0.28540462 0.9378151 0.1976032
vn -0.23861094 0.959444 0.15010688
vn -0.23861094 0.959444 0.15010688
vn -0.1542033 0.97582084 0.15490331
vn -0.1542033 0.97582084 0.15490331
vn -0.13250396 0.3140094 -0.9401281
vn -0.49660626 0.40780511 -0.76620966
vn -0.11190262 0.09230215 0.98942316
vn -0.53139424 0.07279921 0.8439908
vn -0.79112047 -0.013300343 0.6115158
vn -0.8819722 0.06139806 0.46728525
vn -0.8997812 0.26959437 0.34309286
vn -0.91427606 0.4048894 0.012799664
vn -0.8726687 0.41988492 -0.24929106
vn -0.76791096 0.42640612 -0.4780068
vn 0 0.3862054 -0.9224129
vn 0 0.3862054 -0.9224129
vn -0.34329113 0.58988476 -0.7308811
vn -0.8051858 -0.07709864 0.5879896
vn 0 0.19271092 -0.9812556
vn 0 0.19271092 -0.9812556
vn -0.9489752 -0.030299209 0.3138918
vn -0.9997187 0.02190041 0.009100171
vn -0.95218605 0.074898906 -0.29619566
vn -0.3100975 0.1856985 -0.9323924
vn -0.5903186 0.1621051 -0.79072493
vn -0.017600091 0.98020506 -0.19720103
vn -0.017600091 0.98020506 -0.19720103
vn -0.03320083 0.43561092 -0.89952254
vn -0.046300188 0.6485026 -0.75980306
vn -0.043002028 0.7801367 -0.6241294
vn 0 0.29681122 0.95493615
vn 0 0.29681122 0.95493615
vn -0.15619455 0.31878886 0.9348673
vn 0 0.46020627 0.887812
vn 0 0.46020627 0.887812
vn -0.15579905 0.48469704 0.86069477
vn -0.064100124 0.60400116 0.7944015
vn -0.17030416 0.62451524 0.76221865
vn -0.0005000163 0.0673022 -0.9977325
vn -0.023099966 0.24479964 -0.9692986
vn 0 0.18149841 0.9833913
vn 0 0.18149841 0.9833913
vn -0.07939782 0.10139721 0.9916727
vn -0.16120364 0.2044046 0.96552175
vn 0 0.67552984 0.7373326
vn 0 0.67552984 0.7373326
vn -0.17479987 0.7199995 0.6715995
vn 0 -0.9999559 -0.009399585
vn -0.00010000319 -0.95403045 -0.29970956
vn 0.0037998804 -0.9973686 0.072397724
vn -0.00039998034 -0.9999509 -0.009899514
vn 0 -0.8903915 -0.45519564
vn -0.00029999934 -0.80849814 -0.5884987
vn -0.00029999934 -0.80849814 -0.5884987
vn -0.0017999761 -0.8902882 -0.45539397
vn 0 -0.70680666 -0.7074067
vn 0 -0.70680666 -0.7074067
vn -0.00050000247 -0.58780295 -0.809004
vn -0.004799987 -0.7061981 -0.70799804
vn -0.019700237 0.9859118 -0.16610199
vn -0.019700237 0.9859118 -0.16610199
vn 0 -0.4540007 -0.89100134
vn 0 -0.4540007 -0.89100134
vn -0.00059999374 -0.31379673 -0.9494901
vn -0.007899816 -0.4531895 -0.89137924
vn 0 -0.18959284 -0.98186284
vn 0 -0.18959284 -0.98186284
vn -9.999912E-05 -0.093799174 -0.9955912
vn -0.0090995785 -0.1919911 -0.98135453
vn 0 -0.9999062 0.013700085
vn 0.018400554 -0.98062944 -0.19500585
vn -0.024199149 -0.9515666 0.3064892
vn -0.024199149 -0.9515666 0.3064892
vn 0.00079997396 -0.99956745 0.029399043
vn 0 -0.8924788 0.4510893
vn 0 -0.8924788 0.4510893
vn -0.04659925 -0.80868703 0.58639055
vn -0.071298935 -0.8907867 0.44879332
vn 0 -0.7074067 0.70680666
vn 0 -0.7074067 0.70680666
vn -0.0642987 -0.58678806 0.8071837
vn -0.11239618 -0.7023762 0.7028761
vn 0 -0.45431972 0.8908387
vn 0 -0.45431972 0.8908387
vn -0.07600169 -0.30310673 0.9499211
vn -0.14199749 -0.44859204 0.8823843
vn 0 -0.1486974 0.9888828
vn 0 -0.1486974 0.9888828
vn -0.07989904 -0.049199414 0.9955881
vn -0.15810613 -0.14620568 0.97653794
vn 0.014599511 -0.99606663 -0.08739707
vn 0 0.05000246 0.99874914
vn 0 0.05000246 0.99874914
vn -0.08009874 0.020099683 0.9965843
vn -0.16280463 0.06480184 0.984528
vn 0 -0.012500274 -0.9999219
vn 0 -0.012500274 -0.9999219
vn -0.008499848 -0.01279977 -0.999882
vn -0.01599946 0.99926627 -0.034798827
vn -0.040098518 0.9794638 0.1975927
vn 0 0.0033999805 0.9999943
vn 0 0.0033999805 0.9999943
vn -0.16139635 0.004899889 0.9868776
vn 0 0.01509979 -0.99988604
vn 0 0.01509979 -0.99988604
vn -0.0007999991 0.0012999986 -0.9999989
vn -0.00900018 0.016700335 -0.99982005
vn 0 0.00089999964 0.99999964
vn 0 0.00089999964 0.99999964
vn -0.16099247 0.0018999112 0.98695385
vn 0 -0.0057999026 0.9999832
vn 0 -0.0057999026 0.9999832
vn -0.16060126 -0.0048000375 0.9870077
vn 0 0 -1
vn 0 0 -1
vn -0.008299714 9.9996556E-05 -0.99996555
vn 0 -0.0009999996 -0.9999995
vn 0 -0.0009999996 -0.9999995
vn -0.008399699 -0.0009999643 -0.99996424
vn 0.010699484 -0.9998517 -0.013499348
vn 0 -0.99966973 0.02569922
vn 0.04559981 -0.9987958 0.018099925
vn -0.1405003 0.01880004 -0.9899022
vn -0.15550673 0.1315057 -0.97904235
vn -0.044398926 0.99837583 -0.035699137
vn -0.23931275 0.89424765 0.37822014
vn -0.23931275 0.89424765 0.37822014
vn -0.27569628 0.040599454 0.96038705
vn -0.28088745 0.17279229 0.9440578
vn 0.08850135 -0.9956151 0.03030046
vn -0.017200345 -0.95311916 -0.30210608
vn -0.13209529 -0.30678907 -0.9425664
vn -0.13620026 -0.1031002 -0.985302
vn -0.053999778 -0.80449665 -0.59149754
vn -0.053999778 -0.80449665 -0.59149754
vn -0.09860104 -0.57680607 -0.81090856
vn -0.25709105 -0.29088986 0.9215679
vn -0.26920232 -0.04550039 0.9620083
vn 0.12399651 -0.9910721 -0.04899862
vn 0.06700194 -0.99272865 -0.10000289
vn -0.07589862 -0.9519827 0.2965946
vn -0.07589862 -0.9519827 0.2965946
vn -0.2172034 -0.5693089 0.7929124
vn -0.15459703 -0.7966847 0.5842888
vn 0.13369738 -0.9909805 -0.009099822
vn 0 0.6128809 0.7901753
vn 0 0.6128809 0.7901753
vn -0.018499212 0.8498638 -0.5266776
vn -0.07550314 0.9966415 0.031701323
vn -0.041300364 0.9990089 0.016600147
vn -0.94718283 0.26689517 -0.17779678
vn -0.94718283 0.26689517 -0.17779678
vn -0.62130904 0.5872085 -0.5188076
vn -0.62130904 0.5872085 -0.5188076
vn -0.62130904 0.5872085 -0.5188076
vn -0.0035998346 0.9998541 -0.016699234
vn -0.07800028 0.7049025 -0.7050025
vn -0.07800028 0.7049025 -0.7050025
vn -0.0030999084 0.99977046 -0.021199374
vn -0.11049684 0.99077165 0.07849776
vn -0.48040396 0.81380665 0.32700267
vn -0.48040396 0.81380665 0.32700267
vn -0.2060046 0.97442174 0.089802004
vn -0.6153161 0.73251915 0.2912076
vn -0.6153161 0.73251915 0.2912076
vn -0.24059802 0.969792 0.040199667
vn -0.81772023 0.5426134 0.19210476
vn -0.81772023 0.5426134 0.19210476
vn -0.28710073 0.9578024 -0.013700035
vn -0.9106326 0.40821463 -0.06410229
vn -0.9106326 0.40821463 -0.06410229
vn -0.23080966 0.9706406 -0.06770283
vn -0.88937676 0.34559098 -0.29929218
vn -0.88937676 0.34559098 -0.29929218
vn -0.038300574 0.9825148 0.18220274
vn -0.07160046 0.6941045 0.7163046
vn -0.38539162 0.81838226 0.42629075
vn -0.38539162 0.81838226 0.42629075
vn -0.1791098 0.97845346 -0.10270561
vn -0.80225855 0.31408378 -0.5076738
vn -0.80225855 0.31408378 -0.5076738
vn -0.97847843 0.12189731 -0.16649634
vn -0.9947051 0.0781004 -0.06680033
vn -0.7737754 0.13739564 -0.6183803
vn -0.7737754 0.13739564 -0.6183803
vn -0.58168846 0.17169659 -0.7950841
vn -0.0014999916 0.9999944 0.0029999833
vn -0.95505834 0.251989 0.1560932
vn -0.96030664 0.20680143 -0.18720129
vn -0.8067723 0.4139858 0.42158553
vn -0.0040999083 0.9999776 0.005299881
vn -0.8778061 0.19970138 -0.43540305
vn -0.07819791 0.87737656 0.47338736
vn -0.07819791 0.87737656 0.47338736
vn 0.011499656 0.9997701 0.018099459
vn -0.2802879 0.66747123 0.68987024
vn -0.5927224 0.635324 0.49501875
vn -0.66950864 0.18880245 -0.7184093
vn 0.0032999606 0.9999881 0.003599957
vn -0.6825793 0.5719826 0.45488617
vn -0.06879783 0.7140775 0.696678
vn -0.059498943 0.71068734 0.7009875
vn -0.12919465 0.9627602 0.23749018
vn -0.070101336 0.7372141 0.6720128
vn -0.070101336 0.7372141 0.6720128
vn -0.042199038 0.9958773 -0.08029818
vn -0.047599502 0.6172935 -0.7852918
vn -0.032601025 0.9994315 0.008600271
vn -0.06769796 0.9974699 -0.021699347
vn -0.09920427 0.9947428 -0.025401093
vn -0.32719252 0.90347934 -0.27689365
vn -0.20900597 0.5083145 -0.83542377
vn -0.04559734 0.93284565 -0.35737917
vn -0.04559734 0.93284565 -0.35737917
vn -0.58300304 -0.114900604 0.80430424
vn -0.81107324 0.12339593 -0.5717811
vn -0.30539003 -0.13939545 0.9419692
vn 0 -0.14840402 0.9889268
vn -0.043098766 0.98907167 -0.14099596
vn 0.0917031 -0.34791178 0.93303156
vn 0.0917031 -0.34791178 0.93303156
vn 0 0.45499656 -0.8904932
vn 0 0.45499656 -0.8904932
vn 0 0.45499656 -0.8904932
vn 0.08389565 -0.10759444 -0.99064875
vn 0.08389565 -0.10759444 -0.99064875
vn 0.094701946 0.70841455 -0.6994144
vn 0.094701946 0.70841455 -0.6994144
vn 0.08670224 0.348409 -0.93332416
vn 0.08670224 0.348409 -0.93332416
vn 0.9316368 0.031601246 -0.3620143
vn 0.9316368 0.031601246 -0.3620143
vn -0.25099587 0.9679842 0.0027999543
vn -0.25099587 0.9679842 0.0027999543
vn -0.045498356 0.99896395 0.000999964
vn 0.9332488 0.09830514 -0.34551808
vn 0.9332488 0.09830514 -0.34551808
vn 0.9494517 0.2826856 -0.13649306
vn 0.9494517 0.2826856 -0.13649306
vn 0.8866741 0.4623865 0.0027999182
vn 0.8866741 0.4623865 0.0027999182
vn 0.8819143 0.47140762 -0.0014000227
vn 0.8819143 0.47140762 -0.0014000227
vn 0.9419092 0.0718007 -0.3281032
vn 0.9419092 0.0718007 -0.3281032
vn 0.95663947 0.25841066 0.13440554
vn 0.95663947 0.25841066 0.13440554
vn 0.9189721 0.39418802 0.010299687
vn 0.9189721 0.39418802 0.010299687
vn 0.90332824 0.4289134 -0.005600175
vn 0.90332824 0.4289134 -0.005600175
vn 0.86779225 0.31159723 0.38709655
vn 0.86779225 0.31159723 0.38709655
vn 0.9316799 0.21599534 0.29209372
vn 0.9316799 0.21599534 0.29209372
vn 0.95443994 0.27241138 0.121805094
vn 0.95443994 0.27241138 0.121805094
vn 0.93711084 0.24680287 0.24680287
vn 0.93711084 0.24680287 0.24680287
vn 0.122504994 0.4536185 -0.882736
vn -0.9992373 -0.038601443 -0.0059002205
vn -0.44829348 0.87948716 0.15979767
vn -0.70700735 0.6961072 0.12480129
vn -0.70700735 0.6961072 0.12480129
vn 0.12650435 0.43921512 -0.8894306
vn 0.09910106 0.61900663 -0.7791083
vn 0.09910106 0.61900663 -0.7791083
vn 0.05690373 0.61104006 -0.7895518
vn 0.8502992 0.00049999956 0.52629954
vn 0.042199615 0.9719912 0.2311979
vn 0.042199615 0.9719912 0.2311979
vn 0.0009999739 0.9964739 0.0838978
vn 0.0009999739 0.9964739 0.0838978
vn 0.8935203 0.16010365 0.41950956
vn 0.9329845 0.29429507 0.20719655
vn 0.825132 0.2961115 0.48111865
vn 0.78425646 0.31678241 0.5334704
vn 0.68816906 0.36428365 0.6274718
vn 0.9132905 0.3588963 0.192598
vn 0.30970755 0.4555111 0.8346203
vn 0.28640255 0.36730328 -0.8849079
vn 0.2637899 0.5970772 0.75757104
vn 0.2637899 0.5970772 0.75757104
vn 0.49820298 0.61400366 0.61220366
vn 0.49820298 0.61400366 0.61220366
vn 0.5750963 0.6920955 -0.4361972
vn 0.5750963 0.6920955 -0.4361972
vn 0.31960824 0.74151915 -0.5899152
vn 0.31960824 0.74151915 -0.5899152
vn 0.7197192 0.5375144 0.43941173
vn 0.7197192 0.5375144 0.43941173
vn 0.84960777 0.45270413 0.27060246
vn 0.84960777 0.45270413 0.27060246
vn 0.8655983 0.48949906 0.1054998
vn 0.8655983 0.48949906 0.1054998
vn 0.830348 0.5526654 -0.07129554
vn 0.830348 0.5526654 -0.07129554
vn 0.7412122 0.62201023 -0.25240415
vn 0.7412122 0.62201023 -0.25240415
vn 0.9412443 0.29671395 -0.16130759
vn 0.8619022 0.29560074 -0.41200104
vn 0.6636964 0.28349847 -0.6921963
vn 0.89960474 0.41740218 -0.12840067
vn 0.045201734 0.97913754 0.1981076
vn 0.045201734 0.97913754 0.1981076
vn 0.110804826 0.9780426 0.17650768
vn 0.110804826 0.9780426 0.17650768
vn 0.14530687 0.95154506 0.2710128
vn 0.14530687 0.95154506 0.2710128
vn 0.23829062 0.9292635 0.28228888
vn 0.23829062 0.9292635 0.28228888
vn 0.28570297 0.93010974 0.23080242
vn 0.28570297 0.93010974 0.23080242
vn 0.2689111 0.948239 0.16890696
vn 0.2689111 0.948239 0.16890696
vn 0.19859329 0.96926725 0.1451951
vn 0.19859329 0.96926725 0.1451951
vn 0.8270369 0.42161882 -0.37181658
vn 0.62446225 0.4320739 -0.65066063
vn 0.5890016 0.2518007 -0.7679021
vn 0.6905151 0.017100373 0.7231158
vn 0.3091838 0.10799435 0.9448505
vn 0.5589051 0.43250397 -0.7075065
vn 0.011899604 0.0781974 -0.9968669
vn -0.00010000168 0.98941666 -0.14510244
vn -0.00010000168 0.98941666 -0.14510244
vn 0.12379946 0.87329614 0.4711979
vn 0.12379946 0.87329614 0.4711979
vn 0.16300453 0.11730325 0.97962725
vn -0.02220051 -0.99782294 0.06210143
vn 0.008499809 -0.09669782 -0.9952776
vn 0.00089996954 -0.9540677 -0.29958987
vn 0.0031999503 -0.8079875 -0.5891909
vn 0.0031999503 -0.8079875 -0.5891909
vn 0.0063998015 -0.58698183 -0.8095749
vn 0.008999817 -0.31339365 -0.9495807
vn 0.1598938 -0.048098136 0.9859618
vn -0.049201567 -0.9842314 -0.16990542
vn 0.15210508 -0.30001003 0.9417314
vn 0.1289075 -0.5826339 0.80244666
vn 0.09320248 -0.8057214 0.5849156
vn 0.04840153 -0.9516301 0.3034096
vn 0.04840153 -0.9516301 0.3034096
vn -0.061001617 -0.9949264 -0.08000212
vn 0.0569014 0.9983246 0.010500259
vn 0.1620924 0.02519882 0.98645383
vn 0.008799636 0.0022999048 -0.99995863
vn 0.048400514 0.9988106 0.0059000626
vn 0.03179845 0.9994511 -0.009299546
vn -0.059901334 -0.9981222 -0.012800285
vn 0.026801039 0.9996388 -0.0020000776
vn 0.07819803 0.9968749 0.011199718
vn 0.015199279 0.99985254 0.00799962
vn 0.9345266 0.3265093 -0.14160404
vn 0.9345266 0.3265093 -0.14160404
vn 0.012699935 0.99989486 -0.0069999644
vn 0.023300612 0.9997263 0.002100055
vn 0.96227765 0.26579383 -0.058098648
vn 0.96227765 0.26579383 -0.058098648
vn 0.05759814 0.99826777 -0.011999613
vn 0.7262009 0.2620003 -0.63560075
vn 0.7262009 0.2620003 -0.63560075
vn 0.7262009 0.2620003 -0.63560075
vn -0.9980182 -0.047300864 0.041500755
vn -0.9982445 -0.043401934 0.040301796
vn -0.9995647 -0.023299178 -0.018099362
vn -0.6696069 -0.20830214 0.7129073
vn -0.6696069 -0.20830214 0.7129073
vn -0.9969203 -0.05200106 0.05870119
vn -0.99922407 -0.0026000626 0.039300945
vn 0.047600925 0.99881935 0.009700188
vn 0.8852421 0.4592218 0.07390351
vn 0.8852421 0.4592218 0.07390351
vn 0.28959763 0.95699215 0.017299859
vn 0.05149841 0.9986692 -0.0027999135
vn 0.90879196 0.3738967 -0.18519837
vn 0.90879196 0.3738967 -0.18519837
vn 0.24380521 0.9686207 -0.048301034
vn 0.07819979 0.84179777 0.53409857
vn 0.07819979 0.84179777 0.53409857
vn 0.13449386 0.84266156 0.5213762
vn 0.13449386 0.84266156 0.5213762
vn 0.23620525 0.7784173 0.58161294
vn 0.23620525 0.7784173 0.58161294
vn 0.23620525 0.7784173 0.58161294
vn 0.043600373 0.99900854 -0.009000076
vn 0.8495561 0.3248832 -0.4155785
vn 0.8495561 0.3248832 -0.4155785
vn 0.19329885 0.97699416 -0.09009946
vn 0.01860034 0.9998182 0.004200076
vn 0.06819999 0.9967999 -0.041699998
vn 0.56358474 0.24179345 -0.7898786
vn 0.56358474 0.24179345 -0.7898786
vn 0.022999594 0.99958235 0.01749969
vn 0.718067 0.6456703 0.25978804
vn 0.718067 0.6456703 0.25978804
vn 0.20739841 0.9767926 0.05349959
vn 0.53347015 0.7864559 0.31128258
vn 0.53347015 0.7864559 0.31128258
vn 0.12570056 0.9893045 0.074000336
vn 0.012799947 0.9991958 0.03799984
vn 0.11119697 0.98727316 0.11369691
vn 0.4447991 0.8260983 0.34599927
vn 0.4447991 0.8260983 0.34599927
vn 0.6541813 0.27549213 -0.70437986
vn 0.6541813 0.27549213 -0.70437986
vn -0.39749742 0.48089683 -0.78149486
vn -0.39749742 0.48089683 -0.78149486
vn -0.999406 0.0021000125 0.034400206
vn -0.87588596 0.29349533 -0.38299388
vn -0.12110545 0.66402984 -0.7378332
vn -0.08950258 0.99562865 -0.026700769
vn 0.21809046 0.9501585 -0.22279026
vn 0.021599004 0.99805397 -0.058497302
vn -0.0046999687 0.9981933 -0.059899602
vn 0.16340509 0.9494297 -0.26810837
vn 0.027601048 0.99923795 -0.027601048
vn 0.07459775 0.9349718 -0.34678954
vn 0.09000209 0.9406218 -0.3273076
vn 0.17880209 0.5716067 -0.8008094
vn 0.010100106 0.42120442 -0.9069095
vn 0.3974005 0.5406007 -0.741501
vn 0.3974005 0.5406007 -0.741501
vn 0.99970615 0.0014000086 0.024200149
vn 0.2777952 0.9549835 -0.10409819
vn 0.2777952 0.9549835 -0.10409819
vn 0.7629371 0.46672273 0.44732177
vn 0.49508265 0.656277 -0.56938004
vn 0.49508265 0.656277 -0.56938004
vn 0.46158695 0.75857854 -0.459887
vn 0.46158695 0.75857854 -0.459887
vn 0.42699453 0.8005898 -0.42039463
vn 0.42699453 0.8005898 -0.42039463
vn 0.50329405 0.54039365 0.674292
vn 0.50329405 0.54039365 0.674292
vn 0.50810814 0.6415103 0.57470924
vn 0.50810814 0.6415103 0.57470924
vn 0.52979493 0.71209323 0.46069562
vn 0.52979493 0.71209323 0.46069562
vn 0.5230013 0.49690127 -0.6925018
vn 0.5230013 0.49690127 -0.6925018
vn 0.37429667 0.8394925 -0.3938965
vn 0.37429667 0.8394925 -0.3938965
vn 0.5240252 0.77663743 0.34961683
vn 0.5240252 0.77663743 0.34961683
vn 0.50431424 0.43761232 0.744421
vn 0.50431424 0.43761232 0.744421
vn 0.007199738 -0.99636376 -0.084896915
vn 0.13819398 -0.87716186 -0.45988
vn 0.13819398 -0.87716186 -0.45988
vn 0.32030997 -0.6541203 -0.68522125
vn 0.32030997 -0.6541203 -0.68522125
vn 0.4622882 -0.3797903 -0.80127954
vn 0.4622882 -0.3797903 -0.80127954
vn 0.52468395 -0.16489497 -0.8351745
vn 0.52468395 -0.16489497 -0.8351745
vn 0.55721027 0.12820235 -0.8204151
vn 0.55721027 0.12820235 -0.8204151
vn 0.052398577 -0.99097306 0.12339665
vn 0.2259893 -0.8692589 0.4396792
vn 0.2259893 -0.8692589 0.4396792
vn 0.37890097 -0.63880163 0.66960174
vn 0.37890097 -0.63880163 0.66960174
vn 0.47140363 -0.39160302 0.7902061
vn 0.47140363 -0.39160302 0.7902061
vn 0.51119095 -0.12529778 0.85028493
vn 0.51119095 -0.12529778 0.85028493
vn 0.50740445 0.00090000784 0.86170757
vn 0.50740445 0.00090000784 0.86170757
vn 0.9290971 -0.047299854 -0.36679888
vn 0.916404 -0.11290049 -0.38400167
vn 0.87263393 -0.25710997 -0.41521612
vn 0.6520088 -0.60740817 -0.45380607
vn 0.22959277 -0.923271 -0.3079903
vn 0.22959277 -0.923271 -0.3079903
vn 0.26139608 0.9650855 -0.016799748
vn 0.26139608 0.9650855 -0.016799748
vn 0.8824562 0.33822155 -0.32692084
vn -0.075396135 -0.9971489 -0.0030998413
vn 0.9928768 -0.04199902 -0.111497395
vn 0.9920464 -0.04380205 -0.11800552
vn 0.9899599 -0.07659689 -0.11879519
vn 0.9799837 -0.14519757 -0.13619772
vn 0.5590111 -0.8190162 -0.12930256
vn 0.5590111 -0.8190162 -0.12930256
vn 0.800034 -0.51622194 -0.305713
vn 0.96746147 -0.16279352 -0.19369228
vn 0 0.4367028 -0.8996058
vn 0 0.4367028 -0.8996058
vn -0.048899 0.5901879 -0.8057835
vn -0.048899 0.5901879 -0.8057835
vn 0.98344654 -0.07170339 -0.16640788
vn 0.98604566 -0.033801563 -0.16300756
vn 0.968365 0.19249304 -0.15879427
vn 0.7634936 0.6347947 -0.11879901
vn 0.65711105 0.74661255 -0.10380174
vn 0.682878 0.72297674 -0.104796626
vn 0.6589032 0.7458036 -0.09810047
vn 0.6749264 0.7308285 -0.10180398
vn 0.38248926 0.9212742 0.070398025
vn 0.38248926 0.9212742 0.070398025
vn -0.041298088 -0.9988538 -0.02419888
vn 0.8817071 -0.030600246 0.4708038
vn 0.8771982 -0.1526997 0.45519906
vn 0.86818844 -0.28689617 0.40489462
vn 0.80522865 -0.4584163 0.37611338
vn 0.3633942 -0.9110854 0.19459689
vn 0.3633942 -0.9110854 0.19459689
vn 0.6189987 0.7796983 0.0943998
vn 0.7210145 0.6801137 0.13260266
vn 0.91498107 -0.38869193 0.10829775
vn 0.18360817 -0.98284376 0.017500779
vn 0.9858192 -0.12000234 0.11730228
vn 0.9870673 -0.08799709 0.13399556
vn 0.9892888 -0.046999466 0.13819844
vn 0.9432939 0.27589822 0.1845988
vn 0.6817273 0.7255291 0.09410377
vn 0.68445593 0.72335345 0.09099414
vn 0.680521 0.7251224 0.10530325
vn 0.5085825 0.024299163 -0.8606704
vn 0.5085825 0.024299163 -0.8606704
vn 0.51197237 0.17989029 0.8399546
vn 0.51197237 0.17989029 0.8399546
vn 0.98246497 0.039598588 -0.1821935
vn 0.9805646 0.034198765 0.19319303
vn 0.9839944 0.13819921 -0.112499356
vn 0.92909956 0.10469995 -0.35469982
vn 0.8626429 0.120606 0.4912244
vn 0.93443364 -0.015200548 0.35581282
vn 0.93443364 -0.015200548 0.35581282
vn 0.8898942 -0.454497 0.038999744
vn 0.8898942 -0.454497 0.038999744
vn 0.8942842 -0.4474921 0.0025999541
vn 0.8942842 -0.4474921 0.0025999541
vn 0.89451206 -0.44690603 -0.01110015
vn 0.89451206 -0.44690603 -0.01110015
vn 0.92241114 -0.001900023 -0.3862047
vn 0.92241114 -0.001900023 -0.3862047
vn 0.91901165 0.03230041 -0.39290497
vn 0.91901165 0.03230041 -0.39290497
vn 0.92109835 0.06479988 -0.3838993
vn 0.92109835 0.06479988 -0.3838993
vn 0.8896778 0.45658863 -0.00039999004
vn 0.8896778 0.45658863 -0.00039999004
vn 0.90355206 0.42847726 -0.000999947
vn 0.90355206 0.42847726 -0.000999947
vn 0.8826934 0.46909648 0.028299788
vn 0.8826934 0.46909648 0.028299788
vn 0.9324968 0.063799776 0.3554988
vn 0.9324968 0.063799776 0.3554988
vn 0.9311159 0.024400417 0.36390623
vn 0.9311159 0.024400417 0.36390623
vn 0.5052157 -0.010700333 -0.86292684
vn 0.5052157 -0.010700333 -0.86292684
vn 0.9862543 0.08599602 -0.14109346
vn 0.99437255 -0.021199413 0.10379713
vn 0.9920383 0.064602494 0.10810417
vn 0.95764536 -0.004600218 0.28791365
vn 0.95764536 -0.004600218 0.28791365
vn 0.95821375 -0.28600413 0.0053000757
vn 0.95821375 -0.28600413 0.0053000757
vn 0.9623577 -0.27168804 0.007299679
vn 0.9623577 -0.27168804 0.007299679
vn 0.9594761 -0.28169298 0.0073998156
vn 0.9594761 -0.28169298 0.0073998156
vn 0.95762926 0.0074002263 -0.2879088
vn 0.95762926 0.0074002263 -0.2879088
vn 0.954885 0.030599518 -0.29539534
vn 0.954885 0.030599518 -0.29539534
vn 0.95461285 0.052400704 -0.29320395
vn 0.95461285 0.052400704 -0.29320395
vn 0.9452943 0.32599807 0.011999928
vn 0.9452943 0.32599807 0.011999928
vn 0.9501116 0.3119038 -0.0020000245
vn 0.9501116 0.3119038 -0.0020000245
vn 0.9441912 0.32939693 0.00079999253
vn 0.9441912 0.32939693 0.00079999253
vn 0.95648074 0.05689885 0.28619424
vn 0.95648074 0.05689885 0.28619424
vn 0.95519614 0.025199898 0.2948988
vn 0.95519614 0.025199898 0.2948988
vn 0.6472099 0.54810834 -0.5298081
vn 0.6472099 0.54810834 -0.5298081
vn 0.67257416 -0.5228799 -0.5236799
vn 0.67257416 -0.5228799 -0.5236799
vn 0.64639807 -0.76299775 0.001999994
vn 0.66560674 -0.5814059 0.46790475
vn 0.66560674 -0.5814059 0.46790475
vn 0.65912694 0.75203073 0.0012000491
vn 0.6591886 0.60988945 0.4398924
vn 0.6591886 0.60988945 0.4398924
vn 0.9997607 0.020199204 0.008399669
vn 0.99835235 -0.049397647 -0.02919861
vn 0.998497 -0.05349984 0.011899965
vn 0.9981987 -0.05439993 0.025299966
vn 0.99973583 0.019900713 -0.011500412
vn 0.99960417 0.025400106 -0.01210005
vn 0.9993961 0.030899879 -0.015899938
vn 0.99507904 0.09489799 0.028499398
vn 0.9955276 0.09440262 -0.0036000998
vn 0.99445695 0.101095624 -0.02889875
vn 0.9993924 0.033899743 0.008099939
vn 0.99960554 0.027200151 0.007000039
vn 0.998877 0.02869934 -0.037699133
vn 0.99917006 0.026999192 0.030499088
vn 0.9994234 0.028600669 -0.018300429
vn 0.99936867 0.02199931 0.027899124
vn 0.99893564 0.025400907 -0.038501374
vn 0.9995124 0.025300313 -0.018300228
vn 0.51091325 0.019000491 0.85942227
vn 0.51091325 0.019000491 0.85942227
vn 0.50781035 0.009400192 0.8614176
vn 0.50781035 0.009400192 0.8614176
vn 0.9813174 0.008600153 0.19220342
vn 0.91327244 0.40658775 0.02489925
vn 0.9613028 0.26350078 0.080400236
vn 0.7225137 0.688313 0.06480122
vn 0.6699754 0.74037284 0.054597996
vn 0.68847775 0.72337663 0.052198313
vn 0.6981059 0.713706 0.057200484
vn 0.61472034 0.786726 0.056401864
vn 0.20120716 0.9795349 -0.0052001853
vn 0.20120716 0.9795349 -0.0052001853
vn 0.9257675 0.3611873 -0.111796066
vn 0.99417496 0.107097305 -0.012099695
vn 0.9694156 0.24050388 -0.048900787
vn 0.75192875 0.65832514 -0.03480133
vn 0.6739146 0.73821604 -0.029600643
vn 0.6746991 0.73749906 -0.02959996
vn 0.69303536 0.7202367 -0.031001579
vn 0.6099878 0.79198414 -0.025999479
vn 0.99773335 0.058301948 -0.033601124
vn 0.50308293 0.010799634 -0.86417073
vn 0.50308293 0.010799634 -0.86417073
vn 0.9116566 0.023498882 -0.41028047
vn 0.98309344 0.01359991 -0.18259878
vn 0.1875033 -0.9819172 -0.026100459
vn 0.9997557 -0.020899072 -0.0071996804
vn 0.9988563 -0.046997942 -0.008799615
vn 0.9943545 -0.10519519 -0.013899364
vn 0.5823079 -0.81281096 -0.016000217
vn 0.5823079 -0.81281096 -0.016000217
vn 0.93960744 -0.33920267 -0.045600362
vn 0.99551135 -0.08180093 -0.04760054
vn 0.9972109 -0.055500608 -0.049900547
vn 0.9981286 -0.03520101 -0.050001435
vn 0.99944025 0.0032001287 -0.033301342
vn 0.9399781 -0.34049207 0.022499477
vn 0.18810913 -0.9821477 -0.0009000437
vn 0.9970659 -0.06399781 0.04199856
vn 0.998103 -0.041800126 0.04520014
vn 0.99881387 -0.04820067 -0.006900096
vn 0.9640609 -0.26558924 -0.0069997166
vn 0.9640609 -0.26558924 -0.0069997166
vn 0.8962218 0.4435108 0.009200224
vn 0.8962218 0.4435108 0.009200224
vn 0.92134476 0.38851887 -0.013300646
vn 0.9977717 -0.06629812 -0.007499787
vn 0.99558717 0.092698805 0.014599812
vn 0.9487092 0.31590304 0.012500121
vn 0.9487092 0.31590304 0.012500121
vn 0.99447864 0.10289779 0.020599559
vn 0.89524907 -0.4455244 -0.006100334
vn 0.89524907 -0.4455244 -0.006100334
vn 0.98955745 -0.027998796 -0.14139391
vn -0.6728088 0.68000895 0.2914038
vn -0.66050076 0.71460086 0.23040026
vn -0.6510876 0.734786 0.19019638
vn -0.6184153 0.766819 -0.17190427
vn -0.7401698 0.6184748 -0.26388925
vn -0.8325906 0.26879695 0.4842945
vn -0.9153258 0.041101158 -0.40061128
vn -0.8863471 -0.07610404 0.45672426
vn -0.87008643 -0.22549649 0.43829316
vn -0.85653085 -0.34591246 0.38301378
vn -0.43040317 -0.7933058 -0.43060315
vn -0.16880135 -0.97810787 -0.12170097
vn -0.92490894 -0.3507034 -0.14680141
vn -0.8052197 -0.3997098 -0.43801072
vn -0.9013746 -0.17229512 -0.39728877
vn -0.9264978 -0.070699826 -0.3695991
vn -0.9219439 0.18640888 -0.3395162
vn -0.19120096 -0.9815049 -0.009500047
vn -0.7598139 0.64421177 -0.087601595
vn -0.63962555 0.7658306 -0.06620265
vn -0.6452386 0.7431444 -0.1772106
vn -0.63221073 0.75221276 -0.18570314
vn -0.6552938 0.7238932 -0.21579798
vn -0.60810435 0.7793056 0.15130109
vn -0.69739306 0.62029386 0.35899645
vn -0.6450711 -0.69156903 0.3249854
vn -0.16060776 -0.98364747 0.08150393
vn -0.99533755 -0.09600362 -0.009300351
vn -0.9992635 -0.029698916 -0.024299113
vn -0.859808 0.0036000337 0.51060474
vn -0.9148869 0.0035999485 -0.4036942
vn -0.970052 0.24248801 -0.014099303
vn -0.6456025 0.762903 -0.034300134
vn -0.64998573 -0.01999956 -0.7596833
vn -0.6491203 0.01570049 0.7605238
vn -0.63031435 -0.7705176 0.094902165
vn -0.99633175 0.0719023 0.04640148
vn -0.64187205 0.033798527 -0.7660667
vn -0.6492996 -0.76049954 -0.007099996
vn -0.62640464 0.77560574 0.07780057
vn -0.64301693 0.08410221 -0.76122004
vn -0.6405866 -0.7665839 -0.04469906
vn -0.6555045 0.08310057 0.75060517
vn -0.6571174 -0.05160137 0.75201994
vn -0.9995573 0.026198883 0.014099399
vn -0.99968976 0.024199752 -0.0058999397
vn -0.9992408 0.02590106 0.029101191
vn -0.9988999 0.027199997 -0.038199995
vn -0.8570222 0.036100935 0.51401335
vn -0.9993746 0.024499377 0.025499351
vn -0.8534294 0.0174006 0.52091795
vn -0.6709117 0.74151295 -0.006000105
vn -0.680614 0.73261505 -0.00630013
vn -0.6979161 0.7161165 -0.009500219
vn -0.99867517 -0.040298995 0.031999204
vn -0.96852225 0.217705 -0.12070277
vn -0.73099995 0.6819999 0.022699999
vn -0.6749079 0.73400867 -0.07570089
vn -0.66591537 0.7422172 -0.075301744
vn -0.68981576 0.7197164 -0.0785018
vn -0.99684894 0.02669863 -0.07469617
vn -0.9967538 0.027698714 -0.07559649
vn -0.9875035 -0.09790035 -0.12350044
vn -0.9913009 -0.05870005 -0.1178001
vn -0.9922287 -0.035001013 -0.11940345
vn -0.99634576 0.0696032 0.049502276
vn -0.6686065 0.7436072 0.0037000359
vn -0.67516553 0.7376624 0.0023998776
vn -0.99963 0.0267008 -0.005200156
vn -0.9981926 -0.05279961 -0.028699787
vn -0.71820116 0.6941011 -0.049100075
vn -0.71820116 0.6941011 -0.049100075
vn -0.5847193 0.80692667 0.083502755
vn -0.5847193 0.80692667 0.083502755
vn -0.7065045 -0.19780126 0.67950433
vn -0.7065045 -0.19780126 0.67950433
vn -0.7016085 -0.55890673 0.44200534
vn -0.7016085 -0.55890673 0.44200534
vn -0.6828319 -0.60862845 -0.4041189
vn -0.6828319 -0.60862845 -0.4041189
vn -0.7120034 -0.38380182 -0.5880028
vn -0.7120034 -0.38380182 -0.5880028
vn -0.7236105 -0.31930465 0.61190885
vn -0.7236105 -0.31930465 0.61190885
vn -0.7834122 -0.11100174 -0.61150956
vn -0.7834122 -0.11100174 -0.61150956
vn -0.99953836 0.026701024 0.0145005565
vn -0.6871781 0.7261768 0.02129932
vn -0.7033016 0.7106017 0.020300047
vn -0.74349105 0.66869193 -0.008499898
vn -0.99423337 -0.03820128 0.10020336
vn -0.96844405 0.24811128 0.023601074
vn -0.99486786 -0.026699137 0.09759685
vn -0.9410439 -0.33781576 -0.01780083
vn -0.6070742 0.7945662 -0.011199523
vn -0.9983521 -0.056797277 -0.008199607
vn -0.6555419 -0.7551483 -0.004000256
vn -0.9996105 0.027400287 -0.0053000553
vn -0.6675011 0.7443012 0.021400034
vn -0.99965435 0.022498975 0.013599379
vn -0.9933905 -0.038599633 0.10809897
vn -0.99840873 -0.054600477 0.014100124
vn -0.9994827 0.020599645 0.024699574
vn -0.9986851 -0.006099909 -0.05089924
vn -0.99914163 0.026901122 0.03150131
vn -0.992104 -0.058000233 0.111200444
vn -0.9902639 -0.072397366 0.118895665
vn -0.99680156 0.026200041 -0.075500116
vn -0.9963305 0.08530261 -0.007000215
vn -0.9973259 0.053301383 -0.050001297
vn 0.11339428 0.9935499 0.0006999647
vn 0.15480338 0.90601987 -0.39390862
vn 0.15480338 0.90601987 -0.39390862
vn 0.9992206 -0.034600716 -0.01900039
vn 0.943526 0.32850906 0.042901184
vn 0.943526 0.32850906 0.042901184
vn 0.019299958 0.99679774 -0.07759982
vn 0.16299866 0.7143941 0.68049437
vn 0.15710124 0.891407 0.42510334
vn 0.43629777 0.89959544 -0.019299902
vn 0.9884283 0.11290323 -0.10130291
vn 0.020000601 0.9720292 0.23400703
vn 0.30159912 0.9094973 0.28609914
vn 0.02129908 0.77826643 0.62757295
vn 0.9874933 0.052399643 -0.14869899
vn 0.99765 0.0098995045 -0.0677966
vn 0.37630385 0.7224074 -0.58010596
vn 0.9988231 0.04180097 0.024600567
vn 0.59801334 0.7335164 -0.32300723
vn 0.9991684 -0.039698746 0.009299707
vn 0.44029284 0.8901856 -0.1170981
vn 0.43788466 0.89796853 -0.043698467
vn 0.8092782 0.5856842 0.045198783
vn 0.9989631 0.015799416 -0.04269842
vn 0.80710727 0.57820517 -0.119401075
vn 0.9992833 -0.03769937 0.0033999432
vn 0.99930996 -0.037100367 0.0018000179
vn 0.44057405 0.8966472 0.043797422
vn -9.9997706E-05 0.24239446 -0.97017777
vn 0.80533 0.59242207 -0.021900816
vn 0.6772308 0.73573345 0.007400336
vn 0.80677474 0.5890815 -0.045798566
vn 0.38810784 0.8714176 -0.30000606
vn 0.7284079 0.4807052 0.4882053
vn 0.9999964 0.0005999979 0.0025999907
vn 0.89248574 0.19469689 -0.4068935
vn 0.9991083 -0.033800278 0.02530021
vn 0.15039587 0.08719761 -0.984773
vn 0.70501655 0.65131533 0.2806066
vn 0.99923235 -0.039001264 -0.0037001197
vn 0.999398 -0.017599965 -0.029899938
vn 0.472894 0.6209921 0.6250921
vn 0.9992277 -0.038001053 -0.010000277
vn 0.8276138 0.43800727 0.35100585
vn 0.47240877 0.75961405 0.44700828
vn 0.45871457 0.8459269 0.27200866
vn 0.99928105 -0.03789928 0.0009999811
vn 0.9992423 -0.03890165 -0.0012000509
vn 0.816211 0.5623076 0.13270178
vn 0.81147283 0.57908064 0.07859737
vn 0.4437159 0.8910319 0.09580343
vn 0.018399727 0.89628667 -0.4430934
vn 0.019399315 0.9771655 -0.21159254
vn 0.05099869 0.94577575 -0.32079178
vn 0.05099869 0.94577575 -0.32079178
vn 0.01959997 0.9900985 0.13899979
vn 0.8645169 0.41070804 -0.2897057
vn 0.86511606 0.34230635 0.3666068
vn 0.019199513 0.9991746 -0.03579909
vn 0.77516896 0.47868085 0.41228348
vn 0.77516896 0.47868085 0.41228348
vn 0.5985848 0.70308214 -0.38389024
vn 0.5985848 0.70308214 -0.38389024
vn 0.72991467 0.5896119 0.34580696
vn 0.72991467 0.5896119 0.34580696
vn 0.019199098 0.99975294 0.0111994725
vn 0.019500392 0.99662 0.079801604
vn 0.017699834 0.65399384 0.7562929
vn 0.020799866 0.9171941 0.39789742
vn 0.16859244 0.8129636 -0.557375
vn 0.75398904 0.5719917 0.3229953
vn 0.0063998383 0.7651807 0.64378375
vn 0.867788 0.42999405 -0.24909656
vn 0.867788 0.42999405 -0.24909656
vn 0.8063728 0.59138006 0.005699808
vn 0.82322246 0.52191424 0.22340609
vn 0.7670681 0.6379735 0.06779718
vn 0.7670681 0.6379735 0.06779718
vn 0.71713686 0.6639341 0.21191089
vn 0.71713686 0.6639341 0.21191089
vn 0.4429853 0.6457786 0.6218794
vn 0.8126745 0.5455829 -0.20469357
vn 0.9402383 0.3022123 0.1569064
vn 0.73675126 0.4793683 0.47686845
vn 0.73675126 0.4793683 0.47686845
vn 0.9228035 0.19530074 -0.3321013
vn 0.7025768 0.70767665 0.07469753
vn 0.7025768 0.70767665 0.07469753
vn 0.6535039 -0.34660205 -0.672904
vn 0.6535039 -0.34660205 -0.672904
vn 0.74163 -0.419417 0.5235212
vn 0.74163 -0.419417 0.5235212
vn 0.69960546 0.7137056 0.034300268
vn 0.69960546 0.7137056 0.034300268
vn 0.69922775 0.7089281 -0.09220366
vn 0.69922775 0.7089281 -0.09220366
vn 0.696902 0.71630204 -0.035200097
vn 0.696902 0.71630204 -0.035200097
vn 0.46548533 0.5944813 -0.6556794
vn 0.46548533 0.5944813 -0.6556794
vn -0.011100062 0.9323053 0.36150205
vn -0.8134295 0.5727208 0.10160369
vn 0.6782006 0.7189007 -0.15240014
vn -0.012300363 0.6719198 0.74052185
vn -0.020400511 0.9514238 0.3072077
vn -0.6876052 0.7146054 0.12860097
vn -0.93899095 0.3422967 -0.033599675
vn -0.019599127 0.9940556 0.10709523
vn -0.019400297 0.99861526 0.048900746
vn -0.019400366 0.9912186 -0.13080245
vn -0.018999903 0.9472952 -0.31979835
vn -0.9992629 0.004699826 -0.03809859
vn -0.09789665 -0.28449026 -0.9536674
vn -0.6796092 0.72740984 -0.09490128
vn -0.805143 0.5929316 -0.013300709
vn -0.81015867 0.5830703 0.06059691
vn -0.819705 0.54600334 0.17310105
vn -0.4763947 0.75499165 -0.450595
vn -0.83540034 0.38660014 0.39070016
vn -0.82602525 0.48661488 0.2844087
vn -0.6771591 0.7349556 -0.035997823
vn -0.8081748 0.58828163 0.027899127
vn -0.80780244 0.5653017 -0.1670005
vn -0.9995463 -0.014500671 0.026401222
vn -0.37060943 0.36950943 -0.8521217
vn -0.679875 0.73247313 0.0353987
vn -0.68307203 0.7262703 0.07709685
vn -0.021199409 0.86157596 0.5071859
vn -0.714207 0.6940068 0.09090088
vn -0.8473986 0.26809955 -0.45829922
vn -0.66158235 0.71488094 -0.22639395
vn -0.80608034 0.59108555 -0.029199287
vn -0.019199867 0.99959296 -0.02109985
vn -0.019200742 0.9986385 -0.04850187
vn -0.020500354 0.695212 0.7185124
vn -0.99934196 0.012900542 0.033901423
vn -0.9086829 0.30849418 0.2812947
vn -0.807138 0.5855276 -0.075403556
vn -0.6757004 0.73700047 -0.016100012
vn -0.7471839 0.5043891 0.43279067
vn -0.8308993 0.5007996 -0.2424998
vn -0.69812006 0.68191963 0.21820629
vn -0.7188236 -0.59171945 0.36491197
vn -0.7188236 -0.59171945 0.36491197
vn -0.67670155 -0.72050166 0.15150036
vn -0.67670155 -0.72050166 0.15150036
vn -0.6704273 -0.7394301 0.0614025
vn -0.6704273 -0.7394301 0.0614025
vn -0.6706178 -0.74151975 0.020500546
vn -0.6706178 -0.74151975 0.020500546
vn -0.6788024 -0.6534023 -0.3351012
vn -0.6788024 -0.6534023 -0.3351012
vn -0.6826917 -0.7082914 -0.17959781
vn -0.6826917 -0.7082914 -0.17959781
vn -0.14510366 -0.8577216 0.49321243
vn -0.12940072 -0.9912054 0.027700152
vn -0.71147794 0.60598123 0.35578898
vn -0.71777797 0.4942848 0.4903849
vn -0.12020181 -0.66031 -0.7413112
vn -0.75461227 0.061200995 0.6533106
vn -0.75461227 0.061200995 0.6533106
vn -0.6713954 -0.740195 0.03659975
vn -0.6713954 -0.740195 0.03659975
vn -0.76909494 0.32199788 0.55209637
vn -0.76909494 0.32199788 0.55209637
vn -0.7401827 -0.2182949 0.63598514
vn -0.7401827 -0.2182949 0.63598514
vn -0.67249393 -0.7397933 -0.021399807
vn -0.67249393 -0.7397933 -0.021399807
vn -0.67562234 -0.73422426 -0.0667022
vn -0.67562234 -0.73422426 -0.0667022
vn -0.6786268 -0.72652864 -0.10780425
vn -0.6786268 -0.72652864 -0.10780425
vn -0.66586393 -0.47567424 -0.5747689
vn -0.66586393 -0.47567424 -0.5747689
vn -0.13040681 -0.9882517 0.079704165
vn -0.1348954 -0.9704669 0.19999318
vn -0.15100093 0.63020396 0.7616047
vn -0.1740059 0.8172277 0.5494186
vn -0.1301043 -0.99033284 0.048101593
vn -0.13109542 -0.9874655 -0.08789693
vn -0.12989336 -0.9911494 -0.027398601
vn -0.9984962 0.0015999939 0.05479979
vn -0.08050046 0.32260185 -0.9431054
vn -0.6399983 0.21699943 -0.7370981
vn -0.6399983 0.21699943 -0.7370981
vn -0.6377095 -0.1949029 -0.74521106
vn -0.6377095 -0.1949029 -0.74521106
vn -0.10610583 -0.44872466 0.8873487
vn -0.059402637 0.07720343 0.99524415
vn -0.13300335 -0.88932234 -0.437511
vn -0.13450702 -0.9621502 -0.23701237
vn -0.13230523 -0.9808388 -0.14300567
vn 0.7152699 0.5453771 0.43698162
vn 0.6921764 0.70197606 0.16769427
vn 0.6760632 0.7363599 -0.026698545
vn 0.6847895 0.7218889 0.09969846
vn 0.6784929 0.7323923 -0.0569994
vn 0.9769581 -0.18759196 -0.101795636
vn 0.976978 -0.20599537 -0.05549875
vn 0.6955262 0.718327 -0.015800593
vn 0.6955262 0.718327 -0.015800593
vn 0.97972524 -0.12470321 -0.15680404
vn 0.6915434 0.69024324 -0.21291335
vn 0.6915434 0.69024324 -0.21291335
vn 0.1294969 -0.9915762 0.0026999353
vn 0.59820944 0.696311 -0.39660624
vn 0.59820944 0.696311 -0.39660624
vn 0.6817342 0.7293366 0.05750289
vn 0.73987573 -0.06309793 0.66977805
vn 0.73987573 -0.06309793 0.66977805
vn 0.9781827 -0.20749632 0.010199819
vn 0.6711239 -0.74002635 0.04420157
vn 0.6711239 -0.74002635 0.04420157
vn 0.69172364 -0.6820233 0.23740812
vn 0.69172364 -0.6820233 0.23740812
vn 0.67108417 -0.73528266 0.094897754
vn 0.67108417 -0.73528266 0.094897754
vn 0.9755427 -0.2142094 0.04930216
vn 0.99172515 -0.030500775 0.12470317
vn 0.9808036 -0.1652006 0.10360038
vn 0.05290059 0.30770344 0.9500106
vn 0.9775126 -0.21080272 0.005600072
vn 0.6738996 -0.7374996 -0.044199973
vn 0.6738996 -0.7374996 -0.044199973
vn 0.97682256 -0.21310492 -0.020100463
vn 0.97704464 -0.21050963 -0.032701492
vn 0.68068814 -0.71968746 -0.13679762
vn 0.68068814 -0.71968746 -0.13679762
vn 0.67713255 -0.7307352 -0.08670417
vn 0.67713255 -0.7307352 -0.08670417
vn 0.9775233 -0.20990501 0.01970047
vn 0.6709081 -0.7409089 0.030600369
vn 0.6709081 -0.7409089 0.030600369
vn 0.9769373 -0.21340816 -0.0071002715
vn 0.6712923 -0.7411915 0.0013999839
vn 0.6712923 -0.7411915 0.0013999839
vn 0.6822186 -0.6896188 -0.24290663
vn 0.6822186 -0.6896188 -0.24290663
vn 0.99825025 0.008600433 0.058502942
vn 0.6661866 0.596388 0.44779098
vn 0.6661866 0.596388 0.44779098
vn 0.6661866 0.596388 0.44779098
vn 0.04420114 0.7266187 0.6856176
vn 0.04420114 0.7266187 0.6856176
vn 0.98466563 -0.030898921 -0.17169401
vn 0.9807952 0.039499808 -0.19099906
vn 0.6240776 -0.021299236 -0.78107196
vn 0.6240776 -0.021299236 -0.78107196
vn 0.12849365 -0.79706067 -0.59007084
vn 0.7699831 0.18719588 0.60998666
vn 0.7699831 0.18719588 0.60998666
vn -0.080699965 0.54689974 -0.8332996
vn -0.17989567 0.4816884 -0.8576793
vn -0.17669292 0.96396136 -0.19889203
vn 0.13039681 -0.9897758 -0.057798587
vn 0.13529977 -0.69169885 0.7093988
vn -0.9906869 -0.08119893 0.10929856
vn 0.67397803 -0.58178097 -0.45528513
vn 0.67397803 -0.58178097 -0.45528513
vn 0.9987803 -0.047199074 -0.014499715
vn 0.08560099 0.32880378 0.94051087
vn 0.08560099 0.32880378 0.94051087
vn 0.8645089 0.35480365 -0.3560037
vn 0.8645089 0.35480365 -0.3560037
vn 0.17549707 0.8887852 -0.42339295
vn 0.9992808 0.037899274 -0.0012999751
vn 0.16039222 0.20908985 -0.9646532
vn 0.12769562 0.991766 0.009699667
vn 0.08289755 -0.6930795 -0.7160788
vn 0.08289755 -0.6930795 -0.7160788
vn 0.9205058 0.38990247 -0.02540016
vn 0.9205058 0.38990247 -0.02540016
vn 0.08500384 0.12550566 -0.98844457
vn 0.08500384 0.12550566 -0.98844457
vn 0.089898385 0.68498766 0.722987
vn 0.089898385 0.68498766 0.722987
vn 0.99639666 0.055999815 0.06369978
vn 0.09500249 0.7695202 -0.6315166
vn 0.09500249 0.7695202 -0.6315166
vn 0.09500249 0.7695202 -0.6315166
vn 0.0820998 -0.8080981 0.5832986
vn 0.0820998 -0.8080981 0.5832986
vn 0.084995836 -0.33168375 -0.939554
vn 0.084995836 -0.33168375 -0.939554
vn 0.08890188 0.899819 0.42710903
vn 0.08890188 0.899819 0.42710903
vn 0.99978966 0.014699847 0.014299852
vn 0.92999524 0.23249881 0.28469855
vn 0.92999524 0.23249881 0.28469855
vn 0.13160582 -0.98464346 -0.114705056
vn 0.9999931 0.0036999744 -0.0004999966
vn -0.15300475 0.13080406 -0.9795304
vn -0.30160913 0.5702173 -0.76412314
vn -0.3372834 0.5056751 -0.7940609
vn 0.13019946 -0.98979586 0.05789976
vn -0.9895513 0.13380694 0.053702787
vn 0.13160707 -0.9837528 0.12210656
vn -0.9984932 -0.053699635 0.011299924
vn 0.9695823 0.24349555 -0.024899546
vn 0.9284895 0.2215975 0.29799664
vn 0.9284895 0.2215975 0.29799664
vn -0.99500215 0.071600154 0.06960015
vn -0.106901176 0.8421093 -0.5286058
vn 0.14079957 -0.9368971 0.319999
vn -0.16720538 0.9719313 0.16550532
vn 0.8838292 0.273109 -0.3798125
vn 0.8838292 0.273109 -0.3798125
vn -0.99899584 -0.015599934 -0.041999824
vn 0.99999464 0.0031999827 0.0007999957
vn -0.9939343 0.10180352 -0.041601434
vn -0.99858487 -0.0529992 -0.0043999334
vn 0.99862933 -0.049801465 0.016100474
vn -0.9822213 0.18660404 0.020500444
vn 0.9990592 -0.011199541 -0.041898288
vn 0.99999845 0.0011999982 0.001299998
vn -0.04990028 0.4991028 0.86510485
vn 0.16790637 0.98493737 -0.041301567
vn 0.99512327 0.0986023 -0.0027000632
vn 0.99882156 0.033200715 0.035400763
vn 0.999559 0.027998853 0.009899594
vn 0.9999889 0.004699948 0.0002999967
vn 0.076699644 -0.8957958 -0.43779796
vn 0.076699644 -0.8957958 -0.43779796
vn -0.9989207 -0.034500714 -0.031100642
vn 0.07299742 -0.9810654 0.17939366
vn 0.07299742 -0.9810654 0.17939366
vn 0.9994359 -0.026600953 0.020500736
vn -0.99870604 0.050500307 -0.0060000364
vn 0.99758494 0.06889895 -0.008799867
vn -0.14670035 0.7198018 0.67850167
vn -0.14729294 0.98365283 0.10359504
vn -0.16969857 0.12689893 -0.9772917
vn -0.99987733 0.002299948 -0.015499649
vn -0.9992433 -0.032801423 0.020900907
vn -0.9988809 -0.043899164 -0.017599665
vn -0.9993762 0.03519916 -0.0028999308
vn -0.99914956 0.020100996 -0.036001783
vn -0.9979705 0.041498773 -0.048298575
vn 0.9920155 0.11290176 0.05620088
vn 0.99894094 0.046001885 0.0009000369
vn 0.084699884 0.9906986 0.10649985
vn 0.084699884 0.9906986 0.10649985
vn 0.9984754 0.053598676 0.013199674
vn -0.9839202 0.17630363 -0.028600588
vn 0.9836304 0.17680545 0.034801073
vn 0.98227715 0.18689565 -0.01419967
vn 0.076203376 -0.18090801 0.98054343
vn -0.13939683 0.98847747 -0.058998656
vn 0.087398164 -0.044499066 -0.9951791
vn 0.109394975 -0.4904775 -0.8645603
vn 0.13329464 -0.97426075 -0.18179266
vn 0.12970015 -0.99070114 0.041100044
vn 0.13469641 -0.93837494 -0.31829152
vn 0.0940057 -0.5374326 0.8380508
vn 0.0940057 -0.5374326 0.8380508
vn 0.99176216 0.072797224 -0.10539598
vn 0.9432739 0.325591 0.0649982
vn 0.9432739 0.325591 0.0649982
vn 0.99729645 0.05299981 -0.05089982
vn 0.99786335 0.05029815 -0.04169847
vn 0.9657779 0.25929406 -0.0062998557
vn -0.1398055 0.59412336 0.7921312
vn -0.99776095 0.057297762 -0.03449865
vn 0.9985459 -0.053902477 -0.00080003677
vn 0.111002244 0.9938201 -0.00040000808
vn 0.99973446 0.004500155 -0.02260078
vn 0.9995165 0.031000512 0.0024000397
vn 0.12479495 0.9921599 -0.0066997292
vn 0.31719983 0.23609987 -0.91849947
vn 0.97641426 0.21590316 0.0010000146
vn 0.93059635 0.041399837 -0.36369857
vn 0.93059635 0.041399837 -0.36369857
vn 0.07289915 -0.98968846 -0.12329856
vn 0.07289915 -0.98968846 -0.12329856
vn 0.9994921 -0.012299903 0.02939977
vn -0.06970334 0.7382354 -0.6709321
vn 0.99975103 0.018999068 -0.011699427
vn 0.99929047 0.008899915 -0.03659965
vn 0.9995814 -0.015699707 -0.024299547
vn 0.95308614 0.14809784 -0.26399615
vn 0.95308614 0.14809784 -0.26399615
vn 0.9523752 0.22519411 0.20559463
vn 0.9523752 0.22519411 0.20559463
vn 0.086701326 0.9711149 -0.2223034
vn 0.086701326 0.9711149 -0.2223034
vn 0.93065405 0.36348206 0.04199793
vn 0.93065405 0.36348206 0.04199793
vn -0.13830093 0.023700159 0.99010664
vn -0.48420268 0.34700194 -0.8032045
vn -0.15269177 0.3002838 -0.9415492
vn -0.50082016 0.04950199 0.86413467
vn -0.78693044 -0.0047001815 0.6170238
vn -0.9198976 0.04109989 0.38999897
vn -0.9463233 0.22180545 0.23510577
vn -0.9311594 0.3643841 -0.012899438
vn -0.88442796 0.39071235 -0.25520808
vn -0.7656081 0.4099043 -0.4958052
vn 0.8225147 0.4701084 -0.32010573
vn 0.8225147 0.4701084 -0.32010573
vn 0.010000231 0.99662304 0.081501886
vn 0.001699966 0.99998 -0.006099878
vn -0.040499102 0.9586787 0.28159374
vn -0.00789977 0.9424726 0.33419028
vn -0.04640153 0.9839325 0.17240569
vn -0.14499699 0.9591801 0.24279496
vn -0.20949864 0.9459939 0.2473984
vn -0.21289866 0.95319396 0.21469864
vn -0.17350596 0.96533316 0.19500668
vn -0.10370405 0.97003794 0.21970859
vn 0.9995995 0.016899992 0.02269999
vn 0.9991328 0.037301224 -0.018500607
vn 0.9988482 -0.037998028 -0.02929848
vn 0.9988182 0.048600886 -0.00050000916
vn 0.08829729 -0.12539616 0.9881697
vn 0.08829729 -0.12539616 0.9881697
vn 0.9941544 0.04659786 -0.09739553
vn 0.17549802 0.90738976 0.3818957
vn 0.1397959 0.62108177 0.7711774
vn 0.08999856 0.54699117 -0.8322866
vn 0.08999856 0.54699117 -0.8322866
vn 0.9360157 0.04700079 -0.34880587
vn 0.9360157 0.04700079 -0.34880587
vn 0.09469718 0.8313752 -0.54758364
vn 0.09469718 0.8313752 -0.54758364
vn 0.9270301 0.110903606 -0.35821164
vn 0.9270301 0.110903606 -0.35821164
vn 0.99998856 0.0047999453 -0.00019999771
vn 0.9997091 0.021200193 0.011500105
vn -0.08659707 0.4698841 -0.87847024
vn -0.4845873 0.5622853 -0.6700824
vn -0.117495514 0.5300798 -0.839768
vn -0.06499709 0.8684612 -0.49147803
vn -0.023700466 0.6069119 -0.7944156
vn -0.015399231 0.86865664 -0.49517527
vn -0.028998319 0.7799548 -0.62516373
vn -0.073699385 0.30219746 0.95039207
vn -0.08330153 0.46150845 0.8832162
vn -0.11470318 0.6068168 0.7865218
vn -0.0055002193 0.42101678 -0.9070362
vn -0.077200204 0.18710048 0.9793026
vn -9.999567E-05 -0.9999567 -0.009299598
vn -0.00020000717 -0.89043194 -0.45511633
vn -0.0004000038 -0.7071067 -0.7071067
vn -0.0005000007 -0.45400065 -0.8910012
vn -0.00040001777 -0.19020846 -0.98174363
vn -0.00039998878 -0.99987197 0.015999552
vn -0.03570041 -0.8921102 0.45040518
vn -0.05609946 -0.7061932 0.7057932
vn -0.07100176 -0.4531112 0.888622
vn -0.07900094 -0.14810176 0.9858117
vn 0.9430686 0.27389088 0.18869373
vn 0.9430686 0.27389088 0.18869373
vn -0.08000377 0.053702533 0.9953469
vn -0.0005000109 -0.012500273 -0.9999218
vn 0.9739886 0.22439738 -0.03149963
vn 0.99091023 0.12770133 -0.04230044
vn -0.080098405 0.0036999264 0.99678016
vn -0.0007999837 0.015499684 -0.9998796
vn -0.08019825 0.0011999739 0.99677825
vn -0.0800977 -0.005599839 0.9967714
vn -0.0006999998 0 -0.99999976
vn -0.00069999945 -0.0009999993 -0.9999993
vn 0.0076997327 -0.9996653 0.024699144
vn -0.14830464 0.044701397 -0.98793095
vn -0.16990419 0.30330747 -0.93762314
vn -0.31269947 0.74359876 0.590999
vn -0.27810588 0.10010212 0.9553202
vn -0.28571135 0.27391088 0.9183365
vn -0.17749742 0.49359283 -0.8513876
vn -0.13970138 0.7880078 -0.599606
vn -0.1660917 0.6919654 -0.7025649
vn -0.3052988 0.65129745 0.69469726
vn -0.28659725 0.38929626 0.87539166
vn -0.28928867 0.5336791 0.794669
vn 0.016999815 -0.999189 -0.0364996
vn 0.12190348 -0.9925283 0.0052001486
vn -0.13809603 -0.19229448 -0.9715721
vn -0.13280635 -0.013700654 -0.9910473
vn -0.033102192 -0.88795877 -0.45873034
vn -0.076699905 -0.6990991 -0.71089906
vn -0.11790374 -0.44321406 -0.8886282
vn -0.26659828 -0.14129908 0.9533939
vn -0.27050415 -0.0028000427 0.96271473
vn -0.0060003065 -0.99745095 0.071103625
vn -0.24019928 -0.4367987 0.86689746
vn -0.18839508 -0.690182 0.6986818
vn -0.1161017 -0.886813 0.44730654
vn -0.27329725 0.008699913 0.96189034
vn -0.13440087 0.0064000413 -0.9909064
vn -0.27150786 0.004000116 0.962428
vn -0.13319845 0.0013999837 -0.99108845
vn -0.043100595 0.9962138 0.07550104
vn -0.6598906 0.39429438 -0.6395908
vn -0.6598906 0.39429438 -0.6395908
vn -0.6112089 0.7913116 0.01580023
vn -0.9848564 0.062297244 -0.16179284
vn -0.021500168 0.83750653 -0.5460043
vn -0.97481394 0.21940315 -0.040000573
vn -0.88777584 0.31849137 0.33229098
vn -0.92833114 0.20180677 -0.31221047
vn -0.008800471 0.98625284 0.16500884
vn -0.07390322 0.65542847 0.75163275
vn -0.49029842 0.65949786 0.5697982
vn -0.1264947 0.71607 0.6864713
vn -0.8237255 0.1998062 -0.53061646
vn -0.73580116 0.5073008 0.44860068
vn -0.6419929 0.60869324 0.46619484
vn -0.9837466 0.1623077 -0.07680364
vn -0.13310246 0.9909182 0.019100351
vn -0.44731176 0.8868233 -0.116003044
vn -0.15400147 -0.1461014 0.97720927
vn -0.8926379 0.10010426 -0.4395187
vn -0.70948696 0.14429735 -0.6897874
vn -0.4559934 0.17609747 -0.8723874
vn -0.15689532 0.1909943 -0.96897113
vn -0.70270085 -0.09730012 0.70480084
vn -0.8879962 -0.054599766 0.45659804
vn -0.98653173 -0.0046001477 0.16350526
vn -0.988179 0.048598967 -0.14539692
vn -0.44958645 -0.1289961 0.88387334
vn -0.008099807 0.99887615 0.046698887
vn -0.018399619 0.99967927 0.017399639
vn -0.019800788 0.9835391 0.17960714
vn -0.8855767 0.32239154 -0.33439124
vn -0.33608174 0.6344655 -0.69606215
vn -0.1952976 0.47689417 -0.85698944
vn -0.1952976 0.47689417 -0.85698944
vn -0.9963915 0.079399325 0.029999742
vn 0 0.9687865 0.24789654
vn -0.30590063 -0.1434003 0.941202
vn 0 0.9687865 0.24789654
vn -0.4502003 -0.1341001 0.8828006
vn 0 0.9687865 0.24789654
vn -0.58368737 -0.12119737 0.8028826
vn 0 0.9687865 0.24789654
vn 0 -0.1513959 0.98847324
vn 0 0.9687865 0.24789654
vn -0.15429679 -0.14929688 0.9766796
vn 0 0.9687865 0.24789654
vn -0.5890692 0.14059263 -0.7957583
vn 0 0.9687865 0.24789654
vn -0.45489848 0.1535995 -0.8771971
vn 0 0.9687865 0.24789654
vn -0.30930865 0.16220453 -0.93702614
vn 0 0.9687865 0.24789654
vn -0.15649608 0.16689582 -0.97347564
vn 0 0.16840312 -0.98571825
vn 0 0.16840312 -0.98571825
vn 0 0.9687865 0.24789654
vn 0 0.9687865 0.24789654
vn -0.7033128 -0.104801916 0.70311284
vn 0 0.9687865 0.24789654
vn -0.80590767 -0.08570082 0.5858056
vn 0 0.9687865 0.24789654
vn -0.8886831 -0.06429877 0.45399132
vn 0 0.9687865 0.24789654
vn -0.9495621 -0.040998362 0.31088758
vn 0 0.9687865 0.24789654
vn -0.9869813 -0.016399689 0.15999696
vn 0 0.9687865 0.24789654
vn -0.9999478 0.008800421 0.0052002487
vn 0 0.9687865 0.24789654
vn -0.9881241 0.034200836 -0.14980365
vn 0 0.9687865 0.24789654
vn -0.95182616 0.05900162 -0.30090827
vn 0 0.9687865 0.24789654
vn -0.89197016 0.08259723 -0.4444851
vn 0 0.9687865 0.24789654
vn -0.8101017 0.10450022 -0.5769012
vn 0 0.9687865 0.24789654
vn -0.7083174 0.124003045 -0.694917
vn 0 0.9687865 0.24789654
vn 0 0.9687865 0.24789654
vn 0 0.9687865 0.24789654
vn 0 0.9687865 0.24789654
vn 0 0.9687865 0.24789654
vn 0 0.9687865 0.24789654
vn 0 0.9687865 0.24789654
vn 0 0.9687865 0.24789654
vn 0 0.9687865 0.24789654
vn 0 0.9687865 0.24789654
vn 0 0.9687865 0.24789654
vn 0 0.9687865 0.24789654
vn 0 0.9687865 0.24789654
vn 0 0.9687865 0.24789654
vn 0 0.9687865 0.24789654
vn 0 0.9687865 0.24789654
vn 0 0.9687865 0.24789654
vn 0 0.9687865 0.24789654
vn 0 0.9687865 0.24789654
vn 0 0.9687865 0.24789654
vn 0 0.9687865 0.24789654
vn -0.0039999676 0.9999919 -0.00049999595
vn -0.0044999267 0.9999838 -0.0034999433
vn 0.99467725 0.0828981 0.0611986
vn 0.9981125 0.007100089 0.061000764
vn 0.14329977 0.5927991 0.79249877
vn 0.99999595 0.001999992 0.001999992
vn 0.22330958 0.6606284 -0.7167308
vn 0.31468335 0.41337812 -0.85445476
vn 0.35699037 0.42528856 -0.8316776
vn 0.2562936 0.6025849 -0.7557811
vn 0.2562936 0.6025849 -0.7557811
vn 0.023299772 0.6409937 -0.7671925
vn 0.062602766 0.5767254 -0.8145359
vn 0.08170165 0.5310108 -0.8434171
vn 0.027300483 0.76771355 -0.64021134
vn 0.8823319 0.46041662 -0.09750352
vn 0.8823319 0.46041662 -0.09750352
vn 0.31808677 0.33878592 -0.8854632
vn 0.37989432 0.61409074 0.6917896
vn 0.37989432 0.61409074 0.6917896
vn 0.14049833 0.5752931 0.8057904
vn 0.14049833 0.5752931 0.8057904
vn 0.45809382 0.7215903 -0.51909304
vn 0.45809382 0.7215903 -0.51909304
vn 0.16459231 0.75056493 -0.63997006
vn 0.16459231 0.75056493 -0.63997006
vn 0.55350065 0.41550046 0.72180086
vn 0.6155002 0.58800024 0.5248002
vn 0.6155002 0.58800024 0.5248002
vn 0.8004519 0.48327097 0.3545787
vn 0.8004519 0.48327097 0.3545787
vn 0.86825126 0.4586271 0.18921117
vn 0.86825126 0.4586271 0.18921117
vn 0.85225344 0.5228329 0.017601104
vn 0.85225344 0.5228329 0.017601104
vn 0.79459053 0.585493 -0.16069807
vn 0.79459053 0.585493 -0.16069807
vn 0.6690925 0.6580926 -0.3452961
vn 0.6690925 0.6580926 -0.3452961
vn 0.08270101 0.45700556 0.8856108
vn 0.31170037 0.053000066 0.9487012
vn 0.66350573 0.019900171 0.74790645
vn 0.86969143 -0.0008999911 0.49359512
vn 0.94290906 0.120201156 0.310603
vn 0.94179565 0.31279853 0.123199426
vn 0.91361636 0.38290685 -0.13670245
vn 0.8353052 0.3977025 -0.37960234
vn 0.6121691 0.41597897 -0.67246604
vn -0.009400228 0.9994243 0.03260079
vn 0.008799659 0.99176157 0.12779506
vn 0.06900322 0.9662451 0.24821158
vn 0.020200055 0.9497027 0.31250086
vn 0.094897136 0.97217065 0.21419354
vn 0.18599254 0.94966185 0.25208986
vn 0.21710117 0.9481051 0.23230127
vn 0.19850604 0.9593291 0.2007061
vn 0.1402961 0.96947306 0.20109442
vn 0.75416076 0.33048284 0.5674705
vn 0.8006771 0.3077912 0.5139853
vn 0.8731389 0.29001293 0.39181745
vn 0.95470387 0.2975012 -0.005800023
vn 0.9107993 0.2959998 -0.2877998
vn 0.80785453 0.29598334 -0.50967133
vn 0.012800061 0.9893047 0.14530069
vn 0.012800061 0.9893047 0.14530069
vn 0.0009999516 0.9994516 0.0330984
vn 0.0009999516 0.9994516 0.0330984
vn 0.07279983 0.97619766 0.20429951
vn 0.07279983 0.97619766 0.20429951
vn 0.019100042 0.9679022 0.25060058
vn 0.019100042 0.9679022 0.25060058
vn 0.09270106 0.9663111 0.24010275
vn 0.09270106 0.9663111 0.24010275
vn 0.19580461 0.9382221 0.2853067
vn 0.19580461 0.9382221 0.2853067
vn 0.26969963 0.92689884 0.26099968
vn 0.26969963 0.92689884 0.26099968
vn 0.28540462 0.9378151 0.1976032
vn 0.28540462 0.9378151 0.1976032
vn 0.23861094 0.959444 0.15010688
vn 0.23861094 0.959444 0.15010688
vn 0.15410568 0.9758359 0.1549057
vn 0.15410568 0.9758359 0.1549057
vn 0.13250396 0.3140094 -0.9401281
vn 0.49660626 0.40780511 -0.76620966
vn 0.11190158 0.0924013 0.989414
vn 0.5313981 0.07269974 0.84399694
vn 0.79112047 -0.013300343 0.6115158
vn 0.8819667 0.061497677 0.46728233
vn 0.8997812 0.26959437 0.34309286
vn 0.91427606 0.4048894 0.012799664
vn 0.8726687 0.41988492 -0.24929106
vn 0.76791096 0.42640612 -0.4780068
vn 0.34329113 0.58988476 -0.7308811
vn 0.8051858 -0.07709864 0.5879896
vn 0.9489752 -0.030299209 0.3138918
vn 0.9997187 0.02190041 0.009100171
vn 0.95218605 0.074898906 -0.29619566
vn 0.3100975 0.1856985 -0.9323924
vn 0.5903186 0.1621051 -0.79072493
vn 0.017600091 0.98020506 -0.19720103
vn 0.017600091 0.98020506 -0.19720103
vn 0.03320083 0.43561092 -0.89952254
vn 0.046300188 0.6485026 -0.75980306
vn 0.043002028 0.7801367 -0.6241294
vn 0.15619455 0.31878886 0.9348673
vn 0.15579905 0.48469704 0.86069477
vn 0.064100124 0.60400116 0.7944015
vn 0.17030416 0.62451524 0.76221865
vn 0.0005000163 0.0673022 -0.9977325
vn 0.023099966 0.24479964 -0.9692986
vn 0.07939782 0.10139721 0.9916727
vn 0.16120364 0.2044046 0.96552175
vn 0.17479987 0.7199995 0.6715995
vn 0.00010000319 -0.95403045 -0.29970956
vn -0.0037998804 -0.9973686 0.072397724
vn 0.00039998034 -0.9999509 -0.009899514
vn 0.00030000592 -0.80841595 -0.5886116
vn 0.00030000592 -0.80841595 -0.5886116
vn 0.0017999761 -0.8902882 -0.45539397
vn 0.00050000247 -0.58780295 -0.809004
vn 0.0047999886 -0.7063983 -0.7077983
vn 0.019700237 0.9859118 -0.16610199
vn 0.019700237 0.9859118 -0.16610199
vn 0.00060003134 -0.31361637 -0.9495496
vn 0.007899816 -0.4531895 -0.89137924
vn 9.999912E-05 -0.093799174 -0.9955912
vn 0.0090995785 -0.1919911 -0.98135453
vn -0.018400194 -0.9806104 -0.19510205
vn 0.024199149 -0.9515666 0.3064892
vn 0.024199149 -0.9515666 0.3064892
vn -0.00069998915 -0.9994845 0.0320995
vn 0.04659925 -0.80868703 0.58639055
vn 0.071298935 -0.8907867 0.44879332
vn 0.0642987 -0.58678806 0.8071837
vn 0.1124949 -0.7022682 0.7029682
vn 0.07600169 -0.30310673 0.9499211
vn 0.14209503 -0.44898427 0.88216907
vn 0.07989904 -0.049199414 0.9955881
vn 0.15810382 -0.14630355 0.97652364
vn -0.014599511 -0.99606663 -0.08739707
vn 0.08009874 0.020099683 0.9965843
vn 0.16280463 0.06480184 0.984528
vn 0.008499848 -0.01279977 -0.999882
vn 0.01599946 0.99926627 -0.034798827
vn 0.040098518 0.9794638 0.1975927
vn 0.16139635 0.004899889 0.9868776
vn 0.0007999991 0.0012999986 -0.9999989
vn 0.00900018 0.016700335 -0.99982005
vn 0.16100836 0.0019000986 0.98695123
vn 0.16060126 -0.0048000375 0.9870077
vn 0.008299714 9.9996556E-05 -0.99996555
vn 0.008399699 -0.0009999643 -0.99996424
vn -0.010699484 -0.9998517 -0.013499348
vn -0.04559981 -0.9987958 0.018099925
vn 0.1405003 0.01880004 -0.9899022
vn 0.15550673 0.1315057 -0.97904235
vn 0.044398926 0.99837583 -0.035699137
vn 0.23931275 0.89424765 0.37822014
vn 0.23931275 0.89424765 0.37822014
vn 0.27569628 0.040599454 0.96038705
vn 0.28091398 0.17280859 0.9440469
vn -0.08850135 -0.9956151 0.03030046
vn 0.017199825 -0.95309037 -0.30219692
vn 0.13210368 -0.30690855 -0.9425263
vn 0.13620026 -0.1031002 -0.985302
vn 0.053999778 -0.80449665 -0.59149754
vn 0.053999778 -0.80449665 -0.59149754
vn 0.09860104 -0.57680607 -0.81090856
vn 0.25709853 -0.29079834 0.92159474
vn 0.26920232 -0.04550039 0.9620083
vn -0.12280495 -0.99113995 -0.050602037
vn -0.06700194 -0.99272865 -0.10000289
vn 0.07589862 -0.9519827 0.2965946
vn 0.07589862 -0.9519827 0.2965946
vn 0.21719104 -0.5693765 0.7928673
vn 0.15459703 -0.7966847 0.5842888
vn -0.13369738 -0.9909805 -0.009099822
vn 0.018499212 0.8498638 -0.5266776
vn 0.07550314 0.9966415 0.031701323
vn 0.041300364 0.9990089 0.016600147
vn 0.94718283 0.26689517 -0.17779678
vn 0.94718283 0.26689517 -0.17779678
vn 0.62130904 0.5872085 -0.5188076
vn 0.62130904 0.5872085 -0.5188076
vn 0.62130904 0.5872085 -0.5188076
vn 0.0035998346 0.9998541 -0.016699234
vn 0.07800028 0.7049025 -0.7050025
vn 0.07800028 0.7049025 -0.7050025
vn 0.0030999084 0.99977046 -0.021199374
vn 0.11049684 0.99077165 0.07849776
vn 0.48040396 0.81380665 0.32700267
vn 0.48040396 0.81380665 0.32700267
vn 0.2060046 0.97442174 0.089802004
vn 0.6153161 0.73251915 0.2912076
vn 0.6153161 0.73251915 0.2912076
vn 0.24059802 0.969792 0.040199667
vn 0.81772023 0.5426134 0.19210476
vn 0.81772023 0.5426134 0.19210476
vn 0.28710073 0.9578024 -0.013700035
vn 0.9106326 0.40821463 -0.06410229
vn 0.9106326 0.40821463 -0.06410229
vn 0.23080966 0.9706406 -0.06770283
vn 0.88937676 0.34559098 -0.29929218
vn 0.88937676 0.34559098 -0.29929218
vn 0.038300574 0.9825148 0.18220274
vn 0.07160046 0.6941045 0.7163046
vn 0.38539162 0.81838226 0.42629075
vn 0.38539162 0.81838226 0.42629075
vn 0.17910796 0.97844344 -0.102804564
vn 0.80225855 0.31408378 -0.5076738
vn 0.80225855 0.31408378 -0.5076738
vn 0.97847843 0.12189731 -0.16649634
vn 0.9947051 0.0781004 -0.06680033
vn 0.7737754 0.13739564 -0.6183803
vn 0.7737754 0.13739564 -0.6183803
vn 0.58168846 0.17169659 -0.7950841
vn 0.0014999916 0.9999944 0.0029999833
vn 0.95505834 0.251989 0.1560932
vn 0.96030664 0.20680143 -0.18720129
vn 0.8067723 0.4139858 0.42158553
vn 0.00399991 0.99997747 0.0053998786
vn 0.8778061 0.19970138 -0.43540305
vn 0.07819791 0.87737656 0.47338736
vn 0.07819791 0.87737656 0.47338736
vn -0.011499656 0.9997701 0.018099459
vn 0.2802879 0.66747123 0.68987024
vn 0.5927224 0.635324 0.49501875
vn 0.66950864 0.18880245 -0.7184093
vn -0.0032999606 0.9999881 0.003599957
vn 0.6825793 0.5719826 0.45488617
vn 0.06879783 0.7140775 0.696678
vn 0.059498943 0.71068734 0.7009875
vn 0.12919465 0.9627602 0.23749018
vn 0.070101336 0.7372141 0.6720128
vn 0.070101336 0.7372141 0.6720128
vn 0.042199038 0.9958773 -0.08029818
vn 0.047599502 0.6172935 -0.7852918
vn 0.032601055 0.9994323 0.008500275
vn 0.0676978 0.99746764 -0.021799294
vn 0.09920427 0.9947428 -0.025401093
vn 0.32722208 0.903461 -0.27691868
vn 0.20900597 0.5083145 -0.83542377
vn 0.04559734 0.93284565 -0.35737917
vn 0.04559734 0.93284565 -0.35737917
vn 0.58300304 -0.114900604 0.80430424
vn 0.81107324 0.12339593 -0.5717811
vn 0.30539003 -0.13939545 0.9419692
vn 0.043098766 0.98907167 -0.14099596
vn 0.25099587 0.9679842 0.0027999543
vn 0.25099587 0.9679842 0.0027999543
vn 0.045498356 0.99896395 0.000999964
vn 0.9992373 -0.038601443 -0.0059002205
vn 0.44829348 0.87948716 0.15979767
vn 0.70700735 0.6961072 0.12480129
vn 0.70700735 0.6961072 0.12480129
vn 0.39749742 0.48089683 -0.78149486
vn 0.39749742 0.48089683 -0.78149486
vn 0.99940616 0.0020000124 0.034400214
vn 0.87588596 0.29349533 -0.38299388
vn 0.12110545 0.66402984 -0.7378332
vn 0.08950234 0.995626 -0.0268007
vn 0.048899 0.5901879 -0.8057835
vn 0.048899 0.5901879 -0.8057835
vn 0.6728088 0.68000895 0.2914038
vn 0.66050076 0.71460086 0.23040026
vn 0.6510876 0.734786 0.19019638
vn 0.6184153 0.766819 -0.17190427
vn 0.7401698 0.6184748 -0.26388925
vn 0.8325906 0.26879695 0.4842945
vn 0.9153258 0.041101158 -0.40061128
vn 0.8863471 -0.07610404 0.45672426
vn 0.87008643 -0.22549649 0.43829316
vn 0.85653085 -0.34591246 0.38301378
vn 0.43040317 -0.7933058 -0.43060315
vn 0.16880135 -0.97810787 -0.12170097
vn 0.92490894 -0.3507034 -0.14680141
vn 0.8052197 -0.3997098 -0.43801072
vn 0.9013746 -0.17229512 -0.39728877
vn 0.9264978 -0.070699826 -0.3695991
vn 0.9219439 0.18640888 -0.3395162
vn 0.19120096 -0.9815049 -0.009500047
vn 0.7598139 0.64421177 -0.087601595
vn 0.63962555 0.7658306 -0.06620265
vn 0.6452386 0.7431444 -0.1772106
vn 0.63221073 0.75221276 -0.18570314
vn 0.6552938 0.7238932 -0.21579798
vn 0.60810435 0.7793056 0.15130109
vn 0.69739306 0.62029386 0.35899645
vn 0.6450711 -0.69156903 0.3249854
vn 0.16060776 -0.98364747 0.08150393
vn 0.99746436 -0.07059748 -0.008999677
vn 0.9992702 -0.037098892 -0.009099729
vn 0.859808 0.0036000337 0.51060474
vn 0.9148869 0.0035999485 -0.4036942
vn 0.970052 0.24248801 -0.014099303
vn 0.6456025 0.762903 -0.034300134
vn 0.64998573 -0.01999956 -0.7596833
vn 0.64922446 0.016000602 0.7604286
vn 0.63031435 -0.7705176 0.094902165
vn 0.64187205 0.033798527 -0.7660667
vn 0.6492996 -0.76049954 -0.007099996
vn 0.62640464 0.77560574 0.07780057
vn 0.64301693 0.08410221 -0.76122004
vn 0.6405866 -0.7665839 -0.04469906
vn 0.65549916 0.08319989 0.75059897
vn 0.6570681 -0.05159749 0.7520634
vn 0.9995573 0.026198883 0.014099399
vn 0.99968976 0.024199752 -0.0058999397
vn 0.9992408 0.02590106 0.029101191
vn 0.9988999 0.027199997 -0.038199995
vn 0.8570222 0.036100935 0.51401335
vn 0.9930026 0.021600056 0.116100304
vn 0.8534294 0.0174006 0.52091795
vn 0.67096674 0.74146324 -0.0059997025
vn 0.680614 0.73261505 -0.00630013
vn 0.6979161 0.7161165 -0.009500219
vn 0.9969464 0.053902507 0.056502625
vn 0.96854335 0.21760975 -0.1207054
vn 0.73099995 0.6819999 0.022699999
vn 0.6749079 0.73400867 -0.07570089
vn 0.66591036 0.7422116 -0.07540118
vn 0.68976617 0.71976465 -0.07849615
vn 0.98757744 0.026999382 -0.15479645
vn 0.9878597 0.0171993 -0.15439372
vn 0.9875035 -0.09790035 -0.12350044
vn 0.9913009 -0.05870005 -0.1178001
vn 0.99224055 -0.03500143 -0.11930487
vn 0.99734414 0.0021000928 0.07280322
vn 0.6686065 0.7436072 0.0037000359
vn 0.6751111 0.73771214 0.0024000397
vn 0.99963 0.0267008 -0.005200156
vn 0.99830526 -0.0576003 -0.008300044
vn 0.99953836 0.026701024 0.0145005565
vn 0.6871781 0.7261768 0.02129932
vn 0.7033016 0.7106017 0.020300047
vn 0.74349105 0.66869193 -0.008499898
vn 0.9684417 0.2481107 0.023701021
vn 0.941057 -0.3377846 -0.017699191
vn 0.6070742 0.7945662 -0.011199523
vn 0.9992801 0.036399275 -0.010699787
vn 0.6555419 -0.7551483 -0.004000256
vn 0.9996105 0.027400287 -0.0053000553
vn 0.6676048 0.74420536 0.021500155
vn 0.9996521 0.022598919 0.013599348
vn 0.9993028 0.032600094 0.018200051
vn 0.9929827 0.027999513 0.114898
vn 0.9903693 0.09719699 -0.098596945
vn 0.9928372 0.014400539 0.118604444
vn 0.9873697 0.036398888 -0.15419528
vn 0.9998988 0.012899985 -0.005999993
vn 0.99471986 -0.03110062 -0.09780195
vn 9.9997706E-05 0.24239446 -0.97017777
vn 0.011100062 0.9323053 0.36150205
vn 0.8134295 0.5727208 0.10160369
vn 0.012300363 0.6719198 0.74052185
vn 0.020400321 0.9517149 0.3063048
vn 0.6876052 0.7146054 0.12860097
vn 0.93899095 0.3422967 -0.033599675
vn 0.019599127 0.9940556 0.10709523
vn 0.019400297 0.99861526 0.048900746
vn 0.01939895 0.99124634 -0.13059294
vn 0.018999903 0.9472952 -0.31979835
vn 0.9992629 0.004699826 -0.03809859
vn 0.09789665 -0.28449026 -0.9536674
vn 0.6796092 0.72740984 -0.09490128
vn 0.805143 0.5929316 -0.013300709
vn 0.81015867 0.5830703 0.06059691
vn 0.819705 0.54600334 0.17310105
vn 0.4763947 0.75499165 -0.450595
vn 0.83540034 0.38660014 0.39070016
vn 0.82602525 0.48661488 0.2844087
vn 0.6771591 0.7349556 -0.035997823
vn 0.8081748 0.58828163 0.027899127
vn 0.80780244 0.5653017 -0.1670005
vn 0.9995463 -0.014500671 0.026401222
vn 0.37060943 0.36950943 -0.8521217
vn 0.679875 0.73247313 0.0353987
vn 0.68307203 0.7262703 0.07709685
vn 0.021099456 0.8615778 0.50718695
vn 0.714207 0.6940068 0.09090088
vn 0.8473986 0.26809955 -0.45829922
vn 0.66158235 0.71488094 -0.22639395
vn 0.80608034 0.59108555 -0.029199287
vn 0.019099822 0.9995907 -0.021299802
vn 0.019200742 0.9986385 -0.04850187
vn 0.020500354 0.695212 0.7185124
vn 0.99934196 0.012900542 0.033901423
vn 0.9086829 0.30849418 0.2812947
vn 0.807138 0.5855276 -0.075403556
vn 0.6757004 0.73700047 -0.016100012
vn 0.7471463 0.50446373 0.43276888
vn 0.8308993 0.5007996 -0.2424998
vn 0.69812006 0.68191963 0.21820629
vn 0.7188236 -0.59171945 0.36491197
vn 0.7188236 -0.59171945 0.36491197
vn 0.67670155 -0.72050166 0.15150036
vn 0.67670155 -0.72050166 0.15150036
vn 0.6704273 -0.7394301 0.0614025
vn 0.6704273 -0.7394301 0.0614025
vn 0.6706178 -0.74151975 0.020500546
vn 0.6706178 -0.74151975 0.020500546
vn 0.6788024 -0.6534023 -0.3351012
vn 0.6788024 -0.6534023 -0.3351012
vn 0.6826917 -0.7082914 -0.17959781
vn 0.6826917 -0.7082914 -0.17959781
vn 0.14509651 -0.8576793 0.4932881
vn 0.12940072 -0.9912054 0.027700152
vn 0.7115211 0.60591793 0.35581055
vn 0.71777797 0.4942848 0.4903849
vn 0.12020181 -0.66031 -0.7413112
vn 0.75461227 0.061200995 0.6533106
vn 0.75461227 0.061200995 0.6533106
vn 0.67140526 -0.74020576 0.036200285
vn 0.67140526 -0.74020576 0.036200285
vn 0.76909494 0.32199788 0.55209637
vn 0.76909494 0.32199788 0.55209637
vn 0.7401827 -0.2182949 0.63598514
vn 0.7401827 -0.2182949 0.63598514
vn 0.67249393 -0.7397933 -0.021399807
vn 0.67249393 -0.7397933 -0.021399807
vn 0.67562234 -0.73422426 -0.0667022
vn 0.67562234 -0.73422426 -0.0667022
vn 0.6786268 -0.72652864 -0.10780425
vn 0.6786268 -0.72652864 -0.10780425
vn 0.66586393 -0.47567424 -0.5747689
vn 0.66586393 -0.47567424 -0.5747689
vn 0.13040681 -0.9882517 0.079704165
vn 0.1348954 -0.9704669 0.19999318
vn 0.15100093 0.63020396 0.7616047
vn 0.1740021 0.8183099 0.5478066
vn 0.1301043 -0.99033284 0.048101593
vn 0.13109542 -0.9874655 -0.08789693
vn 0.12989336 -0.9911494 -0.027398601
vn 0.9984962 0.0015999939 0.05479979
vn 0.08050046 0.32260185 -0.9431054
vn 0.6399983 0.21699943 -0.7370981
vn 0.6399983 0.21699943 -0.7370981
vn 0.6377095 -0.1949029 -0.74521106
vn 0.6377095 -0.1949029 -0.74521106
vn 0.10610583 -0.44872466 0.8873487
vn 0.059402637 0.07720343 0.99524415
vn 0.13300161 -0.8901108 -0.43590528
vn 0.13449775 -0.96188396 -0.23809603
vn 0.1323017 -0.98091257 -0.14250183
vn 0.080699965 0.54689974 -0.8332996
vn 0.17989567 0.4816884 -0.8576793
vn 0.17669292 0.96396136 -0.19889203
vn 0.15300475 0.13080406 -0.9795304
vn 0.30160913 0.5702173 -0.76412314
vn 0.3372834 0.5056751 -0.7940609
vn 0.9895513 0.13380694 0.053702787
vn 0.9984932 -0.053699635 0.011299924
vn 0.99500215 0.071600154 0.06960015
vn 0.106901176 0.8421093 -0.5286058
vn 0.16720538 0.9719313 0.16550532
vn 0.99899584 -0.015599934 -0.041999824
vn 0.9939343 0.10180352 -0.041601434
vn 0.99858487 -0.0529992 -0.0043999334
vn 0.9822213 0.18660404 0.020500444
vn 0.04990028 0.4991028 0.86510485
vn 0.9989207 -0.034500714 -0.031100642
vn 0.99870604 0.050500307 -0.0060000364
vn 0.14670035 0.7198018 0.67850167
vn 0.14729294 0.98365283 0.10359504
vn 0.16969857 0.12689893 -0.9772917
vn 0.99987733 0.002299948 -0.015499649
vn 0.9992433 -0.032801423 0.020900907
vn 0.9988809 -0.043899164 -0.017599665
vn 0.9993762 0.03519916 -0.0028999308
vn 0.99914956 0.020100996 -0.036001783
vn 0.9979705 0.041498773 -0.048298575
vn 0.9839202 0.17630363 -0.028600588
vn 0.13939683 0.98847747 -0.058998656
vn 0.1398055 0.59412336 0.7921312
vn 0.99776095 0.057297762 -0.03449865
vn 0.06970334 0.7382354 -0.6709321
vn 0.13830093 0.023700159 0.99010664
vn 0.48420268 0.34700194 -0.8032045
vn 0.15269177 0.3002838 -0.9415492
vn 0.50082016 0.04950199 0.86413467
vn 0.78693044 -0.0047001815 0.6170238
vn 0.9198976 0.04109989 0.38999897
vn 0.9463233 0.22180545 0.23510577
vn 0.9311594 0.3643841 -0.012899438
vn 0.88442796 0.39071235 -0.25520808
vn 0.7656081 0.4099043 -0.4958052
vn -0.010100223 0.996622 0.081501804
vn -0.001699966 0.99998 -0.006099878
vn 0.040499102 0.9586787 0.28159374
vn 0.009299561 0.9423555 0.33448422
vn 0.04640153 0.9839325 0.17240569
vn 0.14499699 0.9591801 0.24279496
vn 0.20949864 0.9459939 0.2473984
vn 0.21289866 0.95319396 0.21469864
vn 0.17350596 0.96533316 0.19500668
vn 0.10370405 0.97003794 0.21970859
vn 0.08659707 0.4698841 -0.87847024
vn 0.4845873 0.5622853 -0.6700824
vn 0.117495514 0.5300798 -0.839768
vn 0.06499709 0.8684612 -0.49147803
vn 0.023699028 0.6069751 -0.7943674
vn 0.015399231 0.86865664 -0.49517527
vn -0.65072626 0.7583306 -0.03860156
vn -0.6105789 0.7869728 -0.08869693
vn -0.5459955 0.68839425 -0.477496
vn -0.36448878 0.90987206 0.19819391
vn -0.32051274 0.9134363 0.25081
vn -0.48539248 0.86278665 0.1413978
vn -0.57962865 0.8142403 0.032301597
vn -0.6180099 0.7752125 -0.13080211
vn -0.6200272 0.7255318 -0.2986131
vn -0.5146069 0.6620089 -0.54490733
vn -0.46441665 0.612222 -0.639923
vn 0 0.69571626 0.7183168
vn 0 0.69571626 0.7183168
vn -0.21860026 0.78370094 0.5814007
vn -0.21860026 0.78370094 0.5814007
vn 0.028998319 0.7799548 -0.62516373
vn 0.073699385 0.30219746 0.95039207
vn 0.08330153 0.46150845 0.8832162
vn 0.11470318 0.6068168 0.7865218
vn 0.0055002193 0.42101678 -0.9070362
vn 0.077200204 0.18710048 0.9793026
vn 9.999567E-05 -0.9999567 -0.009299598
vn 0.00020000717 -0.89043194 -0.45511633
vn 0.0004000038 -0.7071067 -0.7071067
vn 0.0005000007 -0.45400065 -0.8910012
vn 0.00040001777 -0.19020846 -0.98174363
vn 0.00039998878 -0.99987197 0.015999552
vn -0.6424099 0.75631166 -0.12370191
vn -0.38311327 0.8720302 -0.30461055
vn 0.03570041 -0.8921102 0.45040518
vn -0.056100354 0.88810563 -0.4562029
vn -0.32958868 0.91796845 0.22069243
vn -0.4202003 0.8910006 0.17190012
vn -0.5434988 0.8337982 0.09689979
vn -0.59899276 0.7992904 -0.04839942
vn -0.63030154 0.74670184 -0.21250053
vn -0.3116017 0.87710476 0.365502
vn -0.5932024 0.71540284 -0.36920145
vn 0.05609946 -0.7061932 0.7057932
vn -0.07719827 0.70918405 0.7007842
vn 0.07100176 -0.4531112 0.888622
vn 0.07900094 -0.14810176 0.9858117
vn 0.08000377 0.053702533 0.9953469
vn 0.0005000109 -0.012500273 -0.9999218
vn 0.080098376 0.003799923 0.9967798
vn 0.0007999837 0.015499684 -0.9998796
vn 0.08019825 0.0011999739 0.99677825
vn 0.0800977 -0.005599839 0.9967714
vn 0.0006999998 0 -0.99999976
vn 0.00069999945 -0.0009999993 -0.9999993
vn -0.0076997327 -0.9996653 0.024699144
vn 0.14840177 0.044800535 -0.9879119
vn 0.16990419 0.30330747 -0.93762314
vn 0.31269947 0.74359876 0.590999
vn 0.27810588 0.10010212 0.9553202
vn 0.28571135 0.27391088 0.9183365
vn 0.17749742 0.49359283 -0.8513876
vn 0.13970138 0.7880078 -0.599606
vn 0.1660917 0.6919654 -0.7025649
vn 0.3052988 0.65129745 0.69469726
vn 0.28659725 0.38929626 0.87539166
vn 0.28928867 0.5336791 0.794669
vn -0.016999815 -0.999189 -0.0364996
vn -0.12190348 -0.9925283 0.0052001486
vn 0.13809603 -0.19229448 -0.9715721
vn 0.13280635 -0.013700654 -0.9910473
vn 0.033102192 -0.88795877 -0.45873034
vn 0.07679932 -0.69909376 -0.71089363
vn 0.11790374 -0.44321406 -0.8886282
vn 0.26659828 -0.14129908 0.9533939
vn 0.27050415 -0.0028000427 0.96271473
vn 0.009300254 -0.9967272 0.080302194
vn 0.24019913 -0.43699846 0.8667969
vn 0.18850453 -0.6901166 0.6987168
vn 0.1161017 -0.886813 0.44730654
vn 0.27329725 0.008699913 0.96189034
vn 0.13440095 0.0063000447 -0.990907
vn 0.27150786 0.004000116 0.962428
vn 0.13329665 0.0014999623 -0.9910751
vn 0.043100595 0.9962138 0.07550104
vn 0.6598906 0.39429438 -0.6395908
vn 0.6598906 0.39429438 -0.6395908
vn 0.6112089 0.7913116 0.01580023
vn 0.9848564 0.062297244 -0.16179284
vn 0.021500168 0.83750653 -0.5460043
vn 0.97481394 0.21940315 -0.040000573
vn 0.88777584 0.31849137 0.33229098
vn 0.92833114 0.20180677 -0.31221047
vn 0.008800471 0.98625284 0.16500884
vn 0.07390322 0.65542847 0.75163275
vn 0.49029842 0.65949786 0.5697982
vn 0.1264947 0.71607 0.6864713
vn 0.8237255 0.1998062 -0.53061646
vn 0.73580116 0.5073008 0.44860068
vn 0.6419929 0.60869324 0.46619484
vn 0.9837466 0.1623077 -0.07680364
vn 0.13310246 0.9909182 0.019100351
vn 0.44731176 0.8868233 -0.116003044
vn 0.15400147 -0.1461014 0.97720927
vn 0.8926379 0.10010426 -0.4395187
vn 0.70948696 0.14429735 -0.6897874
vn 0.4559934 0.17609747 -0.8723874
vn 0.15689532 0.1909943 -0.96897113
vn 0.70270085 -0.09730012 0.70480084
vn 0.8879962 -0.054599766 0.45659804
vn 0.98653173 -0.0046001477 0.16350526
vn 0.988179 0.048598967 -0.14539692
vn 0.44958645 -0.1289961 0.88387334
vn 0.008099807 0.99887615 0.046698887
vn 0.018399619 0.99967927 0.017399639
vn 0.019799376 0.98366904 0.17889437
vn 0.8855767 0.32239154 -0.33439124
vn 0.33608174 0.6344655 -0.69606215
vn 0.1952976 0.47689417 -0.85698944
vn 0.1952976 0.47689417 -0.85698944
vn 0.9996498 0.022201106 0.014400717
vn 0 0.9687865 0.24789654
vn 0.30590063 -0.1434003 0.941202
vn 0 0.9687865 0.24789654
vn 0.4502003 -0.1341001 0.8828006
vn 0 0.9687865 0.24789654
vn 0.58368737 -0.12119737 0.8028826
vn 0 0.9687865 0.24789654
vn 0.15429679 -0.14929688 0.9766796
vn 0 0.9687865 0.24789654
vn 0.5890692 0.14059263 -0.7957583
vn 0 0.9687865 0.24789654
vn 0.45489848 0.1535995 -0.8771971
vn 0 0.9687865 0.24789654
vn 0.30930865 0.16220453 -0.93702614
vn 0 0.9687865 0.24789654
vn 0.15649608 0.16689582 -0.97347564
vn 0 0.9687865 0.24789654
vn 0.70341283 -0.10480191 0.70301276
vn 0 0.9687865 0.24789654
vn 0.80590767 -0.08570082 0.5858056
vn 0 0.9687865 0.24789654
vn 0.8886831 -0.06429877 0.45399132
vn 0 0.9687865 0.24789654
vn 0.9495621 -0.040998362 0.31088758
vn 0 0.9687865 0.24789654
vn 0.9869813 -0.016399689 0.15999696
vn 0 0.9687865 0.24789654
vn 0.9999478 0.008800421 0.0052002487
vn 0 0.9687865 0.24789654
vn 0.9881241 0.034200836 -0.14980365
vn 0 0.9687865 0.24789654
vn 0.95182616 0.05900162 -0.30090827
vn 0 0.9687865 0.24789654
vn 0.89197016 0.08259723 -0.4444851
vn 0 0.9687865 0.24789654
vn 0.8101017 0.10450022 -0.5769012
vn 0 0.9687865 0.24789654
vn 0.7083174 0.124003045 -0.694917
vn 0 0.9687865 0.24789654
vn 0 0.9687865 0.24789654
vn 0 0.9687865 0.24789654
vn 0 0.9687865 0.24789654
vn 0 0.9687865 0.24789654
vn 0 0.9687865 0.24789654
vn 0 0.9687865 0.24789654
vn 0 0.9687865 0.24789654
vn 0 0.9687865 0.24789654
vn 0 0.9687865 0.24789654
vn 0 0.9687865 0.24789654
vn 0 0.9687865 0.24789654
vn 0 0.9687865 0.24789654
vn 0 0.9687865 0.24789654
vn 0 0.9687865 0.24789654
vn 0 0.9687865 0.24789654
vn 0 0.9687865 0.24789654
vn 0 0.9687865 0.24789654
vn 0 0.9687865 0.24789654
vn 0.0039999676 0.9999919 -0.00049999595
vn 0.0044999267 0.9999838 -0.0034999433
vn 0.65072626 0.7583306 -0.03860156
vn 0.6105789 0.7869728 -0.08869693
vn 0.5459955 0.68839425 -0.477496
vn 0.3642099 0.91002476 0.19800538
vn 0.3205047 0.91341347 0.2509037
vn 0.48539248 0.86278665 0.1413978
vn 0.5796268 0.81423765 0.0324015
vn 0.6180099 0.7752125 -0.13080211
vn 0.6200272 0.7255318 -0.2986131
vn 0.5146069 0.6620089 -0.54490733
vn 0.46438825 0.6122845 -0.6398839
vn 0.21860026 0.78370094 0.5814007
vn 0.21860026 0.78370094 0.5814007
vn 0.6424099 0.75631166 -0.12370191
vn 0.38311327 0.8720302 -0.30461055
vn 0.056100354 0.88810563 -0.4562029
vn 0.32958868 0.91796845 0.22069243
vn 0.4202003 0.8910006 0.17190012
vn 0.5434988 0.8337982 0.09689979
vn 0.5990319 0.7992426 -0.048702598
vn 0.63030154 0.74670184 -0.21250053
vn 0.3116017 0.87710476 0.365502
vn 0.5932024 0.71540284 -0.36920145
vn 0.07719827 0.70918405 0.7007842
vn -0.99335474 0.060197257 -0.09809553
vn 0.99335474 0.060197257 -0.09809553
vn 0 0.2730962 -0.9619867
vn -0.37539628 0.25149754 -0.89209116
vn -0.9270301 0.110903606 -0.35821164
vn -0.9270301 0.110903606 -0.35821164
vn 0.16640234 -0.9307131 -0.3257046
vn 0.4623034 -0.77110565 -0.4378032
vn 0.82560885 -0.5510059 -0.1215013
vn 0.846106 -0.43920314 -0.30200213
vn -0.1551018 0.94541097 0.28660333
vn -0.5468966 0.7859951 0.28829822
vn -0.15280141 0.9618089 0.22710212
vn -0.5404018 0.8333028 0.116500385
vn -0.13550392 0.97402817 0.18140526
vn -0.47909606 0.8765928 -0.045299627
vn -0.09740406 0.98614115 0.1343056
vn -0.36911836 0.91154534 -0.18120901
vn -0.14119837 0.9321892 0.33329615
vn -0.49802452 0.7392364 0.45332232
vn 0.041198768 0.90007305 0.43378702
vn 0.087300144 0.639401 0.76390123
vn 0.1005978 0.90328026 0.41709092
vn 0.258798 0.648695 0.7156944
vn -0.009199859 0.90168613 0.43229336
vn -0.09089807 0.6450863 0.7586839
vn -0.06710117 0.9086158 0.41220722
vn -0.2582935 0.66518325 0.7005824
vn -0.106796294 0.9177682 0.38248673
vn -0.39859426 0.69758993 0.5953914
vn -0.05550049 0.9927087 0.10700094
vn -0.22119285 0.9347698 -0.27799103
vn 0.0038000282 0.9959073 0.09030067
vn -0.04969969 0.94399416 -0.32619798
vn 0.05420057 0.99431044 0.09170096
vn 0.12850256 0.93831867 -0.3210064
vn 0.11219612 0.98736584 0.111896135
vn 0.29599893 0.9182967 -0.26289904
vn 0.15180236 0.97821516 0.14160219
vn 0.43628317 0.8858658 -0.15779391
vn 0.20009609 0.95058143 0.23739536
vn 0.58462214 0.7974302 0.14940566
vn 0.19779372 0.93417037 0.29699057
vn 0.57809454 0.75009286 0.32119694
vn 0.18050694 0.92193544 0.34271318
vn 0.51681614 0.7068221 0.48301512
vn 0.18629788 0.9637891 0.19079784
vn 0.5357995 0.8441993 -0.015699986
vn 0.142403 0.9098192 0.38980824
vn 0.40669683 0.6718948 0.61899525
vn 0.5040922 -0.8110874 -0.2966954
vn 0.6841829 -0.41548958 -0.59938496
vn 0.9147775 -0.3407916 -0.21689469
vn 0.49761626 -0.85832804 -0.1251041
vn 0.64806825 -0.6768669 0.3490829
vn 0.90364945 -0.42147642 0.07599575
vn 0.4452135 -0.89532715 0.0132004
vn 0.80798846 -0.488993 0.3286953
vn 0.8255029 -0.5516019 -0.119500406
vn 0.21819428 -0.74448043 0.6309834
vn 0.33529073 -0.93027425 0.14889589
vn 0.6204906 -0.54859173 0.56039155
vn 0.27479276 -0.32089153 -0.9063761
vn -0.07639996 -0.67689973 -0.73209965
vn -0.11379438 -0.10299492 -0.98815125
vn -0.24770689 -0.6861191 -0.684019
vn -0.40609512 -0.11869857 -0.90608907
vn -0.6718821 -0.3717901 -0.640583
vn 0.24310184 -0.70180523 -0.669605
vn 0.44992545 -0.14600825 -0.8810498
vn 0.6830007 -0.4151004 -0.6010006
vn 0.07589948 -0.6817953 -0.727595
vn 0.16450149 -0.111901015 -0.9800089
vn -0.24129431 -0.3043928 -0.9214783
vn 0.4623034 -0.77110565 -0.4378032
vn 0.82560885 -0.5510059 -0.1215013
vn 0.8385039 -0.26770124 -0.4746022
vn 0.27660424 -0.3212049 -0.90571386
vn 0.36300159 -0.72950315 -0.5797025
vn 0.6689819 -0.19669469 -0.7167806
vn 0.2088029 -0.9501131 0.2317032
vn 0.3894004 -0.5848006 0.7116007
vn 0.64685625 -0.6772542 0.3505763
vn 0.037600785 -0.95932007 0.27980584
vn 0.097094744 -0.6005675 0.793657
vn -0.2997152 -0.7281369 0.61643124
vn 0.21639456 -0.7445813 0.63148415
vn -0.11469905 -0.95449215 0.27529773
vn -0.18120079 -0.59160256 0.7856034
vn -0.28198916 -0.934464 0.21739163
vn -0.4667179 -0.5574214 0.6866264
vn -0.70799893 -0.63399905 0.31109953
vn -0.5430043 -0.8252065 -0.15550122
vn -0.70912296 -0.6335205 0.30951002
vn -0.9316298 -0.3627116 0.022500722
vn -0.5364945 -0.777892 -0.32719663
vn -0.6731098 -0.37210542 -0.6391094
vn -0.9204934 -0.28199798 -0.27049807
vn -0.4841824 -0.74087304 -0.46548307
vn -0.82478213 -0.21449535 -0.52318865
vn -0.85057336 -0.49748442 -0.17039464
vn -0.24320935 -0.3045117 -0.92093533
vn -0.37428167 -0.7059654 -0.60127056
vn -0.6371864 -0.15489669 -0.7549839
vn -0.3015984 -0.7278961 0.61579674
vn -0.40189186 -0.9067816 0.12739742
vn -0.6856884 -0.5068914 0.5223912
vn -0.5012799 -0.86516535 -0.014399423
vn -0.85063547 -0.49802077 -0.16850704
vn -0.85533607 -0.43581834 0.2801118
vn 0.7071034 0.7071034 -0.003100015
vn 0.7257327 0.37231675 -0.578526
vn 0.9813471 0.15050723 -0.119605735
vn 0.67565596 0.009799361 0.737152
vn 0.69128627 0.5920883 0.4141918
vn 0.9673378 0.049001914 0.24870971
vn 0.68757254 0.58947647 0.42398307
vn 0.8858583 -0.0084996 0.46387815
vn 0.9740652 0.22049212 -0.05079818
vn 0.1316961 -0.047098607 0.9901707
vn 0.42039493 0.5045939 0.75409096
vn 0.6499725 -0.08339647 0.75536805
vn 0.036799457 0.86198723 -0.5055925
vn 0.4709084 0.4312077 -0.7696137
vn -0.07930047 0.39580235 -0.9149054
vn -0.37949312 0.8395848 -0.38869298
vn -0.44691065 0.37600893 -0.8117193
vn -0.84208745 0.36079463 -0.40089405
vn 0.45418775 0.81297815 -0.3643902
vn 0.5165826 0.34518835 -0.7835735
vn 0.885297 0.305499 -0.35059884
vn 0.04760123 0.8616222 -0.50531304
vn 0.15759993 0.38819984 -0.9079996
vn -0.39680055 0.45900062 -0.7949011
vn 0.70419043 0.70989037 -0.013099822
vn 0.91639125 0.21269797 -0.33909675
vn 0.9635855 0.14449783 0.22499661
vn 0.2020033 0.46340755 -0.86281407
vn 0.46262687 0.81104714 -0.3580208
vn 0.70318455 0.30199337 -0.6436859
vn 0.41141888 0.5032231 0.7599349
vn 0.4531802 -0.114295 0.88406134
vn 0.8522935 0.0658995 0.51889604
vn 0.085598096 -0.13399702 0.987278
vn -0.004899836 0.48088387 0.8767706
vn -0.4607182 -0.0045001777 0.88753504
vn 0.40690055 -0.032300044 0.9129012
vn -0.01569959 0.48118743 0.8764771
vn -0.15139373 -0.12639475 0.9803594
vn -0.42219853 0.52989817 0.7354974
vn -0.51031876 -0.08340307 0.85593146
vn -0.875149 0.12120679 0.46842623
vn -0.67509085 0.63579136 0.3741949
vn -0.7154958 0.054399684 0.69649595
vn -0.98984677 0.08380397 0.11480542
vn -0.6592213 0.7507242 -0.04290138
vn -0.6655342 0.41682142 -0.6191318
vn -0.9807405 0.14990619 -0.12520517
vn -0.65552676 0.75333077 -0.052702155
vn -0.87961036 0.2702032 -0.39150462
vn -0.96386087 0.20619163 0.16869314
vn -0.121501125 0.47380438 -0.87220806
vn -0.38849083 0.8381802 -0.38279098
vn -0.64375806 0.3451775 -0.6829555
vn -0.19190529 -0.03670101 0.980727
vn -0.43072143 0.53182644 0.7291363
vn -0.69691753 -0.040301014 0.716018
vn -0.67213684 0.6329347 0.38422105
vn -0.91009307 0.048999626 0.41149688
vn -0.9533624 0.28218886 -0.10709578
vn 0.35448858 0.9117707 0.20739332
vn 0.7071034 0.7071034 -0.003100015
vn 0.7257327 0.37231675 -0.578526
vn 0.9507688 0.17169437 -0.25799152
vn 0.35040104 0.8825026 0.3137009
vn 0.67565596 0.009799361 0.737152
vn 0.69128627 0.5920883 0.4141918
vn 0.92661303 -0.0029000407 0.37600526
vn 0.31619385 0.8582833 0.40419212
vn 0.68757254 0.58947647 0.42398307
vn 0.94267994 0.008399821 0.3335929
vn 0.9740652 0.22049212 -0.05079818
vn 0.1316961 -0.047098607 0.9901707
vn 0.24799903 0.83669674 0.4882981
vn 0.42039493 0.5045939 0.75409096
vn 0.5368982 -0.120499596 0.8349972
vn 0.32720208 0.93790597 0.115200736
vn 0.70419043 0.70989037 -0.013099822
vn 0.9635498 0.15949169 -0.21478881
vn 0.9635855 0.14449783 0.22499661
vn 0.036799457 0.86198723 -0.5055925
vn 0.06239816 0.37708887 -0.9240728
vn 0.4709084 0.4312077 -0.7696137
vn -0.016099824 0.997389 -0.070399225
vn -0.122196935 0.99167514 -0.040598985
vn -0.37949312 0.8395848 -0.38869298
vn -0.5701923 0.34319535 -0.74638987
vn -0.84208745 0.36079463 -0.40089405
vn 0.015700396 0.37860954 -0.9254233
vn 0.04760123 0.8616222 -0.50531304
vn 0.08350158 0.9942188 -0.067501284
vn -0.39680055 0.45900062 -0.7949011
vn 0.18720245 0.98181295 -0.031600416
vn 0.45418775 0.81297815 -0.3643902
vn 0.6332997 0.30469984 -0.7113996
vn 0.885297 0.305499 -0.35059884
vn 0.2020033 0.46340755 -0.86281407
vn 0.26550695 0.96372515 0.02720071
vn 0.46262687 0.81104714 -0.3580208
vn 0.5966003 0.31320015 -0.73890036
vn 0.1652997 0.8236985 0.54239905
vn 0.41141888 0.5032231 0.7599349
vn 0.5757087 -0.11440173 0.8096122
vn 0.8522935 0.0658995 0.51889604
vn 0.05919877 0.81798303 0.57218814
vn -0.004899836 0.48088387 0.8767706
vn -0.05699907 -0.14839756 0.9872838
vn -0.4607182 -0.0045001777 0.88753504
vn 0.40690055 -0.032300044 0.9129012
vn -0.010299621 -0.14979449 0.98866355
vn -0.01569959 0.48118743 0.8764771
vn -0.040401213 0.82112473 0.56931716
vn -0.1440998 0.83349895 0.5333993
vn -0.42219853 0.52989817 0.7354974
vn -0.6280016 -0.07590019 0.7745019
vn -0.875149 0.12120679 0.46842623
vn -0.19190529 -0.03670101 0.980727
vn -0.2225029 0.85161114 0.4746062
vn -0.43072143 0.53182644 0.7291363
vn -0.59119844 -0.084399775 0.8020979
vn -0.3113169 0.9035491 0.29441598
vn -0.67509085 0.63579136 0.3741949
vn -0.7154958 0.054399684 0.69649595
vn -0.94529504 0.056999702 0.3211983
vn -0.30728775 0.9328629 0.18799251
vn -0.6592213 0.7507242 -0.04290138
vn -0.6655342 0.41682142 -0.6191318
vn -0.92119396 0.23169848 -0.31259793
vn -0.27301314 0.95704603 0.09760469
vn -0.65552676 0.75333077 -0.052702155
vn -0.93725437 0.22031277 -0.2702157
vn -0.96386087 0.20619163 0.16869314
vn -0.28400764 0.8774236 0.3866104
vn -0.67213684 0.6329347 0.38422105
vn -0.9533624 0.28218886 -0.10709578
vn -0.95807993 0.06929855 0.27799416
vn -0.121501125 0.47380438 -0.87220806
vn -0.20489824 0.9786916 0.013399885
vn -0.38849083 0.8381802 -0.38279098
vn -0.531381 0.3492875 -0.7717724
vn 0.022899793 0.9635913 0.2663976
vn 0.012500591 0.9634455 0.26761264
vn -0.59806585 0.7492572 0.28448376
vn 0.012600041 0.96430314 0.26450086
vn -0.5909264 0.8008358 0.097304344
vn 0.013700083 0.9651058 0.26150158
vn -0.5242144 0.8479232 -0.07890216
vn 0.015799208 0.96575165 0.25898704
vn -0.4044798 0.88595575 -0.22688866
vn 0.013399982 0.96259874 0.27059963
vn -0.5448944 0.69829285 0.46419522
vn 0.024099287 0.96077156 0.27629185
vn 0.092498615 0.58959115 0.80238795
vn 0.02730035 0.96091235 0.27550352
vn 0.279208 0.59971714 0.7499215
vn 0.020899456 0.96087503 0.2761928
vn -0.101501495 0.59590876 0.7966117
vn 0.01780038 0.9612205 0.27520588
vn -0.28380078 0.6176017 0.73350203
vn 0.015200129 0.96180815 0.27330232
vn -0.43658563 0.65297854 0.6188796
vn 0.018499663 0.96618235 0.25719532
vn -0.24329765 0.9112912 -0.33219677
vn 0.021601167 0.9663522 0.25631383
vn -0.056600247 0.921304 -0.38470167
vn 0.024901204 0.9662467 0.2564124
vn 0.13740498 0.91513306 -0.37901372
vn 0.02799926 0.96587443 0.25749317
vn 0.31980214 0.893306 -0.31580213
vn 0.030499656 0.9652891 0.25939706
vn 0.4725914 0.8579843 -0.20129633
vn 0.03329826 0.9636497 0.26508617
vn 0.63409626 0.76169544 0.13319921
vn 0.033099823 0.96279484 0.26819858
vn 0.626967 0.7101627 0.32028317
vn 0.031999722 0.96199167 0.27119765
vn 0.5602265 0.6630314 0.4965235
vn 0.032400746 0.9645222 0.262006
vn 0.5808744 0.81266415 -0.04649795
vn 0.029998476 0.96135116 0.2736861
vn 0.44040936 0.6250133 0.6445137
vn 0.19009662 0.9280835 0.3201943
vn 0.9389076 -0.07130058 0.33670273
vn -0.1787977 0.96528757 0.19039755
vn -0.51779467 0.85489124 0.03239967
vn 0.013000445 0.96473306 0.262909
vn -0.56629014 0.8241856 0.005799899
vn 0.016000327 0.90071833 0.43410885
vn -0.035600543 -0.22410342 0.9739149
vn -0.035600543 -0.22410342 0.9739149
vn 0.030200012 0.99810034 0.05370002
vn 0.039699 0.94237614 -0.3321916
vn 0.023300966 0.9663401 0.25621063
vn 0.040698048 0.91945595 -0.39108124
vn 0.122093335 0.9064505 0.40427792
vn 0.55810326 -0.19220112 0.8072047
vn -0.09710408 0.99124163 0.089503765
vn -0.29999477 0.92408377 -0.23679586
vn 0.016999925 0.96599567 0.25799882
vn -0.32908836 0.8995682 -0.28718984
vn -0.0876005 0.91310525 0.39820227
vn -0.6152926 -0.15459813 0.7729907
vn 0.15450446 0.9832285 0.09690281
vn 0.37140352 0.9027086 -0.21720205
vn 0.02940049 0.9656161 0.25830433
vn 0.40179044 0.87627906 -0.26589364
vn -0.14909628 0.9388765 0.3102922
vn -0.9596204 -0.010400222 0.281106
vn 0.22830898 0.95233744 0.20230794
vn 0.56848806 0.8201828 0.06419865
vn 0.032999836 0.9640952 0.2634987
vn 0.61628515 0.786481 0.040499024
vn -0.1450941 0.9681607 0.20399171
vn -0.9369992 0.15349987 -0.31379974
vn 0.22349529 0.91718066 0.32989302
vn 0.5555171 0.7264224 0.40461245
vn 0.03269877 0.9623639 0.26978987
vn 0.6022257 0.6843293 0.41111758
vn -0.07699965 0.9897955 0.11989946
vn -0.5560895 0.27449486 -0.7844852
vn 0.14180474 0.89122975 0.4308144
vn 0.3375955 0.6571912 0.673891
vn 0.028700044 0.9611015 0.2747004
vn 0.36499587 0.6088931 0.704292
vn 0.029100217 0.9955074 0.09010067
vn 0.03759972 0.30629775 -0.951193
vn 0.03759972 0.30629775 -0.951193
vn 0.014499353 0.88436055 0.4665792
vn -0.0021999774 0.6388934 0.7692921
vn 0.02249893 0.9607543 0.27648684
vn -0.0048997835 0.58907396 0.8080642
vn 0.13260369 0.98312736 0.1260035
vn 0.61713576 0.23691374 -0.7503435
vn -0.10980171 0.899214 0.4235066
vn -0.33370632 0.6786129 0.6543124
vn 0.016399618 0.96147764 0.27439362
vn -0.36589298 0.63228786 0.6828869
vn 0.19419208 0.957361 0.21389128
vn 0.9615815 0.09269822 -0.25839505
vn -0.18360743 0.9301377 0.31801286
vn -0.53079957 0.76109934 0.3727997
vn 0.01279999 0.9629993 0.26919982
vn -0.580387 0.7220838 0.37649158
vn 0.13420025 0.9281016 0.3473006
vn 0.54071254 0.59821385 0.5914137
vn 0.384905 -0.919912 0.07490098
vn 0.71268666 -0.5500897 0.43529186
vn 0.54071254 0.59821385 0.5914137
vn 0.7809952 -0.0323998 0.62369615
vn -0.13070682 0.9805511 0.14640763
vn -0.43088412 0.894567 -0.118695624
vn 0.014599596 0.9654733 0.26009282
vn -0.47161338 0.8674246 -0.1586045
vn 0.1642941 0.9493659 0.2677904
vn 0.68207425 0.6979736 0.21819176
vn 0.4941034 -0.8428058 -0.21340147
vn 0.9075139 -0.4125063 -0.07910121
vn 0.68207425 0.6979736 0.21819176
vn 0.9908419 0.115704894 0.069602944
vn -0.17189631 0.9513796 0.25559452
vn -0.5523232 0.808834 0.2018085
vn 0.01239992 0.96389383 0.2659983
vn -0.60379416 0.77409256 0.19029817
vn 0.14030644 0.97234464 0.18670857
vn 0.56938154 0.8058739 -0.16239475
vn 0.40699074 -0.75948274 -0.5074884
vn 0.7522114 -0.263804 -0.6038091
vn 0.56938154 0.8058739 -0.16239475
vn 0.82352155 0.27600724 -0.49561298
vn -0.13900217 0.9198144 0.36690575
vn -0.45551223 0.7162192 0.5287142
vn 0.014199899 0.96219313 0.27199808
vn -0.49841616 0.6732218 0.5462177
vn 0.07139786 0.98827046 0.13499597
vn 0.24569681 0.88068855 -0.40499473
vn 0.15700646 -0.70172876 -0.6949285
vn 0.30611095 -0.16070573 -0.9383335
vn 0.24569681 0.88068855 -0.40499473
vn 0.34298968 0.3870884 -0.8558743
vn -0.04439902 0.8979802 0.43779033
vn -0.17759025 0.65196425 0.7371596
vn 0.019299863 0.9609932 0.27589804
vn -0.19589694 0.60329056 0.7730879
vn -0.016199209 0.99105155 0.13249351
vn -0.16519517 0.8937739 -0.4169878
vn -0.16050252 -0.69161093 -0.7042111
vn -0.26040673 -0.14250368 -0.95492464
vn -0.16519517 0.8937739 -0.4169878
vn -0.26719052 0.40658554 -0.87366897
vn 0.07580356 0.89414203 0.44132075
vn 0.17539844 0.64069426 0.7474933
vn 0.02579957 0.96078396 0.2760954
vn 0.18839446 0.5909826 0.7843769
vn -0.08890358 0.9796395 0.18000726
vn -0.5064907 0.84018457 -0.19379644
vn -0.42419028 -0.73298323 -0.5317878
vn -0.7309947 -0.21629842 -0.6471953
vn -0.5064907 0.84018457 -0.19379644
vn -0.77398014 0.32709163 -0.54218614
vn 0.17550111 0.9098057 0.37610236
vn 0.46858677 0.6866806 0.55578434
vn 0.031101586 0.96164906 0.27251393
vn 0.5075303 0.6411382 0.57563436
vn -0.11899812 0.9583848 0.25949588
vn -0.64779305 0.7403921 0.17939807
vn -0.53338134 -0.8100717 -0.24349149
vn -0.92581844 -0.35390702 -0.13270263
vn -0.64779305 0.7403921 0.17939807
vn -0.9909549 0.1341939 -0.0006999681
vn 0.21689977 0.938999 0.2668997
vn 0.58999383 0.77239203 0.23519756
vn 0.03340002 0.9632007 0.26670018
vn 0.6397153 0.73441756 0.22670542
vn -0.09499969 0.93539697 0.3405989
vn -0.53513306 0.63253915 0.5599346
vn -0.44632062 -0.89344126 0.050602335
vn -0.7705227 -0.50261486 0.39201155
vn -0.53513306 0.63253915 0.5599346
vn -0.8165185 0.018800426 0.5770131
vn 0.18390913 0.97054815 0.15560772
vn 0.4931112 0.8651197 -0.09170209
vn 0.0316009 0.96492755 0.26060745
vn 0.53439254 0.8352884 -0.1292982
vn -0.026099207 0.91947204 0.3922881
vn -0.21160312 0.5577082 0.8026118
vn -0.19629934 -0.95119685 0.23809922
vn -0.3243015 -0.6057029 0.7266034
vn -0.21160312 0.5577082 0.8026118
vn -0.33600897 -0.092302464 0.93732506
vn 0.08929972 0.9923969 0.08469974
vn 0.21520329 0.92931414 -0.30010456
vn 0.026500031 0.9661011 0.2568003
vn 0.23169304 0.90527284 -0.3560893
vn 0.06149794 0.9166693 0.39488676
vn 0.19940771 0.54462105 0.8146315
vn 0.12120037 -0.96130294 0.24740075
vn 0.24220473 -0.62391216 0.74301445
vn 0.19940771 0.54462105 0.8146315
vn 0.2742105 -0.1119043 0.95513666
vn -0.030900577 0.9962186 0.081201516
vn -0.1377955 0.9405693 -0.31038988
vn 0.020000206 0.96631 0.25660264
vn -0.15259983 0.91749895 -0.36729956
vn 0.11350457 -0.9589386 -0.25991046
vn 0.4941034 -0.8428058 -0.21340147
vn 0.16910383 -0.9637218 -0.20650467
vn 0.49761626 -0.85832804 -0.1251041
vn 0.64806825 -0.6768669 0.3490829
vn 0.7846221 -0.5810163 0.21630608
vn 0.08459773 -0.9793737 -0.18349509
vn 0.384905 -0.919912 0.07490098
vn 0.098602675 -0.9892268 -0.108202934
vn 0.21819428 -0.74448043 0.6309834
vn 0.33529073 -0.93027425 0.14889589
vn 0.41938657 -0.67897826 0.60258067
vn 0.20240313 -0.9248143 -0.322105
vn 0.86564183 -0.35201702 -0.3560172
vn 0.172903 -0.9368162 -0.30410525
vn 0.5040922 -0.8110874 -0.2966954
vn 0.6841829 -0.41548958 -0.59938496
vn 0.8091911 -0.40369555 -0.42689532
vn 0.19709459 -0.96317357 -0.18289497
vn 0.84497464 -0.5013849 0.18609442
vn 0.16119534 -0.9693719 -0.18529463
vn 0.4452135 -0.89532715 0.0132004
vn 0.8255029 -0.5516019 -0.119500406
vn 0.83107966 -0.5481866 0.093797706
vn -0.05999768 -0.91886455 -0.38998494
vn -0.16050252 -0.69161093 -0.7042111
vn -0.12420219 -0.8959158 -0.4265075
vn -0.24770689 -0.6861191 -0.684019
vn -0.55357766 -0.27158904 -0.78726816
vn -0.6718821 -0.3717901 -0.640583
vn 0.023901077 -0.15740709 -0.9872445
vn 0.023901077 -0.15740709 -0.9872445
vn -0.013700065 -0.87490416 -0.4841023
vn 0.088296935 -0.23709178 -0.9674664
vn 0.27479276 -0.32089153 -0.9063761
vn -0.02680118 -0.89063925 -0.45392
vn -0.07639996 -0.67689973 -0.73209965
vn 0.02420116 -0.9215442 -0.38751855
vn 0.15700646 -0.70172876 -0.6949285
vn 0.07589948 -0.6817953 -0.727595
vn -0.0035000064 -0.8914016 -0.45320082
vn -0.04660034 -0.23280172 -0.9714071
vn -0.24129431 -0.3043928 -0.9214783
vn 0.12190151 -0.891111 -0.43710542
vn 0.5519012 -0.22060049 -0.8042018
vn 0.09149998 -0.90289974 -0.4199999
vn 0.24310184 -0.70180523 -0.669605
vn 0.580012 -0.3078064 -0.75421566
vn 0.6830007 -0.4151004 -0.6010006
vn 0.09039718 -0.93687075 -0.33778945
vn 0.40699074 -0.75948274 -0.5074884
vn 0.11000048 -0.907004 -0.4065018
vn 0.27660424 -0.3212049 -0.90571386
vn 0.36300159 -0.72950315 -0.5797025
vn 0.47380763 -0.28330457 -0.8338134
vn 0.108096875 -0.9914714 -0.0727979
vn 0.49809644 -0.61159563 0.6146956
vn 0.079297304 -0.99226624 -0.09549676
vn 0.2088029 -0.9501131 0.2317032
vn 0.5314015 -0.66140187 0.52930146
vn 0.64685625 -0.6772542 0.3505763
vn 0.014699489 -0.99036556 -0.13769521
vn 0.12120037 -0.96130294 0.24740075
vn 0.037600785 -0.95932007 0.27980584
vn -0.018100135 -0.99750745 -0.068200506
vn -0.11049895 -0.6958934 0.7095932
vn -0.2997152 -0.7281369 0.61643124
vn -0.030798582 -0.99895406 -0.033798445
vn -0.04279938 -0.6405907 0.7666889
vn -0.04279938 -0.6405907 0.7666889
vn 0.024400515 -0.70021486 0.7135151
vn 0.21639456 -0.7445813 0.63148415
vn -0.04139909 -0.99677813 -0.068698496
vn -0.11469905 -0.95449215 0.27529773
vn -0.069498695 -0.9876815 -0.14019738
vn -0.19629934 -0.95119685 0.23809922
vn -0.13639988 -0.9853992 -0.101899914
vn -0.28198916 -0.934464 0.21739163
vn -0.6023776 -0.6251767 0.49628156
vn -0.70799893 -0.63399905 0.31109953
vn -0.16640693 -0.9827409 -0.08080336
vn -0.5709941 -0.57739407 0.5835939
vn -0.15489322 -0.98115706 -0.11549495
vn -0.3015984 -0.7278961 0.61579674
vn -0.40189186 -0.9067816 0.12739742
vn -0.49609604 -0.6497948 0.5758954
vn -0.1587954 -0.95027244 -0.26789224
vn -0.53338134 -0.8100717 -0.24349149
vn -0.21390742 -0.92453206 -0.31541094
vn -0.5364945 -0.777892 -0.32719663
vn -0.6731098 -0.37210542 -0.6391094
vn -0.8069641 -0.35208437 -0.47417894
vn -0.24169777 -0.9106917 -0.33499694
vn -0.86412513 -0.29670864 -0.40651184
vn -0.20610307 -0.9188137 -0.336605
vn -0.4841824 -0.74087304 -0.46548307
vn -0.85057336 -0.49748442 -0.17039464
vn -0.85340637 -0.38480285 -0.3516026
vn -0.24700163 -0.94900626 -0.19590129
vn -0.8847131 -0.44600663 0.13550201
vn -0.21779613 -0.95138305 -0.21779613
vn -0.5430043 -0.8252065 -0.15550122
vn -0.70912296 -0.6335205 0.30951002
vn -0.8314086 -0.5293055 0.16910176
vn -0.1299036 -0.9298258 -0.34430957
vn -0.42419028 -0.73298323 -0.5317878
vn -0.1434983 -0.8989894 -0.4137951
vn -0.24320935 -0.3045117 -0.92093533
vn -0.37428167 -0.7059654 -0.60127056
vn -0.44152242 -0.2540129 -0.86054367
vn -0.13579556 -0.97236824 -0.1898938
vn -0.44632062 -0.89344126 0.050602335
vn -0.21130545 -0.9575247 -0.19620506
vn -0.5012799 -0.86516535 -0.014399423
vn -0.85063547 -0.49802077 -0.16850704
vn -0.8683998 -0.49389988 0.04409999
vn -0.15259768 -0.8823865 -0.4450932
vn -0.5170921 -0.18639715 -0.83538723
vn 0.13210666 -0.9637485 -0.23181169
vn 0.49578014 -0.85196584 -0.16839325
vn 0.08300091 -0.98521084 -0.14990166
vn 0.35938853 -0.9263704 0.1125964
vn 0.19809394 -0.9292715 -0.31179044
vn 0.8358979 -0.37829906 -0.39769903
vn 0.18709335 -0.9662657 -0.17699371
vn 0.8402264 -0.5254165 0.1340042
vn -0.09189496 -0.91195 -0.39987805
vn -0.20529765 -0.68999213 -0.6940921
vn 0.062102944 -0.19940944 -0.97794634
vn -0.023499995 -0.87809986 -0.47789994
vn 0.0049999566 -0.91049206 -0.4134964
vn 0.11529589 -0.69267535 -0.7119746
vn 0.11030293 -0.8923238 -0.43771166
vn 0.5707832 -0.26729214 -0.77637714
vn 0.09139533 -0.9246528 -0.36968115
vn 0.38437092 -0.7452436 -0.54485875
vn 0.09650006 -0.9926007 -0.07370005
vn 0.51981413 -0.63781726 0.56831545
vn 0.0782043 -0.9614528 0.26361448
vn -0.0064997785 -0.9937661 -0.11129621
vn -0.0033000195 -0.672704 0.73990434
vn -0.03989817 -0.99835414 -0.04119811
vn -0.10219666 -0.9861678 -0.13049574
vn -0.24029078 -0.94376373 0.22709128
vn -0.16950443 -0.98122567 -0.09200241
vn -0.52901787 -0.61672086 0.5829197
vn -0.17740591 -0.9391314 -0.29420984
vn -0.5349927 -0.7946891 -0.28679606
vn -0.23199175 -0.9107676 -0.34158787
vn -0.86107105 -0.34418842 -0.37428743
vn -0.24288891 -0.9477567 -0.20679055
vn -0.85667694 -0.49128675 0.15729576
vn -0.12820794 -0.9176568 -0.3761233
vn -0.39849383 -0.7202889 -0.56779116
vn -0.16740109 -0.9653063 -0.20040129
vn -0.47449803 -0.8800963 0.016799929
vn -0.14109932 -0.88429564 -0.44509783
vn -0.5405047 -0.23170203 -0.8088071
vn 0.25119996 0.9051999 0.34279996
vn 0.688613 0.6476122 0.32620618
vn 0.15499479 0.87597054 0.45678467
vn 0.47690764 0.5542089 0.6822109
vn 0.29120407 0.91991276 0.26260364
vn 0.95707715 0.1302969 -0.25889382
vn 0.23509975 0.87929904 0.41419956
vn 0.94162303 -0.033400815 0.3350082
vn -0.11920321 0.9907267 0.06520176
vn -0.2812935 0.87177986 -0.40109074
vn 0.049901318 0.340209 -0.93902487
vn -0.050001305 0.998726 0.006800177
vn 0.026100902 0.99943453 0.021200731
vn 0.1392025 0.87761575 -0.45870823
vn 0.11630366 0.9931312 0.012800403
vn 0.6257068 0.2690029 -0.73220795
vn 0.16979057 0.9831454 0.06779624
vn 0.5129895 0.81578326 -0.26709452
vn 0.09749807 0.857483 0.50519
vn 0.56729853 -0.15549959 0.8086979
vn 0.008000487 0.8689529 0.4948301
vn 0.08939896 0.516694 0.85149
vn -0.023100557 -0.18890455 0.9817237
vn -0.06880105 0.86241317 0.50150764
vn -0.13349715 0.8867811 0.44249055
vn -0.32581687 0.5492284 0.76953983
vn -0.20039868 0.89249414 0.40409735
vn -0.6039777 -0.12159551 0.7876709
vn -0.20679536 0.9628784 0.17349611
vn -0.65524375 0.75295025 0.061004072
vn -0.19099718 0.97658557 0.09899854
vn -0.9380312 0.18520616 -0.29290974
vn -0.24709484 0.93608046 0.2503948
vn -0.9534429 0.021400962 0.30081353
vn -0.1105974 0.9920767 0.0595986
vn -0.44359344 0.8462875 -0.29499564
vn -0.21551046 0.92264473 0.31981552
vn -0.6102768 0.6394757 0.4675822
vn -0.05350204 0.9985381 0.007700294
vn -0.5636003 0.30720016 -0.76680034
vn -0.23180158 0.92410624 -0.30380204
vn 0.5573959 0.82969385 -0.030299777
vn -0.38589883 0.8999973 -0.2026994
vn -0.5006055 0.86350954 -0.061200675
vn -0.520386 0.7202806 0.45868763
vn 0.5375989 0.68649864 0.48959902
vn -0.5645014 0.81840205 0.10750027
vn -0.5712054 0.7691073 0.28670272
vn -0.4166919 0.67688686 0.6067882
vn 0.60149467 0.73159355 0.32089716
vn 0.60827047 0.7809621 0.14179312
vn -0.27039304 0.64318347 0.71638167
vn 0.453595 0.8731904 -0.17829804
vn -0.09600372 0.6222241 0.7769301
vn 0.30740553 0.9069164 -0.28810522
vn 0.42278746 0.6501807 0.63128126
vn 0.089798234 0.6162879 0.78238463
vn 0.26859248 0.6256825 0.7323795
vn 0.13270065 0.92790455 -0.3484017
vn -0.053000905 0.93381596 -0.35380605
vn 0.7237849 0.19299598 -0.6624862
vn 0.9184115 0.101801276 -0.3823048
vn 0.67323714 -0.23811314 0.7000386
vn 0.8783481 -0.17220943 0.44592443
vn -0.67010736 0.23760262 -0.70320773
vn -0.886179 0.15959622 -0.4349897
vn -0.97891015 0.05030052 -0.19800206
vn -0.99166477 -0.038698625 0.122895636
vn 0.18009469 0.28329167 -0.94197226
vn 0.51049346 0.23449698 -0.82728934
vn 0.9783283 -0.10180295 0.18030523
vn 0.98998535 -0.012699812 -0.14059792
vn 0.9755074 -0.06350049 0.2106016
vn 0.99110883 0.038700342 -0.12730113
vn 0.110798456 -0.2935959 0.9494868
vn 0.43109414 -0.27559623 0.8591883
vn -0.9775 0.1017 -0.1848
vn -0.9882104 -0.00050000526 0.15310161
vn -0.72679424 -0.19329844 0.65909475
vn -0.912088 -0.11479848 0.39359477
vn 0.6707899 -0.23809643 0.7023895
vn 0.8767857 -0.17349717 0.44849268
vn -0.11210047 0.240701 -0.964104
vn -0.43241546 0.223908 -0.8734312
vn -0.1811045 -0.28380707 0.94162345
vn -0.49419644 -0.24709822 0.83349407
vn -0.17900164 -0.23280214 0.9559088
vn -0.50980276 -0.20090109 0.8365045
vn 0.1075051 -0.2930139 0.950045
vn 0.42800435 -0.2766028 0.8604087
vn -0.6594139 0.23160487 -0.715215
vn -0.87889475 0.17129897 -0.44519734
vn 0.17990188 0.23210241 -0.95590997
vn 0.49300066 0.19410026 -0.84810114
vn -0.7243979 -0.19339944 0.6616981
vn -0.910721 -0.116302684 0.39630914
vn -0.10860575 0.24131279 -0.96435106
vn -0.4293075 0.22370389 -0.87501526
vn 0.723077 0.14169548 -0.6760785
vn 0.909429 0.06330202 -0.41101316
vn 0.49578014 -0.85196584 -0.16839325
vn 0.90760267 -0.41970125 -0.010400031
vn 0.3593014 -0.92640364 0.11260044
vn 0.6727903 -0.552892 0.4915929
vn -0.20539345 -0.68997794 -0.69407785
vn -0.3263192 -0.13440791 -0.935655
vn 0.1152052 -0.69263124 -0.71203214
vn 0.24320339 -0.14140196 -0.9596133
vn 0.3843143 -0.74522775 -0.5449203
vn 0.7163751 -0.23659176 -0.6563772
vn 0.07810285 -0.96143496 0.2637096
vn 0.17760831 -0.6170289 0.76663595
vn -0.23990835 -0.9438329 0.22720793
vn -0.38889518 -0.58769274 0.7094912
vn -0.5350081 -0.79471195 -0.2867043
vn -0.9254109 -0.32470384 -0.19540231
vn -0.39849383 -0.7202889 -0.56779116
vn -0.69049764 -0.19159934 -0.6974976
vn -0.47449717 -0.88009477 0.016899899
vn -0.8102146 -0.4760086 0.34200618
vn 0.688613 0.6476122 0.32620618
vn 0.9845235 0.08670206 0.15230364
vn 0.47690764 0.5542089 0.6822109
vn 0.72449255 -0.05489944 0.68709296
vn -0.28138557 0.8717553 -0.40107945
vn -0.35070652 0.39540735 -0.8489158
vn 0.1392025 0.87761575 -0.45870823
vn 0.259597 0.3903955 -0.8832898
vn 0.5129895 0.81578326 -0.26709452
vn 0.7720878 0.29019544 -0.5653911
vn 0.08939896 0.516694 0.85149
vn 0.1890058 -0.12150374 0.97442997
vn -0.32590622 0.5492105 0.76951474
vn -0.41739652 -0.08759927 0.90449244
vn -0.65524375 0.75295025 0.061004072
vn -0.98517805 0.14989667 -0.08339814
vn -0.44359344 0.8462875 -0.29499564
vn -0.71768963 0.33789513 -0.60889125
vn -0.6102768 0.6394757 0.4675822
vn -0.8630313 0.033801224 0.5040183
vn 0.7237849 0.19299598 -0.6624862
vn 0.9834515 0.039598044 -0.17679127
vn 0.67322105 -0.23820744 0.7000219
vn 0.96675104 -0.10310544 0.23401234
vn -0.67010736 0.23760262 -0.70320773
vn -0.98033816 0.08680338 -0.1772069
vn -0.902277 0.12079692 -0.41388944
vn -0.99166477 -0.038698625 0.122895636
vn 0.18009469 0.28329167 -0.94197226
vn 0.68933487 0.19090965 -0.6988354
vn 0.9307246 0.062101644 -0.36040953
vn 0.9783283 -0.10180295 0.18030523
vn 0.902037 -0.12180499 0.41411698
vn 0.99110883 0.038700342 -0.12730113
vn 0.110798456 -0.2935959 0.9494868
vn 0.63340056 -0.2343002 0.7375006
vn -0.93058 -0.06319864 0.36059225
vn -0.9775 0.1017 -0.1848
vn -0.72679424 -0.19329844 0.65909475
vn -0.9919277 -0.020700578 0.12510349
vn 0.47601688 -0.25900918 0.8404297
vn 0.8767857 -0.17349717 0.44849268
vn -0.11210047 0.240701 -0.964104
vn -0.63399583 0.20599864 -0.7453951
vn 0.05790234 -0.28141138 0.95783865
vn -0.49419644 -0.24709822 0.83349407
vn -0.17900164 -0.23280214 0.9559088
vn -0.68873024 -0.16440721 0.706131
vn 0.42800435 -0.2766028 0.8604087
vn -0.13150279 -0.2753058 0.95232016
vn -0.47550073 0.2581004 -0.84100133
vn -0.87889475 0.17129897 -0.44519734
vn 0.49300066 0.19410026 -0.84810114
vn -0.058597956 0.25309116 -0.96566623
vn -0.5397898 -0.22639574 0.81078476
vn -0.910721 -0.116302684 0.39630914
vn 0.13080591 0.24701115 -0.9601434
vn -0.4293075 0.22370389 -0.87501526
vn 0.53910583 0.19810215 -0.8186089
vn 0.909429 0.06330202 -0.41101316
vn -0.16229817 0.9538892 0.25249714
vn -0.5497905 0.81708586 0.173497
vn -0.12040046 0.98140377 0.14950056
vn -0.411606 0.9005132 -0.14020205
vn -0.17000227 0.9343124 0.3133042
vn -0.53749204 0.76928854 0.34539485
vn -0.16479675 0.966981 0.19439617
vn -0.5061986 0.86239755 0.005799983
vn 0.077098064 0.8985774 0.43198913
vn 0.2034922 0.64307535 0.7382717
vn 0.01680073 0.8911388 0.45341972
vn 0.027899288 0.63878375 0.76888037
vn -0.03740097 0.90152335 0.4311112
vn -0.14930521 0.6494227 0.74562603
vn -0.09970156 0.9046142 0.4144065
vn -0.3094941 0.67388713 0.6708872
vn -0.12889795 0.92188525 0.36539415
vn -0.43759695 0.7097951 0.5519962
vn -0.08780218 0.99102455 0.100802496
vn -0.27470732 0.92802477 -0.2516067
vn -0.024400143 0.99570584 0.08930052
vn -0.10889862 0.94218796 -0.31689596
vn 0.031401563 0.9971497 0.06860342
vn 0.06920073 0.94150996 -0.3298035
vn 0.08990086 0.9914095 0.09500091
vn 0.24240027 0.9261011 -0.28910032
vn 0.14710607 0.98304045 0.109504506
vn 0.3938871 0.89747053 -0.1984935
vn 0.20729852 0.93999326 0.27099806
vn 0.58739793 0.76509726 0.26379904
vn 0.20939136 0.921362 0.3274865
vn 0.54410666 0.71990883 0.43090528
vn 0.2151903 0.95405704 0.20849061
vn 0.5752978 0.8126969 0.09249965
vn 0.16569474 0.9124711 0.37408814
vn 0.4492043 0.6816065 0.5776055
vn 0.17840464 0.97012526 0.16440427
vn 0.50867414 0.8583563 -0.066896595
vn 0.13260265 0.8972179 0.42120844
vn 0.31228456 0.65406764 0.6889659
vn 0.13449687 0.9586777 0.25069416
vn 0.13319589 0.94917065 0.2851912
vn 0.121296726 0.9407747 0.31659147
vn 0.09919553 0.9337579 0.3438845
vn 0.12499702 0.96777695 0.21859479
vn -0.024900248 0.98570985 0.16660166
vn 0.009499706 0.9875695 0.15689516
vn 0.044097994 0.9864551 0.15799281
vn 0.077703446 0.98244363 0.16960752
vn 0.10500545 0.9761507 0.19000986
vn 0.070402816 0.9292372 0.3627145
vn 0.035999127 0.9273775 0.372391
vn 0.0012999664 0.928476 0.3713904
vn -0.032300264 0.9325077 0.35970294
vn -0.059599347 0.93878967 0.33929628
vn -0.08899535 0.9562501 0.27868545
vn -0.08769586 0.9657544 0.24418847
vn -0.07579801 0.97417444 0.21269442
vn -0.07949831 0.9471799 0.3106934
vn -0.053699724 0.981195 0.18539904
vn 0.012400373 0.96402895 0.265508
vn -0.60107 0.7831609 0.15929204
vn 0.014999607 0.9655747 0.25969318
vn -0.4507897 0.87387997 -0.18199582
vn 0.012699269 0.96314454 0.26868454
vn -0.5876912 0.73108906 0.34659478
vn 0.013199603 0.96487105 0.26239213
vn -0.55388916 0.83228374 -0.02259956
vn 0.026300669 0.96082443 0.27590704
vn 0.21879074 0.5935749 0.77446723
vn 0.023099223 0.9607677 0.2763907
vn 0.027600769 0.5889165 0.8077225
vn 0.01980102 0.96094954 0.27601424
vn -0.16490479 0.6005174 0.7824227
vn 0.0168997 0.9613829 0.2746951
vn -0.33949304 0.62718713 0.7009856
vn 0.014499253 0.9620505 0.27248597
vn -0.47933394 0.6664472 0.5710404
vn 0.017499434 0.96606874 0.25769168
vn -0.30170175 0.90390533 -0.30320176
vn 0.020500531 0.966325 0.25650665
vn -0.12139389 0.91925377 -0.37448117
vn 0.0238001 0.966304 0.25630105
vn 0.0726028 0.9185354 -0.38861498
vn 0.027000893 0.9660319 0.2570085
vn 0.26171494 0.9017515 -0.34401965
vn 0.029799942 0.96549815 0.2586995
vn 0.42607927 0.8706577 -0.24578805
vn 0.0332989 0.9630681 0.26719114
vn 0.63708204 0.72647953 0.25759277
vn 0.03250086 0.96222544 0.27030715
vn 0.589704 0.6771046 0.44020295
vn 0.03310174 0.9639507 0.2640139
vn 0.62368494 0.7784812 0.0705983
vn 0.03080146 0.9615455 0.27291292
vn 0.486694 0.63559216 0.5992927
vn 0.031899523 0.96478564 0.2610961
vn 0.5511787 0.828068 -0.10249604
vn 0.028300751 0.96102554 0.2750073
vn 0.33760175 0.60560316 0.72060376
vn 0.7255239 0.14040464 -0.6737222
vn 0.91089034 0.06309933 -0.40779567
vn -0.6745329 0.18520904 -0.7146349
vn -0.8796735 0.12039637 -0.4600861
vn 0.18320037 0.23120046 -0.9555019
vn 0.49581876 0.19420734 -0.84643203
vn 0.97762674 -0.102102794 0.18390504
vn 0.9904122 -0.014300176 -0.13740169
vn -0.9795889 0.048799448 -0.19499779
vn -0.9912247 -0.039000973 0.12630317
vn -0.18449052 -0.2841854 0.9408517
vn -0.4971716 -0.24598595 0.83205247
vn -0.6720041 0.18640113 -0.71670437
vn -0.87800765 0.12060105 -0.46320403
vn 0.7255341 0.1403066 -0.6737317
vn 0.98268104 0.012299762 -0.18489642
vn -0.6745329 0.18520904 -0.7146349
vn -0.9801877 0.06529918 -0.18699767
vn 0.18320037 0.23120046 -0.9555019
vn 0.68826973 0.1635928 -0.7067689
vn 0.90158623 -0.14909773 0.4060938
vn 0.9904122 -0.014300176 -0.13740169
vn -0.9314306 -0.09040297 0.35251155
vn -0.97958416 0.048899207 -0.19499683
vn -0.18449575 -0.28409347 0.9408784
vn -0.6889448 -0.19191249 0.69894546
vn -0.47668138 0.23069099 -0.84826684
vn -0.87801826 0.120502494 -0.4632096
vn 0.19379407 -0.9616706 -0.19399406
vn 0.8128907 -0.54469377 0.20619765
vn 0.29101157 0.9189365 0.2662106
vn 0.93365896 -0.03910247 0.35602248
vn -0.16599786 0.96618754 0.19729747
vn -0.52660954 0.84801537 0.05960108
vn 0.012900006 0.96460044 0.2634001
vn -0.57587606 0.816766 0.035498526
vn 0.9381652 -0.13089514 0.3204881
vn 0.016199792 0.9643876 0.2639966
vn 0.9388922 -0.1083991 0.3266973
vn -0.54087794 0.84086573 0.019899188
vn -0.02130103 -0.99894834 -0.04060197
vn -0.08270302 -0.6701244 0.7376269
vn 0.09409734 0.8572758 0.5061857
vn -0.046300016 -0.18840007 0.98100036
vn 0.010299649 0.94336784 -0.33158872
vn 0.028099325 0.997276 0.06819836
vn 0.008200066 0.92060745 -0.39040315
vn 0.022701256 0.9663535 0.25621417
vn -0.037098773 -0.28379065 0.9581683
vn -0.037098773 -0.28379065 0.9581683
vn 0.023099259 0.96546906 0.25949168
vn -0.036498845 -0.26129174 0.96456957
vn -0.036498845 -0.26129174 0.96456957
vn 0.04020032 0.93200743 -0.36020288
vn 0.111905076 -0.99014497 -0.084203824
vn 0.4538226 -0.6481323 0.6115305
vn 0.23291133 0.8786428 0.4168203
vn 0.5480896 -0.158397 0.8212845
vn -0.09039872 0.9905859 0.10279854
vn -0.32400376 0.9203107 -0.21920255
vn 0.016600356 0.9659207 0.25830552
vn -0.35481852 0.8955468 -0.26851404
vn 0.55710846 -0.2519038 0.79131204
vn 0.018900635 0.96523243 0.26070875
vn 0.5577059 -0.22940241 0.7977084
vn -0.3137994 0.91299826 -0.26069948
vn -0.15489936 -0.9845959 -0.08109967
vn -0.5915847 -0.60228443 0.5359861
vn -0.07220228 0.86282724 0.5003158
vn -0.62221724 -0.11720325 0.77402145
vn 0.14429368 0.98365694 0.10769529
vn 0.3471863 0.90826416 -0.2334908
vn 0.028900353 0.9657118 0.25800315
vn 0.3755114 0.88232684 -0.2837086
vn -0.61718124 -0.2142935 0.757077
vn 0.02729947 0.9649812 0.26089492
vn -0.6167972 -0.19179913 0.76339656
vn 0.3858982 0.89069587 -0.24029888
vn -0.237393 -0.9527719 -0.18939443
vn -0.8784733 -0.4703857 0.083797455
vn -0.2025048 0.8933212 0.4012095
vn -0.95977974 0.027599417 0.2793941
vn 0.21399452 0.9549755 0.20549475
vn 0.5589668 0.82835084 0.03729779
vn 0.032801207 0.9642355 0.2630097
vn 0.60616654 0.79525614 0.011399371
vn -0.9617294 -0.07000214 0.2649081
vn 0.029701592 0.96395177 0.2644142
vn -0.9613801 -0.04749902 0.2710944
vn 0.59123576 0.80474865 0.053103212
vn -0.23840946 -0.91523635 -0.32481292
vn -0.8337465 -0.32491812 -0.44642487
vn -0.2471016 0.93700606 0.24690162
vn -0.93008894 0.19079772 -0.31389624
vn 0.21079262 0.9220677 0.32458863
vn 0.5643922 0.73418987 0.3773948
vn 0.032900706 0.9625206 0.26920575
vn 0.6120098 0.69291115 0.38120613
vn -0.9391117 0.09400117 -0.33050412
vn 0.029599117 0.96277136 0.268692
vn -0.9387358 0.11660444 -0.32431233
vn 0.57777566 0.7069703 0.40788284
vn -0.15640603 -0.88673425 -0.4350168
vn -0.47448292 -0.22139202 -0.8519693
vn -0.18870214 0.9773111 0.096201085
vn -0.54447097 0.31008348 -0.77935845
vn 0.13530189 0.8976125 0.41950583
vn 0.36160186 0.6619034 0.65660334
vn 0.02919922 0.9611743 0.27439266
vn 0.39068022 0.6139689 0.6858652
vn -0.5579216 0.21510832 -0.801531
vn 0.026800618 0.96192217 0.2720063
vn -0.557522 0.23760936 -0.7954314
vn 0.35058928 0.6347806 0.6885789
vn -0.0046998546 -0.8785729 -0.47758526
vn -0.017399818 -0.19679792 -0.9802897
vn 0.026799748 0.34069678 -0.9397912
vn 0.11290433 0.99353814 0.011600445
vn 0.013400097 0.8913065 0.45320332
vn -0.032100495 0.6407098 0.7671118
vn 0.021899857 0.9607937 0.27639818
vn -0.037300263 0.5910042 0.8058057
vn 0.036201373 0.24700934 -0.96833664
vn 0.036201373 0.24700934 -0.96833664
vn 0.02259982 0.96169233 0.27319783
vn 0.036798906 0.26959196 -0.96227133
vn 0.036798906 0.26959196 -0.96227133
vn -0.0034999854 0.61579746 0.7878967
vn 0.1248977 -0.8956835 -0.42679217
vn 0.5082005 -0.25280026 -0.82330084
vn 0.24460015 0.9635006 0.10880007
vn 0.6074814 0.27319163 -0.74587715
vn -0.10220061 0.9052054 0.41250247
vn -0.35610175 0.6847034 0.6359032
vn 0.015999949 0.9615969 0.2739991
vn -0.39041772 0.638929 0.6628301
vn 0.61621296 0.17750373 -0.76731616
vn 0.018499572 0.96217775 0.27179372
vn 0.61678153 0.20009401 -0.76127726
vn -0.34901065 0.65712005 0.6681203
vn 0.19319718 -0.9242865 -0.32919517
vn 0.8576783 -0.3991899 -0.3240918
vn 0.2464935 0.9626746 0.11179706
vn 0.9634018 0.124300234 -0.23750043
vn -0.16950412 0.9333227 0.3165077
vn -0.5212899 0.7538853 0.3998922
vn 0.012999458 0.9628598 0.26968873
vn -0.5701926 0.7142906 0.40579468
vn 0.96087307 0.03319907 -0.27499232
vn 0.016100015 0.9632008 0.26830024
vn 0.96158534 0.05569915 -0.26879588
vn -0.55441195 0.74311596 0.37470806
vn 0.117194526 -0.97435445 -0.19209103
vn 0.4157805 -0.90845746 0.042797998
vn 0.25469828 0.90769386 0.33349773
vn 0.6215015 0.6001014 0.5036012
vn 0.41548923 -0.9085765 0.043098886
vn 0.7567919 -0.52619433 0.38779584
vn 0.6214401 0.6001387 0.5036325
vn 0.8325518 -0.020498812 0.55356795
vn -0.1257007 0.97980547 0.15550086
vn -0.4479803 0.8889609 -0.095195815
vn 0.014300565 0.9653382 0.2606103
vn -0.4904019 0.8613033 -0.13290052
vn 0.7860833 -0.20169573 0.5842876
vn 0.0107997 0.9662732 0.25729284
vn 0.7870182 -0.16370378 0.59481376
vn -0.45030436 0.8822085 -0.13760133
vn 0.13419448 -0.94906086 -0.28508824
vn 0.49910492 -0.8277082 -0.25650254
vn 0.25709996 0.94809985 0.18709998
vn 0.69719857 0.7097986 0.1004998
vn 0.49909207 -0.8276869 -0.2565959
vn 0.91260463 -0.38350195 -0.14170071
vn 0.69719857 0.7097986 0.1004998
vn 0.9909493 0.13320664 -0.016600827
vn -0.16269198 0.95175314 0.26018718
vn -0.55190945 0.8014137 0.23050395
vn 0.012400329 0.96372557 0.26660708
vn -0.60340047 0.7660006 0.22170018
vn 0.9983763 -0.051798772 0.023699438
vn 0.007499793 0.96397346 0.26589265
vn 0.99931973 -0.013800272 0.034200676
vn -0.5767997 0.79289967 0.19649991
vn 0.122197434 -0.93758035 -0.32559317
vn 0.43531182 -0.7666209 -0.47201282
vn 0.2599025 0.9454091 0.1966019
vn 0.6436082 0.76110977 -0.08050103
vn 0.43541342 -0.7666236 -0.47191453
vn 0.7923917 -0.2683972 -0.5477943
vn 0.6436668 0.7610607 -0.08049584
vn 0.86975944 0.24928838 -0.42588016
vn -0.13340199 0.92371386 0.3591054
vn -0.47079638 0.7236944 0.50459605
vn 0.013900131 0.9623091 0.27160257
vn -0.51501775 0.68142354 0.5200179
vn 0.8291056 0.11030074 -0.5481037
vn 0.010099776 0.96147865 0.2746939
vn 0.8300699 0.14829463 -0.5375805
vn -0.47600153 0.6963023 0.5372017
vn 0.05699977 -0.9166963 -0.3954984
vn 0.20120536 -0.7029187 -0.6822182
vn 0.17779921 0.98129565 0.07379967
vn 0.35910526 0.85131246 -0.38250557
vn 0.2013013 -0.7029046 -0.6822044
vn 0.37121198 -0.15670507 -0.91522956
vn 0.35919234 0.8512818 -0.38249183
vn 0.4240892 0.37069055 -0.8262789
vn -0.044901032 0.90242076 0.42850986
vn -0.20499961 0.6560987 0.72629863
vn 0.018799275 0.96106297 0.2756894
vn -0.2254015 0.60770404 0.76150507
vn 0.34298578 0.22269076 -0.91256213
vn 0.017599666 0.9597818 0.2801947
vn 0.34389725 0.2606979 -0.9020928
vn -0.18630266 0.629409 0.7544108
vn -0.03869962 -0.9090911 -0.41479594
vn -0.117304 -0.68522334 -0.7188245
vn 0.03630035 0.9991096 0.021500207
vn -0.056097373 0.88385856 -0.46437824
vn -0.11769888 -0.68529344 -0.71869314
vn -0.19530639 -0.12740417 -0.97243184
vn -0.056097373 0.88385856 -0.46437824
vn -0.18229745 0.40449437 -0.8961875
vn 0.06940244 0.89813167 0.43421528
vn 0.14609528 0.6399793 0.75437564
vn 0.025199266 0.96077204 0.27619195
vn 0.1571911 0.5902666 0.7917552
vn -0.274298 0.24239825 -0.9305932
vn 0.027099257 0.9594737 0.2804923
vn -0.2733984 0.28049836 -0.9200946
vn 0.18160552 0.61761874 0.7652232
vn -0.16259673 -0.9284814 -0.33389333
vn -0.45500723 -0.7382117 -0.4980079
vn -0.21029894 0.96039516 0.18279909
vn -0.58808506 0.8003797 -0.116397046
vn -0.45490527 -0.73820853 -0.49810576
vn -0.7745919 -0.2182977 -0.5935938
vn -0.58808506 0.8003797 -0.116397046
vn -0.8257882 0.30359566 -0.47529322
vn 0.17069422 0.91406906 0.36788756
vn 0.485729 0.6932414 0.5324318
vn 0.031498585 0.96175677 0.27208778
vn 0.5261737 0.6481676 0.5504725
vn -0.787036 0.16210742 -0.59522724
vn 0.034999747 0.960693 0.27539802
vn -0.78619045 0.20009758 -0.5846929
vn 0.48718432 0.6655786 0.5653818
vn -0.17950112 -0.953806 -0.2409015
vn -0.5383081 -0.81901234 -0.19860299
vn -0.21269153 0.91996336 0.32928687
vn -0.6638084 0.6908088 0.28660363
vn -0.5383094 -0.8189143 -0.19900347
vn -0.93039924 -0.36089972 -0.064099945
vn -0.93039924 -0.36089972 -0.064099945
vn -0.6638084 0.6908088 0.28660363
vn -0.9913367 0.1053039 0.07850291
vn 0.20769806 0.9420912 0.26329756
vn 0.5896211 0.780728 0.2069074
vn 0.033398923 0.963369 0.26609144
vn 0.6393995 0.74349946 0.19589986
vn -0.9992875 0.01849977 -0.03289959
vn 0.038199797 0.96299493 0.2667986
vn -0.99844825 0.050202426 -0.024101164
vn 0.6136996 0.7548995 0.23129986
vn -0.13660243 -0.9782174 -0.15630277
vn -0.42351687 -0.9014359 0.08970357
vn -0.12539907 0.88489336 0.44859663
vn -0.47968063 0.5847764 0.65417355
vn -0.42369238 -0.9013838 0.08939839
vn -0.73418075 -0.5078867 0.45058817
vn -0.479712 0.58481467 0.6541164
vn -0.7653165 -0.0072001554 0.6436139
vn 0.17389819 0.9719899 0.15809835
vn 0.47548288 0.8722686 -0.114295885
vn 0.03130143 0.965044 0.26021188
vn 0.51529837 0.8430974 -0.15379952
vn -0.8300949 -0.14989908 0.5370967
vn 0.035599615 0.9654896 0.2579972
vn -0.8291712 -0.111896105 0.5476809
vn 0.512804 0.85150665 -0.10940085
vn -0.05019915 -0.9923832 -0.11249809
vn -0.1544076 -0.95404696 0.25681263
vn 0.018300688 0.8686326 0.4951186
vn -0.10589911 0.52289563 0.84579295
vn -0.15450521 -0.9540322 0.25680867
vn -0.2608944 -0.60298705 0.75388384
vn -0.10589911 0.52289563 0.84579295
vn -0.25290585 -0.10730247 0.96152216
vn 0.082400545 0.99230653 0.09240061
vn 0.18700495 0.93272465 -0.30830815
vn 0.025998529 0.9661453 0.25668547
vn 0.20119393 0.90897256 -0.365089
vn -0.3439966 -0.26229742 0.90159106
vn 0.028200328 0.96721125 0.25240293
vn -0.3431078 -0.2243051 0.91212076
vn 0.2231112 0.91844606 -0.32661638
vn 0.04670023 -0.99090487 -0.12620063
vn 0.16620244 -0.9567141 0.23890352
vn 0.16350253 0.8773136 0.451207
vn 0.31468707 0.52877825 0.78826755
vn 0.1661052 -0.95673 0.2389075
vn 0.30860895 -0.61001766 0.72982115
vn 0.31468707 0.52877825 0.78826755
vn 0.35742092 -0.11240658 0.92715424
vn -0.03209872 0.99526036 0.09179634
vn -0.16580005 0.9391003 -0.3010001
vn 0.019499393 0.96626997 0.256792
vn -0.18320408 0.91592044 -0.35710797
vn 0.27340108 -0.2821011 0.91960365
vn 0.01870037 0.96751916 0.252105
vn 0.27429336 -0.2439941 0.93017745
vn -0.14479437 0.93016386 -0.33738688
vn 0.67129135 -0.18709758 0.71719074
vn 0.8869182 -0.12600258 0.44440913
vn -0.9747585 0.096995875 -0.20109145
vn -0.9898954 0.011899945 0.14129934
vn 0.97872114 -0.051201105 0.1987043
vn 0.9890153 0.03420053 -0.14380223
vn 0.10770058 -0.2419013 0.96430516
vn 0.44638827 -0.23149393 0.8643774
vn -0.7225128 -0.14250252 0.67651194
vn -0.91760385 -0.06820029 0.39160168
vn 0.6602105 -0.19800314 0.7245115
vn 0.88012576 -0.12080354 0.45911345
vn -0.10650479 0.29241318 -0.9503428
vn -0.4455124 0.2651074 -0.8551238
vn -0.16470309 -0.24230453 0.95611787
vn -0.4967762 -0.19469067 0.84575945
vn 0.0927963 -0.25049 0.9636616
vn 0.43319634 -0.2244981 0.8728926
vn 0.16550486 0.2759081 -0.9468278
vn 0.4979955 0.24519777 -0.8317925
vn -0.7126292 -0.1540063 0.68442804
vn -0.9113121 -0.06340084 0.4068054
vn -0.09199742 0.28409204 -0.95437324
vn -0.43200904 0.27500576 -0.85891795
vn 0.71327925 0.18769455 -0.67528033
vn 0.9125001 0.113900006 -0.39290002
vn 0.67129135 -0.18709758 0.71719074
vn 0.96757776 -0.07559826 0.24099445
vn -0.9013995 0.14829992 -0.40679976
vn -0.9898966 0.0117999595 0.1412995
vn 0.9311753 0.08959761 -0.3533906
vn 0.97872114 -0.051201105 0.1987043
vn 0.10769797 -0.24199544 0.9642818
vn 0.63447356 -0.20679137 0.7447689
vn -0.7225128 -0.14250252 0.67651194
vn -0.9918856 0.0029999565 0.12709816
vn 0.47619575 -0.23159793 0.8482924
vn 0.88012576 -0.12080354 0.45911345
vn -0.10650479 0.29241318 -0.9503428
vn -0.6338947 0.23329805 -0.73739386
vn 0.05919948 -0.25399777 0.96539146
vn -0.4967762 -0.19469067 0.84575945
vn 0.43319634 -0.2244981 0.8728926
vn -0.13140418 -0.24790788 0.9598305
vn 0.4979955 0.24519777 -0.8317925
vn -0.058499943 0.28039974 -0.9580991
vn -0.5385892 -0.199196 0.8186835
vn -0.9113121 -0.06340084 0.4068054
vn 0.13209988 0.27439973 -0.9524991
vn -0.43200904 0.27500576 -0.85891795
vn 0.53927046 0.22558764 -0.81135553
vn 0.9124897 0.11399871 -0.39289555
vn 0.4943931 0.85898805 -0.13309814
vn -0.55021065 0.8336162 0.048500944
vn -0.17410603 0.9286322 -0.32761136
vn 0.50501615 0.6724215 0.54111737
vn -0.5446114 0.7355153 0.4030084
vn -0.33860552 0.9091148 -0.24260394
vn 0.5814159 0.8132223 0.025000686
vn -0.46818662 0.8763749 -0.112996764
vn -0.45750836 0.6898126 0.56111026
vn 0.5870781 0.7150733 0.37948585
vn -0.5763905 0.78518707 0.22639628
vn -0.32391423 0.65222865 0.6853301
vn 0.613404 0.76360494 0.20160131
vn -0.1568048 0.6268192 0.76322335
vn 0.36079264 0.8964817 -0.25719476
vn 0.027401306 0.6155293 0.78763753
vn 0.19360736 0.92203504 -0.33521277
vn 0.37540382 0.6397065 0.6707068
vn 0.21090408 0.62001204 0.75571465
vn 0.00929999 0.933099 -0.3594996
vn -0.91365427 0.13819309 -0.38228086
vn -0.9772763 -0.024099417 0.2105949
vn 0.5014693 -0.23178583 0.833549
vn 0.9777292 0.044001315 -0.20520613
vn 0.9140709 -0.11839623 0.38788766
vn -0.1026953 -0.25278842 0.962056
vn -0.5009867 0.25159332 -0.82807803
vn 0.1031977 0.27259392 -0.9565787
vn -0.66750693 -0.1735018 0.7241075
vn 0.6678367 0.19341062 -0.7187395
vn 0.997434 0.013000444 -0.0704024
vn 0.7650873 0.17069717 -0.62088966
vn 0.84897155 -0.14349519 0.50858295
vn -0.8481793 0.1757957 -0.4996878
vn 0.3763906 -0.23909403 0.8950777
vn -0.7643164 -0.13840297 0.62981355
vn -0.3755945 0.27129602 -0.886187
vn -0.23989974 -0.23709975 0.941399
vn 0.24059749 0.26939717 -0.9324902
vn 0.06490064 0.9489092 0.30880302
vn 0.030498832 0.9453638 0.32458758
vn 0.082797945 0.9522764 0.29379272
vn 0.05400143 0.94502497 0.3225085
vn 0.05249824 0.9754673 0.21379283
vn 0.06939905 0.9731868 0.21929702
vn 0.07850147 0.9675181 0.2403045
vn 0.08860499 0.9630542 0.2543143
vn 0.083198145 0.9573787 0.27659383
vn 0.013400323 0.9440228 0.32960796
vn -0.0067997836 0.9480698 0.31798986
vn -0.023699727 0.94968903 0.3122964
vn -0.03280122 0.9560355 0.2914108
vn -0.04299792 0.9598536 0.2771866
vn -0.019299068 0.9746528 0.22288921
vn -0.008399831 0.9778804 0.20899582
vn -0.03710107 0.97062814 0.23770688
vn 0.015200025 0.9782016 0.20710035
vn -0.03749954 0.96618813 0.25509688
vn 0.03229916 0.97887456 0.20189476
vn -0.9976365 -0.007500274 0.0683025
vn 0.23969463 0.23579471 -0.9417789
vn -0.2404861 -0.27068436 0.93214613
vn -0.37649205 0.23779498 -0.8953811
vn -0.76497036 -0.17199335 0.620676
vn 0.37571394 -0.27261013 0.8857329
vn -0.8490428 0.14220716 -0.50882566
vn 0.8482388 -0.17710811 0.49912286
vn 0.76412934 0.13710526 -0.6303242
vn 0.99659014 -0.020599797 -0.07989921
vn 0.6730251 0.15990596 -0.72212696
vn -0.6742146 -0.20360442 0.7099154
vn 0.11059493 0.24038897 -0.9643557
vn -0.4944963 0.22069834 -0.84069365
vn -0.11159761 -0.28409395 0.9522797
vn 0.9097554 -0.15209255 0.38628107
vn 0.9784606 0.0099995965 -0.20619169
vn 0.49349323 -0.26439637 0.8285886
vn -0.97951037 -0.05370057 0.19410206
vn -0.9108761 0.108397156 -0.39818957
vn 0.9610535 -0.11589439 0.25088787
vn 0.08480315 0.96673596 0.24130897
vn 0.9597462 -0.08620415 0.26731285
vn -0.528923 0.84863675 -0.007500325
vn 0.03750088 -0.28890678 0.9566225
vn 0.06569678 0.94685364 0.31488457
vn 0.030101238 -0.25701058 0.9659397
vn 0.07099968 0.9310958 -0.3577984
vn 0.61736494 -0.2449861 0.7475576
vn 0.08760013 0.95570135 0.28100038
vn 0.6118011 -0.21440037 0.7614013
vn -0.28741404 0.9171448 -0.27611348
vn -0.55678535 -0.23069392 0.79797894
vn 0.027499488 0.9435825 0.32999387
vn -0.56291467 -0.19770515 0.80252093
vn 0.40929282 0.8852845 -0.22079612
vn -0.9386201 -0.09290199 0.3322071
vn -0.012600369 0.9471277 0.3206094
vn -0.9408705 -0.05899815 0.33358955
vn 0.59839046 0.79698724 0.082098685
vn -0.96214926 0.07219619 -0.26278615
vn -0.039198607 0.956166 0.29018968
vn -0.95930994 0.1060011 -0.26170272
vn 0.5657802 0.7001756 0.4354848
vn -0.6183739 0.2012915 -0.75966793
vn -0.042000208 0.96720475 0.25050125
vn -0.6112633 0.23428592 -0.75595456
vn 0.32421032 0.6315201 0.7043224
vn -0.038501233 0.24510786 -0.96873105
vn -0.020101048 0.976051 0.21661131
vn -0.029598374 0.27688476 -0.9604472
vn -0.034198616 0.617575 0.78576815
vn 0.55561113 0.18710375 -0.8101163
vn 0.018200347 0.9793186 0.20150383
vn 0.5633052 0.21750201 -0.7971074
vn -0.37240273 0.6635049 0.64890474
vn 0.93757343 0.0491986 -0.34429023
vn 0.058296926 0.97574854 0.21098888
vn 0.94134486 0.078803755 -0.32811564
vn -0.5613944 0.7517925 0.34589654
vn 0.7150029 -0.21940091 0.66380274
vn 0.08390275 0.96233153 0.25860846
vn 0.7159131 -0.1858034 0.6730123
vn -0.43020892 0.8884184 -0.1601033
vn 0.98857784 -0.07809825 0.12889712
vn 0.0680989 0.97188437 0.22539638
vn 0.989524 -0.044301074 0.13740334
vn -0.57421046 0.8015146 0.16690303
vn 0.8846083 0.08670082 -0.45820433
vn 0.034998845 0.9775677 0.20769314
vn 0.88533586 0.120304875 -0.4491182
vn -0.49200866 0.7041124 0.512009
vn 0.44248876 0.21149464 -0.8714779
vn -0.0028001205 0.97724205 0.21210913
vn 0.44310603 0.24510334 -0.8623117
vn -0.21480706 0.63362086 0.74322444
vn -0.16880098 0.24890146 -0.95370555
vn -0.030700002 0.9710001 0.23710002
vn -0.16820094 0.28250158 -0.9444053
vn 0.15150028 0.61680114 0.77240145
vn -0.7152842 0.18469593 -0.6739852
vn -0.038200986 0.96122485 0.27310705
vn -0.71511275 0.21810389 -0.66411185
vn 0.46701583 0.6602224 0.58821994
vn -0.99033195 0.047301523 -0.1304042
vn -0.022399394 0.9516742 0.30629173
vn 0.61101484 0.74731815 0.26110634
vn -0.88576305 -0.12139493 0.44798133
vn 0.010699966 0.94599694 0.32399896
vn -0.8845889 -0.0879989 0.45799428
vn 0.5287953 0.84459245 -0.083899245
vn -0.444004 -0.24630222 0.8615078
vn 0.048500486 0.94630945 0.31960317
vn -0.44240198 -0.21280095 0.8712039
vn 0.25159225 0.91507185 -0.31519032
vn 0.16729622 -0.28379357 0.9441786
vn 0.07639722 0.9525654 0.2945893
vn 0.16890776 -0.2502115 0.9533438
vn -0.11470008 0.9319007 -0.34410024
vn -0.022899793 -0.9635913 -0.2663976
vn -0.996973 0.020499445 0.07499798
vn -0.98941314 0.075401 -0.12400164
vn -0.010000204 -0.9639197 -0.26600543
vn -0.007899573 -0.9651479 -0.26158586
vn -0.00439983 -0.9657627 -0.25939
vn -0.012699683 -0.9658759 -0.25869358
vn -0.013700095 -0.9671067 -0.25400177
vn -0.012200204 -0.9681162 -0.2502042
vn -0.005099909 -0.96248275 -0.27129513
vn -0.003799851 -0.96246225 -0.27138937
vn -0.003899854 -0.962264 -0.2720898
vn -0.0055000647 -0.9655113 -0.26030308
vn -0.004500025 -0.9657054 -0.25960147
vn -0.0041000755 -0.96551776 -0.2603048
vn -0.034301 -0.9588281 -0.28190824
vn -0.031301558 -0.9597477 -0.2791139
vn -0.026398992 -0.96016335 -0.2781894
vn -0.021699227 -0.9581658 -0.28538984
vn -0.022399494 -0.9581784 -0.28529355
vn -0.022200799 -0.95853454 -0.28411022
vn -0.02260091 -0.9581386 -0.28541148
vn -0.021900238 -0.9593104 -0.28150305
vn -0.018400086 -0.96040446 -0.27800128
vn -0.01029994 -0.95959437 -0.28119835
vn -0.010899994 -0.9594994 -0.28149983
vn -0.011500158 -0.95981324 -0.28040388
vn -0.011000417 -0.95943636 -0.28171065
vn -0.012799593 -0.9604694 -0.27809116
vn -0.012200604 -0.9618476 -0.27331352
vn -0.012600602 -0.9677462 -0.251612
vn -0.012099612 -0.96806896 -0.250392
vn -0.011399689 -0.9679736 -0.25079316
vn -0.019300122 -0.9669061 -0.25440162
vn -0.022999732 -0.9676887 -0.25109708
vn -0.024099179 -0.968667 -0.24719156
vn -0.023500482 -0.96831983 -0.2486051
vn -0.023901023 -0.9686414 -0.24731058
vn -0.023099758 -0.96868986 -0.2471974
vn -0.027300917 -0.9666324 -0.25470856
vn -0.032298077 -0.9666425 -0.2540849
vn -0.03550021 -0.96720564 -0.25150147
vn -0.03419817 -0.96704817 -0.25228646
vn -0.035201464 -0.9672402 -0.25141045
vn -0.034699693 -0.9673915 -0.2508978
vn -0.035800498 -0.9631134 -0.26670372
vn -0.037800316 -0.9618081 -0.27110228
vn -0.04129882 -0.9610726 -0.27319223
vn -0.04019893 -0.9613744 -0.27229276
vn -0.041301075 -0.9611251 -0.27300712
vn -0.041700337 -0.96130776 -0.2723022
vn -0.040600136 -0.9644032 -0.26130086
vn -0.04189899 -0.9643766 -0.2611937
vn -0.04179873 -0.9645707 -0.2604921
vn -0.032999743 -0.96119255 -0.2738979
vn -0.03199831 -0.95984936 -0.27868527
vn -0.033500373 -0.9587107 -0.28240317
vn -0.033500507 -0.9652146 -0.25930393
vn -0.03790018 -0.9644045 -0.26170123
vn -0.04210049 -0.9643112 -0.26140305
vn -0.03320106 -0.9591307 -0.281009
vn -0.033599887 -0.9587968 -0.28209904
vn -0.004299884 -0.965574 -0.260093
vn -0.023299068 -0.9686613 -0.24729012
vn -0.01169964 -0.96797025 -0.2507923
vn -0.034801193 -0.9673331 -0.2511086
vn -0.041800585 -0.96451354 -0.26070365
vn -0.04149842 -0.9612635 -0.27248964
vn -0.034098923 -0.9588697 -0.2817911
vn -0.021899749 -0.958189 -0.2852967
vn -0.010499917 -0.9595924 -0.2811978
vn -0.0037000566 -0.9625147 -0.27120414
vn -0.0040000663 -0.962316 -0.2719045
vn -0.008199668 -0.9653609 -0.26078942
vn -0.0075998115 -0.9627761 -0.2701933
vn -0.0077996072 -0.9625516 -0.27098638
vn -0.013500161 -0.9603114 -0.27860332
vn -0.022699844 -0.95929337 -0.28149807
vn -0.037600685 -0.9616175 -0.27180496
vn -0.038200103 -0.9642026 -0.26240072
vn -0.032900415 -0.96651214 -0.2545032
vn -0.023899216 -0.9676683 -0.25109178
vn -0.014400393 -0.9672264 -0.25350693
vt 0.0017951648 0.05294668674468994
vt 0.32053778 0.7062528133392334
vt 0.48851374 0.7781912684440613
vt 0.08995917 0.010429203510284424
vt 0.5758223 0.822165310382843
vt 0.005341781 0.36456549167633057
vt 0.022382153 0.7040572762489319
vt 0.34444153 0.07719868421554565
vt 0.088170625 0.3852318525314331
vt 0.41917983 0.039746999740600586
vt 0.24350125 0.003049135208129883
vt 0.72561795 0.8252792954444885
vt 0.97015446 0.6103354692459106
vt 0.27405065 0.0086212158203125
vt 0.75574255 0.8248923420906067
vt 0.30378625 0.021513819694519043
vt 0.7871143 0.8251482844352722
vt 0.32938972 0.03997921943664551
vt 0.8174506 0.8242452144622803
vt 0.97722775 0.6801726222038269
vt 0.35383177 0.05932539701461792
vt 0.96857035 0.6512817740440369
vt 0.9696232 0.4066801071166992
vt 0.26775035 0.3896050453186035
vt 0.5934411 0.036824703216552734
vt 0.35077208 0.3399658203125
vt 0.69046795 0.03369623422622681
vt 0.9775082 0.38862478733062744
vt 0.33608702 0.35841870307922363
vt 0.66783684 0.035076677799224854
vt 0.31836924 0.37419331073760986
vt 0.64512885 0.037364304065704346
vt 0.29673186 0.38463425636291504
vt 0.6220146 0.038023531436920166
vt 0.0050956723 0.07252681255340576
vt 0.30270305 0.7108628153800964
vt 0.096064985 0.05904465913772583
vt 0.2420086 0.05746924877166748
vt 0.2751954 0.05862241983413696
vt 0.30279574 0.06536459922790527
vt 0.32460406 0.07459169626235962
vt 0.33822665 0.08120942115783691
vt 0.9922041 0.6403248906135559
vt 0.09736278 0.345910906791687
vt 0.0064724926 0.3390859365463257
vt 0.04613478 0.7074791789054871
vt 0.97139794 0.4287616014480591
vt 0.2620329 0.3436317443847656
vt 0.2919149 0.34247732162475586
vt 0.31197336 0.33115828037261963
vt 0.32983634 0.3137068748474121
vt 0.3421048 0.3028043508529663
vt 0.9959563 0.4206836223602295
vt 0.10311469 0.008670389652252197
vt 0.588598 0.8241780400276184
vt 0.107524775 0.3860694169998169
vt 0.43710557 0.03456687927246094
vt 0.1118331 0.060488224029541016
vt 0.11398011 0.342968225479126
vt 0.13001531 0.09554660320281982
vt 0.27819642 0.005747020244598389
vt 0.41798443 0.027976155281066895
vt 0.12641549 0.11955946683883667
vt 0.302811 0.009156227111816406
vt 0.0965597 0.6104713082313538
vt 0.1327912 0.30989211797714233
vt 0.4973486 0.005778610706329346
vt 0.0020956367 0.610541045665741
vt 0.22554849 0.30887293815612793
vt 0.5634854 0.22550749778747559
vt 0.22748287 0.11791682243347168
vt 0.37122604 0.22232884168624878
vt 0.22328596 0.09321129322052002
vt 0.32268706 0.02794468402862549
vt 0.3461592 0.2255343198776245
vt 0.19559573 0.7649579644203186
vt 0.218927 0.7197238206863403
vt 0.28008908 0.0025870800018310547
vt 0.41635615 0.024681568145751953
vt 0.19584 0.7162487506866455
vt 0.30337206 0.0054471492767333984
vt 0.0039948258 0.7197019457817078
vt 0.09485215 0.6137493848800659
vt 0.4954855 0.0025870203971862793
vt 0.003989038 0.6137493848800659
vt 0.005148094 0.8098490834236145
vt 0.561804 0.22883319854736328
vt 0.19510405 0.8133904933929443
vt 0.37163278 0.22622543573379517
vt 0.21862902 0.8105077743530273
vt 0.32457054 0.024681568145751953
vt 0.34799126 0.22883325815200806
vt 0.21523404 0.7239813208580017
vt 0.1948427 0.7219719290733337
vt 0.008050565 0.723637580871582
vt 0.008945685 0.8057675957679749
vt 0.19436581 0.8076367974281311
vt 0.21501167 0.8060329556465149
vt 0.18056458 0.3506048917770386
vt 0.006607484 0.3167310953140259
vt 0.067244485 0.7094273567199707
vt 0.09877912 0.3098564147949219
vt 0.110879414 0.3073103427886963
vt 0.0028764706 0.10766661167144775
vt 0.2695524 0.7097546458244324
vt 0.09742717 0.1126401424407959
vt 0.108812444 0.11368328332901001
vt 0.1752759 0.04794418811798096
vt 0.25216356 0.11237120628356934
vt 0.27912378 0.1116790771484375
vt 0.30452994 0.11219972372055054
vt 0.32564166 0.11313456296920776
vt 0.34035373 0.11304861307144165
vt 0.996549 0.6091726422309875
vt 0.3208698 0.26633691787719727
vt 0.97323096 0.4663116931915283
vt 0.32938352 0.2610248327255249
vt 0.34232137 0.25715410709381104
vt 0.9994014 0.4661228656768799
vt 0.301492 0.3036532402038574
vt 0.29897967 0.2665872573852539
vt 0.29608643 0.23774468898773193
vt 0.28627288 0.24002015590667725
vt 0.2526017 0.2573035955429077
vt 0.24874468 0.26264214515686035
vt 0.25254238 0.2690415382385254
vt 0.26588103 0.27720797061920166
vt 0.26495263 0.2504842281341553
vt 0.28672293 0.30136775970458984
vt 0.5526834 0.44802772998809814
vt 0.66584235 0.27679914236068726
vt 0.55246246 0.4030188322067261
vt 0.6644882 0.21460437774658203
vt 0.53232205 0.4367145895957947
vt 0.6463976 0.2895522117614746
vt 0.53125477 0.41362112760543823
vt 0.64469504 0.20160341262817383
vt 0.5609178 0.4265310764312744
vt 0.5530496 0.42543697357177734
vt 0.5210351 0.4245150089263916
vt 0.5611298 0.4491056799888611
vt 0.67185014 0.2705953121185303
vt 0.56348526 0.4280977249145508
vt 0.67254394 0.2489391565322876
vt 0.5616413 0.400668203830719
vt 0.67173827 0.22076570987701416
vt 0.5527454 0.40411972999572754
vt 0.5191852 0.420329213142395
vt 0.6328748 0.1944894790649414
vt 0.5160337 0.4241992235183716
vt 0.62804604 0.19292491674423218
vt 0.6280621 0.29943692684173584
vt 0.5193363 0.42854857444763184
vt 0.6332561 0.2974269390106201
vt 0.5328876 0.43570345640182495
vt 0.53180295 0.4146692752838135
vt 0.5528373 0.446891188621521
vt 0.119826026 0.11765742301940918
vt 0.12517624 0.08753269910812378
vt 0.22806479 0.08506333827972412
vt 0.23389387 0.31646090745925903
vt 0.1760767 0.07874780893325806
vt 0.23780367 0.30848920345306396
vt 0.12743545 0.31755495071411133
vt 0.23527701 0.11623817682266235
vt 0.12344466 0.30900925397872925
vt 0.3213389 0.544791042804718
vt 0.69311345 0.3536558151245117
vt 0.7768684 0.0030696988105773926
vt 0.6048873 0.31122517585754395
vt 0.8208425 0.0903782844543457
vt 0.0018530322 0.49087244272232056
vt 0.0225522 0.5458902716636658
vt 0.689824 0.6654008030891418
vt 0.07659136 0.5283241868019104
vt 0.6069616 0.6861236095428467
vt 0.45134676 0.3040428161621094
vt 0.8239563 0.24017399549484253
vt 0.72080696 0.6100644469261169
vt 0.42082062 0.30965960025787354
vt 0.82356954 0.2702986001968384
vt 0.39112544 0.3225914239883423
vt 0.8238254 0.3016704320907593
vt 0.36557403 0.34108269214630127
vt 0.7135823 0.679886519908905
vt 0.8229224 0.33200669288635254
vt 0.34118864 0.36044812202453613
vt 0.7223023 0.6510144472122192
vt 0.7217754 0.4063987731933594
vt 0.25085267 0.5312464833259583
vt 0.42728877 0.690524160861969
vt 0.34419948 0.640749454498291
vt 0.3478795 0.5343748927116394
vt 0.7139285 0.38832277059555054
vt 0.32524833 0.5329945683479309
vt 0.3588784 0.6592589020729065
vt 0.30254036 0.5307068824768066
vt 0.3766139 0.6750767827033997
vt 0.2794261 0.5300476551055908
vt 0.39827824 0.6855422854423523
vt 0.3034611 0.5400917530059814
vt 0.6898325 0.37324410676956177
vt 0.5988334 0.3598518371582031
vt 0.4529124 0.35843515396118164
vt 0.419749 0.35962975025177
vt 0.3921813 0.36640381813049316
vt 0.3704084 0.3756526708602905
vt 0.35681137 0.3822833299636841
vt 0.6986922 0.6400063037872314
vt 0.59774715 0.6467878818511963
vt 0.04633696 0.5425432324409485
vt 0.68867713 0.6399083137512207
vt 0.71995616 0.42848050594329834
vt 0.43302628 0.644522488117218
vt 0.40313 0.6433404088020325
vt 0.38305315 0.631992518901825
vt 0.3652037 0.6145157814025879
vt 0.35296974 0.603580117225647
vt 0.6954109 0.4203503131866455
vt 0.59172845 0.3094809055328369
vt 0.82285523 0.10315394401550293
vt 0.09451715 0.5335042476654053
vt 0.5875974 0.6869699358940125
vt 0.5830658 0.36131155490875244
vt 0.58112186 0.6438515782356262
vt 0.097882435 0.3935260772705078
vt 0.5264487 0.016328930854797363
vt 0.5649176 0.39638662338256836
vt 0.50183415 0.019738078117370605
vt 0.56853455 0.4203956127166748
vt 0.30729666 0.01636052131652832
vt 0.50341237 0.004658341407775879
vt 0.56229067 0.6107730865478516
vt 0.34615925 0.23476672172546387
vt 0.4695207 0.6097788214683533
vt 0.5978765 0.004728078842163086
vt 0.46748897 0.4188321828842163
vt 0.5384185 0.2315879464149475
vt 0.0025849068 0.3935575485229492
vt 0.47166276 0.3941371440887451
vt 0.5634853 0.23479342460632324
vt 0.2531115 0.7662808895111084
vt 0.096254155 0.39682066440582275
vt 0.22978018 0.7210466861724854
vt 0.5245561 0.013168871402740479
vt 0.2528672 0.7175715565681458
vt 0.50127316 0.016029000282287598
vt 0.30915976 0.013168931007385254
vt 0.44471237 0.7210246324539185
vt 0.50511986 0.007936418056488037
vt 0.34784064 0.23809242248535156
vt 0.4435592 0.8111717700958252
vt 0.595983 0.007936418056488037
vt 0.25360322 0.8147132992744446
vt 0.5380118 0.2354845404624939
vt 0.004468354 0.39682066440582275
vt 0.23007828 0.8118306398391724
vt 0.5616533 0.2380923628807068
vt 0.23347314 0.7253041863441467
vt 0.25386456 0.7232946753501892
vt 0.4406567 0.7249602675437927
vt 0.4397616 0.8070903420448303
vt 0.25434145 0.8089596629142761
vt 0.23369561 0.8073558211326599
vt 0.5145158 0.651509702205658
vt 0.06747187 0.5406625270843506
vt 0.6885278 0.6175417900085449
vt 0.5963125 0.6107205748558044
vt 0.584207 0.6081802845001221
vt 0.27019006 0.5410680770874023
vt 0.69208765 0.4083913564682007
vt 0.5975208 0.41345298290252686
vt 0.58613497 0.4145057201385498
vt 0.5196124 0.34883594512939453
vt 0.44282126 0.4133114814758301
vt 0.41588452 0.41264522075653076
vt 0.39050755 0.4131920337677002
vt 0.36942407 0.4141499996185303
vt 0.3547332 0.4140826463699341
vt 0.69441473 0.608844518661499
vt 0.37434423 0.5671536922454834
vt 0.71804243 0.466030478477478
vt 0.36583266 0.5618293881416321
vt 0.35290718 0.5579445362091064
vt 0.6918708 0.4657859206199646
vt 0.38855803 0.582523763179779
vt 0.40847853 0.5838454365730286
vt 0.42975917 0.5818371772766113
vt 0.3992244 0.19580745697021484
vt 0.41442487 0.19580751657485962
vt 0.4317442 0.19580751657485962
vt 0.5001416 0.19580763578414917
vt 0.46708244 0.1958075761795044
vt 0.44928923 0.1958075761795044
vt 0.48458508 0.1958075761795044
vt 0.5132691 0.19580763578414917
vt 0.525749 0.19580763578414917
vt 0.5501829 0.19580763578414917
vt 0.53803486 0.19580763578414917
vt 0.57253164 0.19580769538879395
vt 0.56233025 0.19580763578414917
vt 0.5251182 0.4439564347267151
vt 0.57833976 0.19580763578414917
vt 0.5952231 0.3015836477279663
vt 0.3739846 0.17987465858459473
vt 0.36102012 0.2752176523208618
vt 0.53083676 0.271791934967041
vt 0.3498684 0.2763254642486572
vt 0.5443286 0.45718497037887573
vt 0.280465 0.6412765383720398
vt 0.34778365 0.1756015419960022
vt 0.27535707 0.644742488861084
vt 0.5419823 0.2931085228919983
vt 0.53788805 0.2848883867263794
vt 0.35750926 0.17743587493896484
vt 0.515611 0.25499165058135986
vt 0.39762488 0.18455731868743896
vt 0.50087065 0.24853098392486572
vt 0.41453895 0.18425846099853516
vt 0.43174532 0.1841498613357544
vt 0.4853618 0.2444072961807251
vt 0.50009483 0.18389779329299927
vt 0.4208165 0.2416096329689026
vt 0.46707574 0.18381762504577637
vt 0.45149168 0.2415122389793396
vt 0.44925764 0.1839439868927002
vt 0.46854544 0.24237775802612305
vt 0.43554083 0.2410905361175537
vt 0.48454574 0.18388354778289795
vt 0.5132546 0.1839798092842102
vt 0.40815553 0.2426983118057251
vt 0.52575517 0.18415391445159912
vt 0.39612508 0.24452632665634155
vt 0.5500336 0.1843133568763733
vt 0.3738911 0.25312864780426025
vt 0.38450304 0.24773597717285156
vt 0.53800535 0.18434441089630127
vt 0.36487415 0.26103973388671875
vt 0.56208426 0.18331921100616455
vt 0.35631397 0.2683594226837158
vt 0.57274467 0.18135350942611694
vt 0.5317276 0.4567967653274536
vt 0.57948655 0.181246817111969
vt 0.348116 0.27031177282333374
vt 0.53826016 0.45884132385253906
vt 0.39839646 0.17875909805297852
vt 0.5165604 0.253875732421875
vt 0.35873976 0.17437636852264404
vt 0.54007524 0.28439831733703613
vt 0.3743308 0.1768297553062439
vt 0.532165 0.27115941047668457
vt 0.27823475 0.644144594669342
vt 0.34919602 0.17204076051712036
vt 0.54496706 0.2926573157310486
vt 0.36347488 0.2592982053756714
vt 0.56199646 0.17766982316970825
vt 0.41517618 0.17878329753875732
vt 0.50191057 0.24686306715011597
vt 0.43205324 0.17865723371505737
vt 0.48599896 0.24244016408920288
vt 0.44956568 0.17842674255371094
vt 0.46888456 0.24034345149993896
vt 0.45154703 0.23946267366409302
vt 0.46713963 0.17829811573028564
vt 0.43516684 0.23903882503509521
vt 0.4837508 0.1783553957939148
vt 0.42019436 0.239579439163208
vt 0.4989814 0.1783328652381897
vt 0.40737835 0.2406996488571167
vt 0.5120759 0.17839902639389038
vt 0.395193 0.24257981777191162
vt 0.5246559 0.17855346202850342
vt 0.38340613 0.24587732553482056
vt 0.53719884 0.17869657278060913
vt 0.37263492 0.25139713287353516
vt 0.54969805 0.17855632305145264
vt 0.3473392 0.2676358222961426
vt 0.5354607 0.45917069911956787
vt 0.5806809 0.17676317691802979
vt 0.35493112 0.2661200761795044
vt 0.57285035 0.1765567660331726
vt 0.5065898 0.2631113529205322
vt 0.494499 0.2565714120864868
vt 0.4806683 0.25376617908477783
vt 0.4245269 0.2517157793045044
vt 0.4520401 0.25183558464050293
vt 0.4663389 0.2525496482849121
vt 0.43809447 0.251415491104126
vt 0.41267538 0.2526363134384155
vt 0.40131387 0.2541317939758301
vt 0.38002145 0.2616642713546753
vt 0.39017072 0.2567574977874756
vt 0.3722928 0.2693835496902466
vt 0.51269203 0.2751154899597168
vt 0.24547142 0.6424841284751892
vt 0.51141125 0.29709553718566895
vt 0.513855 0.2878265380859375
vt 0.36834815 0.27911877632141113
vt 0.30468863 0.6365199685096741
vt 0.87462217 0.0626797080039978
vt 0.8237886 0.041082143783569336
vt 0.3314473 0.6383088827133179
vt 0.488609 0.7057496905326843
vt 0.87033683 0.035791993141174316
vt 0.8652349 0.06230074167251587
vt 0.85540074 0.04128068685531616
vt 0.84187233 0.08007270097732544
vt 0.82722145 0.06100797653198242
vt 0.31322667 0.6370744705200195
vt 0.87259036 0.05418598651885986
vt 0.86394024 0.05438143014907837
vt 0.83411074 0.07481098175048828
vt 0.84607023 0.037987589836120605
vt 0.8289205 0.04511070251464844
vt 0.8690194 0.03290212154388428
vt 0.82686657 0.05312764644622803
vt 0.83446705 0.04024636745452881
vt 0.86067665 0.047058284282684326
vt 0.8297943 0.06853324174880981
vt 0.32209113 0.63750821352005
vt 0.87058973 0.04539608955383301
vt 0.28665894 0.6347599029541016
vt 0.87829643 0.08121669292449951
vt 0.85090643 0.08080452680587769
vt 0.86420196 0.07062405347824097
vt 0.85784674 0.0778505802154541
vt 0.2913796 0.6352659463882446
vt 0.8773404 0.07622146606445312
vt 0.8767814 0.08241218328475952
vt 0.8623765 0.09384685754776001
vt 0.2049719 0.2605665922164917
vt 0.8501474 0.10171520709991455
vt 0.20487922 0.26899194717407227
vt 0.38300505 0.19169992208480835
vt 0.8508592 0.10978704690933228
vt 0.3528843 0.1862505078315735
vt 0.8722891 0.08933281898498535
vt 0.36491072 0.18861383199691772
vt 0.8628561 0.09676992893218994
vt 0.2830813 0.6329694390296936
vt 0.34644946 0.18457233905792236
vt 0.8775544 0.08543646335601807
vt 0.51851094 0.700835645198822
vt 0.8755997 0.00678020715713501
vt 0.52750707 0.030247807502746582
vt 0.8589006 0.0495610237121582
vt 0.5347557 0.03027564287185669
vt 0.854008 0.04404813051223755
vt 0.5834155 0.03032541275024414
vt 0.8323827 0.06932884454727173
vt 0.575876 0.030305147171020508
vt 0.8293745 0.06236743927001953
vt 0.62479407 0.030351459980010986
vt 0.8622374 0.0640031099319458
vt 0.20055069 0.26107001304626465
vt 0.20028768 0.243796706199646
vt 0.20045312 0.25466346740722656
vt 0.39296186 0.18680471181869507
vt 0.5200903 0.030219316482543945
vt 0.6322676 0.03031134605407715
vt 0.8617814 0.05656242370605469
vt 0.20020603 0.23843252658843994
vt 0.20012319 0.2329925298690796
vt 0.5977637 0.030384957790374756
vt 0.84346515 0.07801151275634766
vt 0.19989644 0.21810340881347656
vt 0.19929458 0.17857599258422852
vt 0.19963719 0.20107901096343994
vt 0.59074724 0.03035116195678711
vt 0.83730936 0.07475095987319946
vt 0.5416317 0.030307292938232422
vt 0.8478303 0.0408635139465332
vt 0.19913031 0.1677873134613037
vt 0.54814696 0.030336976051330566
vt 0.84129727 0.04051971435546875
vt 0.20068419 0.2698380947113037
vt 0.3842229 0.19580745697021484
vt 0.20036963 0.24918174743652344
vt 0.5684558 0.030328810214996338
vt 0.8285978 0.05495929718017578
vt 0.19887768 0.15119588375091553
vt 0.56124187 0.030311107635498047
vt 0.8310187 0.04813742637634277
vt 0.2000099 0.2255544662475586
vt 0.19939095 0.1849045753479004
vt 0.19977248 0.20996308326721191
vt 0.39435437 0.19580751657485962
vt 0.55455774 0.03033626079559326
vt 0.83542866 0.04307281970977783
vt 0.60439676 0.030415236949920654
vt 0.8499878 0.07838308811187744
vt 0.6176614 0.030383765697479248
vt 0.860167 0.07077133655548096
vt 0.61092854 0.0304144024848938
vt 0.8558647 0.07582777738571167
vt 0.20340984 0.16750866174697876
vt 0.8294639 0.028870224952697754
vt 0.20327382 0.15110743045806885
vt 0.8441262 0.02245616912841797
vt 0.3905337 0.19580751657485962
vt 0.20310485 0.18498891592025757
vt 0.8147431 0.03818559646606445
vt 0.20394377 0.21801894903182983
vt 0.82325476 0.07147705554962158
vt 0.20381641 0.20988047122955322
vt 0.82089406 0.0634414553642273
vt 0.20337808 0.17836660146713257
vt 0.8194954 0.033315300941467285
vt 0.20395683 0.23306918144226074
vt 0.82860625 0.08611547946929932
vt 0.2040615 0.2254960536956787
vt 0.82550347 0.07886373996734619
vt 0.20371445 0.20103144645690918
vt 0.8184023 0.05466759204864502
vt 0.20425396 0.2384563684463501
vt 0.8334572 0.08897089958190918
vt 0.20447673 0.24371403455734253
vt 0.838499 0.0908651351928711
vt 0.20499949 0.2543520927429199
vt 0.8475256 0.09625542163848877
vt 0.20478067 0.24902158975601196
vt 0.84342766 0.09293365478515625
vt 0.37096405 0.18333882093429565
vt 0.3560777 0.18086516857147217
vt 0.28159937 0.6378699541091919
vt 0.34692344 0.17928630113601685
vt 0.3892589 0.18937253952026367
vt 0.5363117 0.5210400223731995
vt 0.08853012 0.8471991419792175
vt 0.22330838 0.15873467922210693
vt 0.13496643 0.8434200286865234
vt 0.22615282 0.22000998258590698
vt 0.53853697 0.5117496848106384
vt 0.5475921 0.5026137232780457
vt 0.5464501 0.5132890343666077
vt 0.54434913 0.5234171152114868
vt 0.54096365 0.5339170098304749
vt 0.53906935 0.5015578269958496
vt 0.526681 0.557060182094574
vt 0.5967859 0.18847984075546265
vt 0.53519595 0.5461143851280212
vt 0.5262719 0.4573090076446533
vt 0.52038604 0.44628798961639404
vt 0.590491 0.2992520332336426
vt 0.14207414 0.8366929888725281
vt 0.51998204 0.5367562770843506
vt 0.13552663 0.8272761702537537
vt 0.52447736 0.526645302772522
vt 0.14550093 0.8499858975410461
vt 0.5130578 0.5479089617729187
vt 0.5831628 0.1976311206817627
vt 0.08431098 0.833766520023346
vt 0.5229659 0.4707549810409546
vt 0.079434305 0.8440648913383484
vt 0.51825166 0.4603232145309448
vt 0.078371644 0.8558233380317688
vt 0.5130578 0.4496440887451172
vt 0.5831628 0.295896053314209
vt 0.12763509 0.8218252062797546
vt 0.5274613 0.5177468657493591
vt 0.1189082 0.8193585872650146
vt 0.52917576 0.5089619159698486
vt 0.10972211 0.8194095492362976
vt 0.5293017 0.4998365640640259
vt 0.10058421 0.8215659260749817
vt 0.5283943 0.49053120613098145
vt 0.091827184 0.8261860013008118
vt 0.5263764 0.4808717966079712
vt 0.54783875 0.4921225309371948
vt 0.54718715 0.481034517288208
vt 0.545898 0.4703483581542969
vt 0.53876954 0.49148011207580566
vt 0.13096413 0.83689945936203
vt 0.22601832 0.2123485803604126
vt 0.09145069 0.8400712013244629
vt 0.22370322 0.1664276123046875
vt 0.087981045 0.8549832701683044
vt 0.22294818 0.30422914028167725
vt 0.2229482 0.15093988180160522
vt 0.12512046 0.8319140076637268
vt 0.22576772 0.20468443632125854
vt 0.11803341 0.8290045857429504
vt 0.22542407 0.19703519344329834
vt 0.11040816 0.8284351229667664
vt 0.22501744 0.18938833475112915
vt 0.10297227 0.8302351832389832
vt 0.22457834 0.1817408800125122
vt 0.09643671 0.8342359662055969
vt 0.22413291 0.17408853769302368
vt 0.56304306 0.26807308197021484
vt 0.53746134 0.4810218811035156
vt 0.5356841 0.4709428548812866
vt 0.5452843 0.46272408962249756
vt 0.53287023 0.5306476950645447
vt 0.5207787 0.5528689622879028
vt 0.5908837 0.1926710605621338
vt 0.5281245 0.5416198372840881
vt 0.5365451 0.463733434677124
vt 0.57565075 0.7589605450630188
vt 0.5733994 0.6946185231208801
vt 0.69329566 0.08795547485351562
vt 0.32465702 0.6827155947685242
vt 0.48894605 0.7529775500297546
vt 0.011390999 0.6890161633491516
vt 0.3488725 0.09610790014266968
vt 0.418404 0.10262155532836914
vt 0.07236836 0.4025648832321167
vt 0.41495684 0.16550618410110474
vt 0.9077341 0.6108048558235168
vt 0.8454804 0.6108332872390747
vt 0.7228547 0.7589819431304932
vt 0.69068605 0.23680222034454346
vt 0.72224617 0.6920089721679688
vt 0.9071024 0.6543952226638794
vt 0.8454329 0.6544994115829468
vt 0.81581706 0.7585321068763733
vt 0.91157323 0.6863179206848145
vt 0.6913883 0.3313474655151367
vt 0.8167913 0.6927112340927124
vt 0.8453981 0.6864897608757019
vt 0.78413343 0.7591784596443176
vt 0.6909949 0.2994886636734009
vt 0.7849326 0.6923177242279053
vt 0.75272346 0.7589849233627319
vt 0.69072074 0.26759421825408936
vt 0.75303817 0.6920436024665833
vt 0.5897427 0.10431760549545288
vt 0.24602945 0.3961155414581299
vt 0.5886179 0.17195570468902588
vt 0.90793693 0.3991062641143799
vt 0.84572 0.39429306983947754
vt 0.61742353 0.1046486496925354
vt 0.27453458 0.3962996006011963
vt 0.61712307 0.1717715859413147
vt 0.63988334 0.10386401414871216
vt 0.29775164 0.3971008062362671
vt 0.6403401 0.17097043991088867
vt 0.6624326 0.10206007957458496
vt 0.3209816 0.39847755432128906
vt 0.66357005 0.1695936918258667
vt 0.6854518 0.10052269697189331
vt 0.9126025 0.3717419505119324
vt 0.344377 0.4002864360809326
vt 0.6869655 0.16778481006622314
vt 0.84575254 0.3662292957305908
vt 0.907479 0.41540586948394775
vt 0.84570104 0.41086506843566895
vt 0.04750286 0.6994824409484863
vt 0.43585834 0.1006280779838562
vt 0.08989153 0.4014331102371216
vt 0.4324799 0.16663801670074463
vt 0.5884614 0.7595461010932922
vt 0.58676666 0.6941817998886108
vt 0.6928589 0.1013227105140686
vt 0.068527766 0.7007867693901062
vt 0.29137418 0.687591016292572
vt 0.9091815 0.46076858043670654
vt 0.8456476 0.45822763442993164
vt 0.18457082 0.6956633925437927
vt 0.0358883 0.6990755200386047
vt 0.095679164 0.6707472205162048
vt 0.10950137 0.6427257657051086
vt 0.37097874 0.29724228382110596
vt 0.1113661 0.6444485783576965
vt 0.099616565 0.6458807587623596
vt 0.09876553 0.6439882516860962
vt 0.36017492 0.2958425283432007
vt 0.09002655 0.6483911871910095
vt 0.089525096 0.646442711353302
vt 0.35055983 0.29502367973327637
vt 0.562915 0.45484161376953125
vt 0.047846455 0.6757499575614929
vt 0.049569506 0.6705625653266907
vt 0.5626089 0.5038846135139465
vt 0.05003323 0.67280513048172
vt 0.05695506 0.6755967736244202
vt 0.059635777 0.6692835688591003
vt 0.5638603 0.49386870861053467
vt 0.05923127 0.6715683341026306
vt 0.0019486746 0.6577227711677551
vt 0.34940577 0.12972235679626465
vt 0.0031702432 0.6511964797973633
vt 0.3463204 0.13584524393081665
vt 0.0045578694 0.6489960551261902
vt 0.3442417 0.13750207424163818
vt 0.55097 0.5530231595039368
vt 0.07021337 0.6727957725524902
vt 0.07065808 0.6651990413665771
vt 0.56468517 0.48220860958099365
vt 0.07081206 0.6673009991645813
vt 0.082280956 0.6647129058837891
vt 0.08592083 0.6541250348091125
vt 0.0854313 0.6520138382911682
vt 0.5638372 0.46195077896118164
vt 0.034853417 0.6753631234169006
vt 0.039242674 0.6694705486297607
vt 0.5610557 0.514051079750061
vt 0.039746422 0.6719425320625305
vt 0.028531631 0.6662493944168091
vt 0.5591974 0.5249851942062378
vt 0.028387116 0.6687862277030945
vt 0.02018814 0.6707490682601929
vt 0.016935335 0.6627549529075623
vt 0.01741897 0.6602545380592346
vt 0.55613 0.5370880961418152
vt 0.010921573 0.4089604616165161
vt 0.35350996 0.15911078453063965
vt 0.08027228 0.6588975191116333
vt 0.56476414 0.4707139730453491
vt 0.08088445 0.6608778238296509
vt 0.0061484934 0.4096062183380127
vt 0.34873697 0.15846490859985352
vt 0.0025202394 0.41009974479675293
vt 0.34510872 0.15797138214111328
vt 0.53999746 0.5687763094902039
vt 0.6101024 0.17676377296447754
vt 0.13674906 0.850735068321228
vt 0.22618778 0.22758454084396362
vt 0.30623654 0.6663840413093567
vt 0.2881506 0.6465133428573608
vt 0.28108677 0.6474518179893494
vt 0.28905556 0.6408713459968567
vt 0.28603932 0.6397170424461365
vt 0.28503174 0.6438133120536804
vt 0.3875426 0.1820264458656311
vt 0.55293465 0.700724720954895
vt 0.56805205 0.6947994232177734
vt 0.69347656 0.08260810375213623
vt 0.5605905 0.44814538955688477
vt 0.56242645 0.4280403256416321
vt 0.5612054 0.40169429779052734
vt 0.5199473 0.421200692653656
vt 0.5171738 0.4242582321166992
vt 0.52014494 0.42775440216064453
vt 0.53311926 0.42519402503967285
vt 0.38589525 0.17797315120697021
vt 0.5254107 0.26212644577026367
vt 0.52486944 0.2633626461029053
vt 0.37398458 0.21174025535583496
vt 0.15561773 0.27996647357940674
vt 0.15904348 0.11014974117279053
vt 0.15450995 0.29111814498901367
vt 0.6144336 0.28835511207580566
vt 0.28085905 0.6098277568817139
vt 0.34778348 0.2160133719444275
vt 0.13772689 0.09900420904159546
vt 0.27574733 0.6063286662101746
vt 0.14594693 0.10309845209121704
vt 0.35750917 0.21417903900146484
vt 0.17584373 0.12537550926208496
vt 0.39762485 0.20705771446228027
vt 0.18230444 0.1401159167289734
vt 0.41453895 0.20735657215118408
vt 0.4317453 0.20746523141860962
vt 0.18642813 0.15562468767166138
vt 0.5000947 0.2077174186706543
vt 0.18922584 0.2201700210571289
vt 0.46707568 0.20779752731323242
vt 0.18932322 0.18949484825134277
vt 0.44925764 0.20767122507095337
vt 0.18845761 0.17244106531143188
vt 0.1897449 0.20544564723968506
vt 0.48454568 0.2077317237854004
vt 0.5132546 0.20763546228408813
vt 0.18813711 0.23283100128173828
vt 0.52575517 0.207461416721344
vt 0.1863092 0.24486148357391357
vt 0.5500336 0.20730191469192505
vt 0.17770682 0.2670954465866089
vt 0.18309946 0.25648343563079834
vt 0.53800535 0.2072708010673523
vt 0.16979574 0.27611231803894043
vt 0.56208426 0.2082960605621338
vt 0.16247602 0.28467249870300293
vt 0.004080542 0.06149405241012573
vt 0.31289014 0.7092300057411194
vt 0.09463131 0.3649599552154541
vt 0.06762933 0.012742698192596436
vt 0.55694574 0.8115070462226868
vt 0.046125602 0.019274115562438965
vt 0.53833205 0.7999365925788879
vt 0.02598008 0.03125441074371338
vt 0.5178771 0.7899346947669983
vt 0.062185418 0.38458240032196045
vt 0.39730415 0.05178356170654297
vt 0.045078963 0.38157451152801514
vt 0.38261682 0.05991089344024658
vt 0.028484434 0.3761099576950073
vt 0.36746132 0.06737369298934937
vt 0.08421385 0.010882377624511719
vt 0.5705676 0.8201518058776855
vt 0.008806968 0.04630720615386963
vt 0.4971299 0.7820098400115967
vt 0.012530952 0.368513822555542
vt 0.35166883 0.07394671440124512
vt 0.07965982 0.38535821437835693
vt 0.4118786 0.043505311012268066
vt 0.9680868 0.6353598237037659
vt 0.34228206 0.04913890361785889
vt 0.97252095 0.6656429171562195
vt 0.31686297 0.03051626682281494
vt 0.80241185 0.8253870010375977
vt 0.28948852 0.014109253883361816
vt 0.77157956 0.8248966336250305
vt 0.258048 0.0050629377365112305
vt 0.7398603 0.8250864148139954
vt 0.095757164 0.009776294231414795
vt 0.5813844 0.8234217762947083
vt 0.9720656 0.3991670608520508
vt 0.34333405 0.3491717576980591
vt 0.6790529 0.033686041831970215
vt 0.32779622 0.3668785095214844
vt 0.6565419 0.03640854358673096
vt 0.30793637 0.3801612854003906
vt 0.63361174 0.037910282611846924
vt 0.284354 0.387637734413147
vt 0.60971254 0.0376666784286499
vt 0.24393004 0.39086830615997314
vt 0.57018065 0.03571748733520508
vt 0.2430792 0.027999162673950195
vt 0.27387774 0.03334665298461914
vt 0.30197898 0.0438045859336853
vt 0.32433012 0.05836284160614014
vt 0.34260356 0.0731123685836792
vt 0.98485523 0.6454971432685852
vt 0.0052635767 0.08516943454742432
vt 0.2908607 0.7115046977996826
vt 0.09468717 0.033977210521698
vt 0.97263503 0.5371293425559998
vt 0.24810337 0.08310800790786743
vt 0.27688894 0.08247530460357666
vt 0.30371213 0.08559447526931763
vt 0.3250036 0.08991146087646484
vt 0.3393364 0.09115767478942871
vt 0.99417335 0.6306980848312378
vt 0.33284035 0.0787925124168396
vt 0.31445387 0.06986761093139648
vt 0.28974697 0.061630070209503174
vt 0.25924587 0.05649930238723755
vt 0.10253785 0.05867743492126465
vt 0.09009129 0.0592958927154541
vt 0.012837702 0.07168889045715332
vt 0.030545117 0.06753289699554443
vt 0.05125529 0.06226038932800293
vt 0.07330242 0.05970686674118042
vt 0.0065056975 0.35281145572662354
vt 0.03323419 0.706411600112915
vt 0.9689109 0.4144667387008667
vt 0.26577362 0.36747002601623535
vt 0.29383925 0.36327195167541504
vt 0.31430295 0.3537583351135254
vt 0.33053234 0.3400646448135376
vt 0.34301314 0.3238290548324585
vt 0.990824 0.4002220630645752
vt 0.015048244 0.3408341407775879
vt 0.089844115 0.34641408920288086
vt 0.3363072 0.30824947357177734
vt 0.9877074 0.42631256580352783
vt 0.32202706 0.3184148073196411
vt 0.301976 0.33896875381469727
vt 0.28011468 0.34446918964385986
vt 0.10426796 0.3453880548477173
vt 0.033411283 0.34478819370269775
vt 0.052278686 0.34705591201782227
vt 0.0718022 0.34742629528045654
vt 0.1146267 0.006889641284942627
vt 0.5998848 0.8246230483055115
vt 0.096806385 0.385273814201355
vt 0.4269519 0.03665637969970703
vt 0.12333951 0.052626967430114746
vt 0.12834865 0.3482348918914795
vt 0.10951073 0.08514851331710815
vt 0.10816949 0.032204508781433105
vt 0.11172329 0.3648388385772705
vt 0.13530833 0.09219479560852051
vt 0.4119519 0.02999049425125122
vt 0.12750246 0.10175305604934692
vt 0.28471363 0.007695615291595459
vt 0.12742677 0.2505805492401123
vt 0.4363067 0.0105818510055542
vt 0.12983336 0.30412280559539795
vt 0.49108478 0.007959485054016113
vt 0.09021458 0.608735203742981
vt 0.13859822 0.31264376640319824
vt 0.048298534 0.6086111068725586
vt 0.179995 0.31266605854034424
vt 0.007557389 0.6089428067207336
vt 0.22057526 0.3115501403808594
vt 0.22796069 0.3046582341194153
vt 0.5589252 0.22371536493301392
vt 0.22918189 0.18696576356887817
vt 0.4405919 0.22113382816314697
vt 0.22586574 0.0996401309967041
vt 0.35286406 0.2236669659614563
vt 0.21775988 0.09005981683731079
vt 0.32873395 0.030009567737579346
vt 0.17624201 0.09011203050613403
vt 0.37044728 0.03042292594909668
vt 0.23037869 0.00203704833984375
vt 0.71286994 0.8253870010375977
vt 0.12839127 0.09312331676483154
vt 0.22786236 0.3109363317489624
vt 0.13093193 0.312117338180542
vt 0.22174019 0.7246625423431396
vt 0.41095433 0.02642887830734253
vt 0.21333294 0.7174550890922546
vt 0.28589606 0.004216790199279785
vt 0.0631254 0.7153636813163757
vt 0.43608174 0.006772041320800781
vt 0.009278032 0.7171085476875305
vt 0.48990223 0.004435598850250244
vt 0.0016225912 0.7250102162361145
vt 0.08923149 0.6122719049453735
vt 0.002060689 0.76581871509552
vt 0.04839238 0.6123108863830566
vt 0.0029429898 0.80546635389328
vt 0.008715001 0.6124492287635803
vt 0.008743357 0.8118484616279602
vt 0.55796295 0.22737109661102295
vt 0.12613223 0.813482403755188
vt 0.44059592 0.22526264190673828
vt 0.2128136 0.812521755695343
vt 0.35394427 0.2272915244102478
vt 0.22147165 0.8055970072746277
vt 0.32995382 0.02645772695541382
vt 0.22221959 0.7650589942932129
vt 0.37052667 0.026726901531219482
vt 0.0030234426 0.6121121644973755
vt 0.562679 0.22714608907699585
vt 0.09573132 0.6120933294296265
vt 0.4964303 0.00420612096786499
vt 0.30308557 0.007320225238800049
vt 0.27921966 0.0042465925216674805
vt 0.4172945 0.026297807693481445
vt 0.37140498 0.22428524494171143
vt 0.32351348 0.026282668113708496
vt 0.34714386 0.2271077036857605
vt 0.21694641 0.7274860739707947
vt 0.21106695 0.7225850224494934
vt 0.06359866 0.7213547229766846
vt 0.01192436 0.722064197063446
vt 0.0066250605 0.7274250984191895
vt 0.006225802 0.7654521465301514
vt 0.00770555 0.8026763796806335
vt 0.011367749 0.8068872690200806
vt 0.12607269 0.8075457811355591
vt 0.21073054 0.807238757610321
vt 0.21671124 0.8026263117790222
vt 0.21795753 0.7650668025016785
vt 0.21208818 0.8032101988792419
vt 0.011076848 0.8031297326087952
vt 0.19513546 0.804137110710144
vt 0.011002991 0.7263465523719788
vt 0.21233521 0.726726233959198
vt 0.19549474 0.7255778908729553
vt 0.12302963 0.38779962062835693
vt 0.4520701 0.03368598222732544
vt 0.17865346 0.3908683657646179
vt 0.5062011 0.034066617488861084
vt 0.23957385 0.3497840166091919
vt 0.09882921 0.25311076641082764
vt 0.10475493 0.30923593044281006
vt 0.09228214 0.3103163242340088
vt 0.073229305 0.3115040063858032
vt 0.050548613 0.3125598430633545
vt 0.031252608 0.31295502185821533
vt 0.013573798 0.3147996664047241
vt 0.005157481 0.18946540355682373
vt 0.19026332 0.7113028764724731
vt 0.09683671 0.08319985866546631
vt 0.10912209 0.18746912479400635
vt 0.10304392 0.11284792423248291
vt 0.09164523 0.11244601011276245
vt 0.074226774 0.11183732748031616
vt 0.05180366 0.11142188310623169
vt 0.031589266 0.11149287223815918
vt 0.01371304 0.11084699630737305
vt 0.1238442 0.11896353960037231
vt 0.17348105 0.0026093125343322754
vt 0.657304 0.8253304958343506
vt 0.17450835 0.02557915449142456
vt 0.22766952 0.049522221088409424
vt 0.9871185 0.6096736788749695
vt 0.2564502 0.18595421314239502
vt 0.28236005 0.18528974056243896
vt 0.32698062 0.18590891361236572
vt 0.3417352 0.18566036224365234
vt 0.9991445 0.5371749401092529
vt 0.33360365 0.1134343147277832
vt 0.31579208 0.11265367269515991
vt 0.29234233 0.11188459396362305
vt 0.26506916 0.11164933443069458
vt 0.23042451 0.11742866039276123
vt 0.30698633 0.2983641028404236
vt 0.3362857 0.25835227966308594
vt 0.9903715 0.46684277057647705
vt 0.2987477 0.28665709495544434
vt 0.29824826 0.23961776494979858
vt 0.2926946 0.23779982328414917
vt 0.24995613 0.25985610485076904
vt 0.2495968 0.2660869359970093
vt 0.27612773 0.2835977077484131
vt 0.23367706 0.24997973442077637
vt 0.2955548 0.28913748264312744
vt 0.67385805 0.2714954614639282
vt 0.2981124 0.2670471668243408
vt 0.6745951 0.24875521659851074
vt 0.29592392 0.23849761486053467
vt 0.67363983 0.2194400429725647
vt 0.25278026 0.25804823637008667
vt 0.6342571 0.19240546226501465
vt 0.24940471 0.26302826404571533
vt 0.62804604 0.3015837073326111
vt 0.6282996 0.19079309701919556
vt 0.25288305 0.26835721731185913
vt 0.6342313 0.29942238330841064
vt 0.2660816 0.2764502763748169
vt 0.64756674 0.2913646101951599
vt 0.2650392 0.2512447237968445
vt 0.64634675 0.19965404272079468
vt 0.28650936 0.2883074879646301
vt 0.6674953 0.27843761444091797
vt 0.56303763 0.44686591625213623
vt 0.6724852 0.26775920391082764
vt 0.56348526 0.40228402614593506
vt 0.6725239 0.2230319380760193
vt 0.51678765 0.42238104343414307
vt 0.6299806 0.19324427843093872
vt 0.516742 0.4261218309402466
vt 0.63004255 0.2989383935928345
vt 0.5429442 0.44293320178985596
vt 0.6567393 0.28293538093566895
vt 0.5421356 0.40799736976623535
vt 0.6549759 0.20821768045425415
vt 0.55832946 0.4497300386428833
vt 0.67034364 0.27300703525543213
vt 0.28630042 0.24078720808029175
vt 0.66615033 0.2128496766090393
vt 0.56217813 0.44616109132766724
vt 0.56266916 0.40307825803756714
vt 0.51775765 0.4228728413581848
vt 0.5177375 0.42572903633117676
vt 0.54334307 0.4418518543243408
vt 0.54259354 0.4090688228607178
vt 0.55815077 0.4486234188079834
vt 0.12548697 0.7214943170547485
vt 0.1258085 0.7155153751373291
vt 0.37339616 0.006688177585601807
vt 0.22977325 0.26020973920822144
vt 0.5142685 0.22130721807479858
vt 0.09805419 0.18710553646087646
vt 0.30561167 0.18546229600906372
vt 0.055168044 0.8075953125953674
vt 0.053236496 0.8134824633598328
vt 0.5134918 0.22536927461624146
vt 0.11007476 0.25230902433395386
vt 0.12666224 0.1886533498764038
vt 0.37319538 0.010498344898223877
vt 0.121575974 0.09681570529937744
vt 0.22496243 0.09074455499649048
vt 0.1198018 0.1882394552230835
vt 0.120617196 0.25118160247802734
vt 0.13537616 0.3216904401779175
vt 0.22555108 0.32096004486083984
vt 0.18000466 0.32402336597442627
vt 0.13196784 0.08262896537780762
vt 0.22082831 0.08031529188156128
vt 0.2384946 0.1876007318496704
vt 0.23219693 0.09474337100982666
vt 0.57274467 0.21026182174682617
vt 0.57948655 0.21036845445632935
vt 0.60183257 0.288743257522583
vt 0.16052364 0.29287052154541016
vt 0.6083651 0.28669869899749756
vt 0.17695966 0.12442612648010254
vt 0.39839643 0.21285593509674072
vt 0.14643714 0.10091125965118408
vt 0.3587397 0.21723854541778564
vt 0.15967602 0.10882151126861572
vt 0.3743307 0.2147851586341858
vt 0.13817804 0.096019446849823
vt 0.27863276 0.6069404482841492
vt 0.34919587 0.21957409381866455
vt 0.1715372 0.2775116562843323
vt 0.56199646 0.21394550800323486
vt 0.1839723 0.13907593488693237
vt 0.41517612 0.21283173561096191
vt 0.18839528 0.15498757362365723
vt 0.43205318 0.21295791864395142
vt 0.19049193 0.17210203409194946
vt 0.44956565 0.21318840980529785
vt 0.19137278 0.18943947553634644
vt 0.46713957 0.21331709623336792
vt 0.19179666 0.20581966638565063
vt 0.48375073 0.21325987577438354
vt 0.19125603 0.22079211473464966
vt 0.4989814 0.21328240633010864
vt 0.19013579 0.23360824584960938
vt 0.51207584 0.21321624517440796
vt 0.18825562 0.24579352140426636
vt 0.5246559 0.21306180953979492
vt 0.18495815 0.2575804591178894
vt 0.53719884 0.2129186987876892
vt 0.17943834 0.26835155487060547
vt 0.54969805 0.21305906772613525
vt 0.16319954 0.29364728927612305
vt 0.5806809 0.21485209465026855
vt 0.60556567 0.2863694429397583
vt 0.1647153 0.28605544567108154
vt 0.57285035 0.2150585651397705
vt 0.16772409 0.13439679145812988
vt 0.17426395 0.14648747444152832
vt 0.17706925 0.16031819581985474
vt 0.17911957 0.21645963191986084
vt 0.17899989 0.1889464259147644
vt 0.17828572 0.17464756965637207
vt 0.17941993 0.20289206504821777
vt 0.1781991 0.22831112146377563
vt 0.17670363 0.23967266082763672
vt 0.16917121 0.26096510887145996
vt 0.174078 0.250815749168396
vt 0.16145188 0.2686936855316162
vt 0.15571992 0.1282944679260254
vt 0.13373987 0.12957525253295898
vt 0.24574028 0.6084700226783752
vt 0.14300886 0.12713158130645752
vt 0.1517167 0.2726384401321411
vt 0.30514747 0.6147007346153259
vt 0.4912461 0.8402310013771057
vt 0.46964854 0.7893972992897034
vt 0.33200654 0.6130159497261047
vt 0.46435842 0.8359457850456238
vt 0.7044268 0.003165006637573242
vt 0.49086705 0.8308437466621399
vt 0.4698471 0.8210095763206482
vt 0.50863904 0.8074812293052673
vt 0.48957425 0.7928303480148315
vt 0.31371748 0.6141795516014099
vt 0.48275232 0.8381993174552917
vt 0.48294783 0.8295489549636841
vt 0.5033774 0.7997195720672607
vt 0.4665539 0.811678946018219
vt 0.47367698 0.794529378414154
vt 0.46146852 0.8346282243728638
vt 0.48169398 0.7924752831459045
vt 0.46881267 0.8000759482383728
vt 0.47562462 0.8262854218482971
vt 0.49709958 0.795403003692627
vt 0.32261458 0.6137808561325073
vt 0.47396246 0.8361985683441162
vt 0.2870478 0.6163926124572754
vt 0.509783 0.8439052700996399
vt 0.5093708 0.8165153861045837
vt 0.4991904 0.8298106789588928
vt 0.50641686 0.8234554529190063
vt 0.291787 0.6159042716026306
vt 0.5047878 0.8429492115974426
vt 0.51097864 0.8423901200294495
vt 0.5224132 0.8279852867126465
vt 0.19611621 0.2607015371322632
vt 0.53028154 0.8157561421394348
vt 0.19646534 0.26912009716033936
vt 0.38300505 0.19991499185562134
vt 0.53835344 0.8164680004119873
vt 0.35288417 0.20536434650421143
vt 0.5178992 0.8378979563713074
vt 0.36491063 0.20300114154815674
vt 0.52533627 0.8284648060798645
vt 0.28345028 0.6181746125221252
vt 0.34644935 0.20704251527786255
vt 0.51400286 0.8431631922721863
vt 0.4353465 0.8412085175514221
vt 0.69951266 0.03306698799133301
vt 0.4781274 0.8245094418525696
vt 0.52750707 0.02200472354888916
vt 0.47261453 0.8196168541908264
vt 0.5347557 0.021976828575134277
vt 0.49789518 0.7979914546012878
vt 0.5834155 0.0219271183013916
vt 0.49093375 0.7949832081794739
vt 0.575876 0.02194744348526001
vt 0.49256942 0.8278462290763855
vt 0.62479407 0.021901071071624756
vt 0.40600708 0.19580751657485962
vt 0.42306426 0.19580751657485962
vt 0.44047734 0.19580751657485962
vt 0.45816514 0.1958075761795044
vt 0.47596908 0.19580763578414917
vt 0.49268702 0.19580763578414917
vt 0.5069072 0.19580763578414917
vt 0.5195325 0.19580763578414917
vt 0.5319174 0.19580763578414917
vt 0.5441205 0.19580763578414917
vt 0.5678739 0.19580763578414917
vt 0.55631185 0.19580763578414917
vt 0.20329583 0.21805495023727417
vt 0.20408078 0.2695183753967285
vt 0.38373744 0.19235610961914062
vt 0.57598644 0.19580763578414917
vt 0.37900636 0.2501058578491211
vt 0.27277055 0.6446937322616577
vt 0.5393283 0.29350030422210693
vt 0.44924614 0.18474841117858887
vt 0.20397057 0.24907374382019043
vt 0.20322718 0.23299181461334229
vt 0.47595623 0.18384218215942383
vt 0.35193297 0.2698335647583008
vt 0.5258054 0.18494826555252075
vt 0.57676965 0.1809391975402832
vt 0.550064 0.1851007342338562
vt 0.3550797 0.2774233818054199
vt 0.36058688 0.2816896438598633
vt 0.39828554 0.18220925331115723
vt 0.5356818 0.2854163646697998
vt 0.41462734 0.18318688869476318
vt 0.49317607 0.24620163440704346
vt 0.4404485 0.18405187129974365
vt 0.4581456 0.18385905027389526
vt 0.4205126 0.24070286750793457
vt 0.360625 0.2651916742324829
vt 0.48569202 0.2435380220413208
vt 0.47710654 0.2431720495223999
vt 0.45993587 0.24187111854553223
vt 0.4926332 0.1838933825492859
vt 0.45149478 0.24059540033340454
vt 0.4844363 0.18301808834075928
vt 0.46871385 0.24146997928619385
vt 0.42312482 0.18421125411987305
vt 0.5620754 0.18242424726486206
vt 0.5270649 0.2658505439758301
vt 0.5315357 0.27145326137542725
vt 0.50860554 0.25138211250305176
vt 0.20264582 0.1677234172821045
vt 0.5378981 0.18348312377929688
vt 0.4142972 0.24208945035934448
vt 0.3692349 0.2568620443344116
vt 0.55607754 0.1839742660522461
vt 0.39023623 0.24591064453125
vt 0.3733342 0.2523592710494995
vt 0.5440356 0.18438774347305298
vt 0.53191614 0.18425577878952026
vt 0.44337273 0.24121612310409546
vt 0.42795464 0.24124568700790405
vt 0.3956833 0.24365854263305664
vt 0.4077802 0.2418062686920166
vt 0.5068757 0.1839275360107422
vt 0.4144962 0.18539446592330933
vt 0.43173286 0.18494391441345215
vt 0.5313563 0.45584869384765625
vt 0.5790778 0.18218284845352173
vt 0.51331204 0.18478411436080933
vt 0.5161485 0.2543818950653076
vt 0.36419925 0.2602221965789795
vt 0.4670727 0.18462878465652466
vt 0.35916272 0.2632349729537964
vt 0.56779647 0.17699837684631348
vt 0.4065424 0.17887789011001587
vt 0.50968367 0.2500455379486084
vt 0.37782744 0.248307466506958
vt 0.5434573 0.1787002682685852
vt 0.48458663 0.18469232320785522
vt 0.50015265 0.184706449508667
vt 0.5621142 0.1841689944267273
vt 0.5380421 0.18512803316116333
vt 0.4059679 0.184373676776886
vt 0.5728045 0.18053627014160156
vt 0.5727034 0.1823430061340332
vt 0.27683875 0.6444990038871765
vt 0.54348564 0.2928470969200134
vt 0.4353486 0.24017274379730225
vt 0.38399875 0.24690979719161987
vt 0.3508426 0.2672539949417114
vt 0.57704896 0.17676061391830444
vt 0.38922238 0.2440028190612793
vt 0.5309336 0.17863577604293823
vt 0.56775373 0.1823217272758484
vt 0.5013883 0.2477816343307495
vt 0.35539824 0.26705992221832275
vt 0.36790514 0.25517332553863525
vt 0.55589473 0.17822760343551636
vt 0.539083 0.28463244438171387
vt 0.41359475 0.24007368087768555
vt 0.5057143 0.17835396528244019
vt 0.37465945 0.27208662033081055
vt 0.4772457 0.5574425458908081
vt 0.4770497 0.4285860061645508
vt 0.50345165 0.2658275365829468
vt 0.42743158 0.239202618598938
vt 0.49161336 0.1783449649810791
vt 0.4407159 0.17854571342468262
vt 0.4775733 0.24115896224975586
vt 0.45842633 0.17833584547042847
vt 0.46015072 0.23982715606689453
vt 0.391359 0.17838400602340698
vt 0.5218006 0.2582288980484009
vt 0.43178654 0.18329757452011108
vt 0.54998785 0.18343830108642578
vt 0.5256071 0.18329018354415894
vt 0.46708465 0.1829512119293213
vt 0.51309365 0.1831117868423462
vt 0.44929978 0.18308210372924805
vt 0.3848832 0.2588667869567871
vt 0.39568415 0.25523388385772705
vt 0.44321212 0.23916316032409668
vt 0.47558466 0.17832130193710327
vt 0.37576225 0.2651785612106323
vt 0.42363545 0.17871826887130737
vt 0.4940361 0.2443283200263977
vt 0.48406163 0.4910590648651123
vt 0.5321917 0.4576324224472046
vt 0.5799904 0.18041497468948364
vt 0.49994162 0.18302857875823975
vt 0.47663298 0.41639983654022217
vt 0.5095153 0.2768348455429077
vt 0.45914984 0.2521611452102661
vt 0.46561185 0.2563326358795166
vt 0.47876313 0.4659384489059448
vt 0.47804403 0.44054388999938965
vt 0.49211684 0.25989818572998047
vt 0.47859797 0.45304644107818604
vt 0.4790534 0.2573963403701782
vt 0.48765394 0.2548654079437256
vt 0.5103938 0.26863372325897217
vt 0.50107044 0.2591768503189087
vt 0.48064634 0.40404200553894043
vt 0.4450464 0.25156116485595703
vt 0.4257172 0.25550973415374756
vt 0.47847486 0.5044892430305481
vt 0.4184341 0.2521098852157593
vt 0.40698448 0.25329363346099854
vt 0.40306523 0.25778746604919434
vt 0.4781929 0.5264074802398682
vt 0.41415402 0.2563774585723877
vt 0.47838125 0.515678882598877
vt 0.47354007 0.2530456781387329
vt 0.4521891 0.2556641101837158
vt 0.4787258 0.4789007902145386
vt 0.43116117 0.2514728307723999
vt 0.43888244 0.2552546262741089
vt 0.47858655 0.49176883697509766
vt 0.39218673 0.2602442502975464
vt 0.47786185 0.537013828754425
vt 0.5138276 0.2816941738128662
vt 0.24049865 0.6413396000862122
vt 0.47703132 0.39555859565734863
vt 0.50610644 0.29761552810668945
vt 0.23863456 0.6379899382591248
vt 0.4808955 0.39479076862335205
vt 0.36978352 0.2741285562515259
vt 0.36799338 0.28400719165802
vt 0.37097755 0.28076648712158203
vt 0.47696102 0.5661934018135071
vt 0.48317054 0.5475843548774719
vt 0.47685543 0.4047192335128784
vt 0.509754 0.2889209985733032
vt 0.48397347 0.5035857558250427
vt 0.48278722 0.4287230968475342
vt 0.38222513 0.2648332118988037
vt 0.47748867 0.5474861264228821
vt 0.8318561 0.06965237855911255
vt 0.39296183 0.2048102617263794
vt 0.48512873 0.8273903727531433
vt 0.52009034 0.022033214569091797
vt 0.6322676 0.021941304206848145
vt 0.5449227 0.0303230881690979
vt 0.84454393 0.04032105207443237
vt 0.38150135 0.19107955694198608
vt 0.8519828 0.10868215560913086
vt 0.20235862 0.18488585948944092
vt 0.81953275 0.05442094802856445
vt 0.20260477 0.1785820722579956
vt 0.20337673 0.22553354501724243
vt 0.5943105 0.030367136001586914
vt 0.84028554 0.0767015814781189
vt 0.2034251 0.18894463777542114
vt 0.81507856 0.042459845542907715
vt 0.6076558 0.03042292594909668
vt 0.853069 0.07745230197906494
vt 0.53824586 0.03029114007949829
vt 0.8510249 0.04212617874145508
vt 0.8482302 0.04022681713104248
vt 0.205024 0.11057257652282715
vt 0.52337694 0.7017755508422852
vt 0.87829643 0.0027210116386413574
vt 0.5648185 0.030320286750793457
vt 0.82946235 0.051399827003479004
vt 0.6011131 0.030401408672332764
vt 0.8467426 0.07857561111450195
vt 0.53116846 0.03026115894317627
vt 0.8566658 0.04655945301055908
vt 0.845342 0.092215895652771
vt 0.20461945 0.24635165929794312
vt 0.84100515 0.0918053388595581
vt 0.48389485 0.5147075057029724
vt 0.8242525 0.05353438854217529
vt 0.48419097 0.46638309955596924
vt 0.48406985 0.45403826236724854
vt 0.873233 0.06265336275100708
vt 0.20436947 0.2411159873008728
vt 0.8360071 0.08995193243026733
vt 0.48374072 0.44149768352508545
vt 0.37382188 0.18981367349624634
vt 0.8568061 0.10299289226531982
vt 0.8315124 0.07613688707351685
vt 0.82797927 0.054930686950683594
vt 0.84996784 0.0790858268737793
vt 0.50657785 0.8090739846229553
vt 0.5977637 0.02186763286590576
vt 0.84901553 0.08497756719589233
vt 0.2042148 0.26094961166381836
vt 0.8685559 0.0363163948059082
vt 0.83427763 0.08791786432266235
vt 0.8291994 0.08416038751602173
vt 0.82786644 0.06947100162506104
vt 0.5871096 0.030337929725646973
vt 0.83463794 0.07227432727813721
vt 0.57212615 0.030317306518554688
vt 0.8286254 0.05865466594696045
vt 0.8303281 0.04778963327407837
vt 0.85116804 0.10043537616729736
vt 0.85460556 0.04355192184448242
vt 0.82421595 0.0711069107055664
vt 0.5238049 0.030235111713409424
vt 0.86062455 0.05293929576873779
vt 0.83058184 0.029976367950439453
vt 0.8595621 0.049266934394836426
vt 0.86248 0.056449949741363525
vt 0.48084807 0.41602087020874023
vt 0.48152518 0.5672557353973389
vt 0.48237792 0.5583944320678711
vt 0.48374012 0.5254679322242737
vt 0.48416713 0.4786498546600342
vt 0.48349994 0.5363760590553284
vt 0.557829 0.030322492122650146
vt 0.83302283 0.045328497886657715
vt 0.87037146 0.024664759635925293
vt 0.205024 0.2571427822113037
vt 0.8490309 0.09857165813446045
vt 0.86085683 0.07118695974349976
vt 0.8565663 0.10003268718719482
vt 0.8713079 0.05419766902923584
vt 0.8288003 0.06253594160079956
vt 0.20317368 0.2099078893661499
vt 0.8209187 0.03433263301849365
vt 0.8266478 0.07838225364685059
vt 0.20304503 0.20102143287658691
vt 0.20241506 0.15108013153076172
vt 0.8691314 0.04559528827667236
vt 0.20340486 0.16092807054519653
vt 0.83551437 0.026599764823913574
vt 0.5796616 0.030312776565551758
vt 0.83063155 0.06597781181335449
vt 0.8348826 0.04253530502319336
vt 0.85363066 0.08752775192260742
vt 0.85611737 0.07653647661209106
vt 0.8431565 0.07867169380187988
vt 0.20312053 0.18206095695495605
vt 0.81624943 0.03539007902145386
vt 0.2040839 0.23570626974105835
vt 0.8308435 0.08779561519622803
vt 0.62850106 0.030334532260894775
vt 0.8623268 0.060296714305877686
vt 0.20399594 0.23035669326782227
vt 0.8271179 0.08366966247558594
vt 0.4980736 0.7045762538909912
vt 0.87160945 0.026667118072509766
vt 0.84034735 0.09007203578948975
vt 0.81635946 0.038964807987213135
vt 0.8368441 0.07522064447402954
vt 0.8218346 0.06311100721359253
vt 0.5033173 0.8029181361198425
vt 0.59074724 0.021901428699493408
vt 0.46942982 0.813439130783081
vt 0.5416317 0.021945178508758545
vt 0.46908614 0.8069061040878296
vt 0.54814696 0.02191561460494995
vt 0.55134606 0.03034454584121704
vt 0.8382194 0.0414508581161499
vt 0.8447619 0.0237654447555542
vt 0.20415188 0.25457918643951416
vt 0.20353492 0.2383480668067932
vt 0.61425203 0.030399858951568604
vt 0.8582613 0.07356935739517212
vt 0.20343857 0.17333656549453735
vt 0.8240883 0.031094789505004883
vt 0.6211755 0.03036743402481079
vt 0.8615078 0.06754040718078613
vt 0.1948846 0.1186172366142273
vt 0.82535094 0.061733365058898926
vt 0.8485006 0.0946851372718811
vt 0.19902931 0.16115373373031616
vt 0.1994511 0.18885600566864014
vt 0.19921912 0.17362123727798462
vt 0.19934885 0.1821395754814148
vt 0.20008315 0.23036587238311768
vt 0.20016341 0.2356356978416443
vt 0.19826546 0.11098843812942505
vt 0.2004111 0.2519047260284424
vt 0.2002473 0.2411465048789978
vt 0.20032847 0.24647605419158936
vt 0.2004969 0.2575364112854004
vt 0.4835256 0.7942065596580505
vt 0.5684558 0.021923720836639404
vt 0.47670373 0.7966275215148926
vt 0.56124187 0.02194136381149292
vt 0.20491333 0.2516930103302002
vt 0.8456338 0.09440386295318604
vt 0.8758145 0.07587778568267822
vt 0.8629831 0.06408709287643433
vt 0.38724357 0.19580745697021484
vt 0.51286155 0.29306185245513916
vt 0.84123313 0.03981924057006836
vt 0.20374437 0.2437017560005188
vt 0.83851 0.08354014158248901
vt 0.3860381 0.19097238779067993
vt 0.35434163 0.1843101978302002
vt 0.36761138 0.18657559156417847
vt 0.28275496 0.6344475746154785
vt 0.34624067 0.1829535961151123
vt 0.39004245 0.1910133957862854
vt 0.3877169 0.18772101402282715
vt 0.38052562 0.18503034114837646
vt 0.3990479 0.18739664554595947
vt 0.20491712 0.26488351821899414
vt 0.8508303 0.10582482814788818
vt 0.20061935 0.2655801773071289
vt 0.51967645 0.45999962091445923
vt 0.13905758 0.8314310908317566
vt 0.5225149 0.531527578830719
vt 0.14430553 0.8430272936820984
vt 0.51672834 0.542262613773346
vt 0.081457645 0.838637113571167
vt 0.5207205 0.46557390689849854
vt 0.07838355 0.8498688340187073
vt 0.5156438 0.4550246000289917
vt 0.5384431 0.540076494216919
vt 0.13169912 0.8241251111030579
vt 0.52610433 0.5221111178398132
vt 0.12335801 0.8202536106109619
vt 0.5285113 0.5133916735649109
vt 0.11433801 0.8191030025482178
vt 0.52940875 0.5044307708740234
vt 0.10512954 0.8202165961265564
vt 0.5289667 0.49521172046661377
vt 0.09611896 0.8235294222831726
vt 0.52754444 0.4857550859451294
vt 0.08783099 0.829600989818573
vt 0.52485234 0.475864052772522
vt 0.5310657 0.5516453385353088
vt 0.52128696 0.5373157858848572
vt 0.51426965 0.5487126111984253
vt 0.5843746 0.19682741165161133
vt 0.5143496 0.449039101600647
vt 0.58445454 0.29650092124938965
vt 0.52590317 0.5270667672157288
vt 0.5290686 0.5181780457496643
vt 0.5310083 0.5094041228294373
vt 0.53090316 0.5001181960105896
vt 0.5299786 0.49073171615600586
vt 0.5280215 0.4809836149215698
vt 0.52459615 0.4706653356552124
vt 0.14121163 0.8377016186714172
vt 0.13504893 0.8286537528038025
vt 0.1443811 0.8500815033912659
vt 0.084962904 0.8347312808036804
vt 0.080352396 0.8445777893066406
vt 0.07936373 0.8557365536689758
vt 0.12737165 0.8232417106628418
vt 0.11874007 0.8207384347915649
vt 0.10968266 0.8206363916397095
vt 0.100681044 0.8227629661560059
vt 0.0921599 0.8273561596870422
vt 0.5351162 0.5642051100730896
vt 0.60522115 0.18133491277694702
vt 0.54288745 0.528440535068512
vt 0.5455176 0.5184512734413147
vt 0.54715973 0.507899820804596
vt 0.5478077 0.49743902683258057
vt 0.54764825 0.48667657375335693
vt 0.5464897 0.4752579927444458
vt 0.13322589 0.8400139212608337
vt 0.22609924 0.21618717908859253
vt 0.13614368 0.8470200896263123
vt 0.22618099 0.22380560636520386
vt 0.0897083 0.8435096740722656
vt 0.22350065 0.16259104013442993
vt 0.08794898 0.8510603904724121
vt 0.22312625 0.15484565496444702
vt 0.12823847 0.8341749310493469
vt 0.22590633 0.20851284265518188
vt 0.12168926 0.8301774859428406
vt 0.22560562 0.20085912942886353
vt 0.11424291 0.8284215927124023
vt 0.22522666 0.19321173429489136
vt 0.10662106 0.8290455937385559
vt 0.22480015 0.18556493520736694
vt 0.09954962 0.8319790363311768
vt 0.22435494 0.1779155731201172
vt 0.09371391 0.8369557857513428
vt 0.22391474 0.1702592968940735
vt 0.5231681 0.4519249200820923
vt 0.5279348 0.4616506099700928
vt 0.52462584 0.5472486019134521
vt 0.53078747 0.5360317826271057
vt 0.5346912 0.52569580078125
vt 0.5376381 0.5164811015129089
vt 0.53895146 0.5066837668418884
vt 0.5390187 0.4965360164642334
vt 0.5382681 0.4863276481628418
vt 0.53641343 0.47562599182128906
vt 0.5229794 0.445037841796875
vt 0.59308434 0.3005021810531616
vt 0.5296285 0.45781373977661133
vt 0.22438176 0.2047167420387268
vt 0.22158104 0.15100634098052979
vt 0.22158109 0.30416274070739746
vt 0.22403003 0.19705837965011597
vt 0.22361971 0.18940472602844238
vt 0.22318013 0.18175339698791504
vt 0.22193076 0.1587654948234558
vt 0.22231574 0.16644537448883057
vt 0.3255418 0.6706397533416748
vt 0.48814458 0.740306556224823
vt 0.5579271 0.7662873864173889
vt 0.5400286 0.76009601354599
vt 0.52016073 0.7543015480041504
vt 0.05117968 0.40425848960876465
vt 0.3937681 0.16381263732910156
vt 0.39753962 0.10772788524627686
vt 0.03721235 0.4056893587112427
vt 0.3798007 0.16238176822662354
vt 0.3837926 0.11101627349853516
vt 0.36897156 0.1344030499458313
vt 0.3700649 0.09804022312164307
vt 0.5745484 0.7269821763038635
vt 0.57072157 0.7617178559303284
vt 0.06526718 0.40307772159576416
vt 0.40785563 0.16499346494674683
vt 0.41703817 0.13382494449615479
vt 0.41134843 0.10422444343566895
vt 0.013729012 0.4085806608200073
vt 0.3563174 0.15949052572250366
vt 0.35531494 0.09697234630584717
vt 0.84545183 0.637096643447876
vt 0.876281 0.6545059084892273
vt 0.87661725 0.610844612121582
vt 0.90684485 0.6370311975479126
vt 0.84541553 0.6704829335212708
vt 0.81635785 0.7256284356117249
vt 0.8784965 0.6864897608757019
vt 0.9091621 0.6703393459320068
vt 0.6911858 0.3154205083847046
vt 0.80086446 0.6925086975097656
vt 0.7845624 0.7258660197257996
vt 0.79992217 0.759249210357666
vt 0.32491404 0.6952053308486938
vt 0.4908655 0.7659279704093933
vt 0.69083434 0.2835472822189331
vt 0.76899123 0.6921572685241699
vt 0.7528735 0.7256807684898376
vt 0.7684131 0.7590404152870178
vt 0.69066596 0.2517571449279785
vt 0.7372011 0.6919888257980347
vt 0.722413 0.7256569266319275
vt 0.7372231 0.7589731812477112
vt 0.8457387 0.378135085105896
vt 0.87695473 0.39524686336517334
vt 0.68516594 0.13409870862960815
vt 0.8793405 0.36734217405319214
vt 0.9097853 0.38333797454833984
vt 0.33261722 0.39933931827545166
vt 0.6752057 0.1687319278717041
vt 0.66201335 0.13560909032821655
vt 0.67381954 0.10096311569213867
vt 0.30936563 0.3977240324020386
vt 0.6519541 0.17034727334976196
vt 0.6393106 0.13710784912109375
vt 0.6511356 0.10308051109313965
vt 0.28614122 0.3966238498687744
vt 0.6287297 0.17144733667373657
vt 0.6167047 0.13788843154907227
vt 0.6286536 0.10439085960388184
vt 0.26227412 0.39612269401550293
vt 0.6048626 0.17194849252700806
vt 0.58885926 0.13789772987365723
vt 0.6055359 0.10462766885757446
vt 0.8767092 0.41177189350128174
vt 0.07992218 0.4020557403564453
vt 0.42251065 0.1660153865814209
vt 0.4344214 0.13343775272369385
vt 0.42595026 0.10134768486022949
vt 0.6907473 0.22222906351089478
vt 0.707673 0.6920701861381531
vt 0.70916826 0.7589638829231262
vt 0.28592387 0.6519920229911804
vt 0.016048834 0.6880447864532471
vt 0.10473893 0.4005934000015259
vt 0.4473274 0.1674777865409851
vt 0.45050946 0.10061776638031006
vt 0.57887685 0.6944356560707092
vt 0.6931128 0.09343290328979492
vt 0.58774084 0.7270278334617615
vt 0.5809839 0.7594123482704163
vt 0.1588091 0.3982921838760376
vt 0.5013975 0.1697789430618286
vt 0.50383943 0.10195857286453247
vt 0.2227519 0.3964120149612427
vt 0.56534034 0.1716591715812683
vt 0.5669814 0.10371363162994385
vt 0.5997796 0.6938084363937378
vt 0.6924855 0.11433565616607666
vt 0.6007139 0.759430468082428
vt 0.6546381 0.6926735043525696
vt 0.6913507 0.16919410228729248
vt 0.6558848 0.7590312361717224
vt 0.8774466 0.4587658643722534
vt 0.8455611 0.5367703437805176
vt 0.90876 0.5368925333023071
vt 0.5887579 0.7917808294296265
vt 0.576428 0.7904614210128784
vt 0.30155703 0.7018426656723022
vt 0.015746756 0.698688805103302
vt 0.34810302 0.08518058061599731
vt 0.43679944 0.06778740882873535
vt 0.41911793 0.07140642404556274
vt 0.9385284 0.6107162833213806
vt 0.9387236 0.654116153717041
vt 0.7527602 0.7919030785560608
vt 0.72366005 0.7920481562614441
vt 0.81500524 0.7914765477180481
vt 0.94467664 0.685756266117096
vt 0.7836165 0.7922046780586243
vt 0.61889595 0.0715448260307312
vt 0.5912371 0.07078897953033447
vt 0.93874687 0.42071330547332764
vt 0.9350156 0.4066966772079468
vt 0.68657285 0.06699162721633911
vt 0.9455999 0.37822210788726807
vt 0.64126486 0.0707518458366394
vt 0.6636755 0.068600594997406
vt 0.93871295 0.4636657238006592
vt 0.02469883 0.407156765460968
vt 0.36728728 0.16091442108154297
vt 0.49815872 0.7537140250205994
vt 0.026258241 0.6979601383209229
vt 0.09420947 0.6464908719062805
vt 0.0936536 0.6445814371109009
vt 0.35506493 0.2952601909637451
vt 0.11344137 0.6412638425827026
vt 0.37518966 0.29761552810668945
vt 0.476633 0.5827400088310242
vt 0.115678035 0.6427645087242126
vt 0.1169055 0.637058436870575
vt 0.481398 0.5846491456031799
vt 0.11942183 0.6378178000450134
vt 0.022931118 0.6662243008613586
vt 0.023275843 0.663703441619873
vt 0.55786526 0.530613124370575
vt 0.03404819 0.6706719994544983
vt 0.03386425 0.6681405901908875
vt 0.56020606 0.5194705724716187
vt 0.04512911 0.6726346611976624
vt 0.044489164 0.6702888607978821
vt 0.5618593 0.5088598728179932
vt 0.054503966 0.672493577003479
vt 0.054538894 0.6702480316162109
vt 0.5632801 0.49898725748062134
vt 0.06480574 0.669865071773529
vt 0.06505908 0.6676365733146667
vt 0.56435126 0.48826873302459717
vt 0.010515679 0.6651923060417175
vt 0.3559039 0.13172900676727295
vt 0.010622789 0.6555226445198059
vt 0.5540013 0.5449023842811584
vt 0.076499395 0.6639962792396545
vt 0.076046966 0.6620062589645386
vt 0.5648081 0.4759577512741089
vt 0.36914328 0.29198551177978516
vt 0.3601564 0.2904282808303833
vt 0.35091996 0.29030823707580566
vt 0.5581627 0.4547680616378784
vt 0.5591008 0.4615534543991089
vt 0.04897581 0.6808294653892517
vt 0.55871636 0.5037596821784973
vt 0.5597934 0.49308717250823975
vt 0.5571956 0.5141927599906921
vt 0.07014077 0.680321991443634
vt 0.5602618 0.48158156871795654
vt 0.007026958 0.6746199727058411
vt 0.34894934 0.11165416240692139
vt 0.020804869 0.6795102953910828
vt 0.54562324 0.5515841841697693
vt 0.55177337 0.5366163849830627
vt 0.5599802 0.470273494720459
vt 0.032777265 0.6821969151496887
vt 0.55511624 0.5248288512229919
vt 0.34877512 0.14658522605895996
vt 0.35311666 0.14597570896148682
vt 0.009896834 0.6579704880714417
vt 0.34566393 0.14726704359054565
vt 0.54624754 0.5609996318817139
vt 0.31170562 0.6392603516578674
vt 0.39120805 0.18507397174835205
vt 0.24273063 0.6450352668762207
vt 0.3036997 0.639069139957428
vt 0.29041633 0.6367366313934326
vt 0.28664654 0.63607257604599
vt 0.38175544 0.18101561069488525
vt 0.32959375 0.6405799984931946
vt 0.48737118 0.708537757396698
vt 0.22464421 0.21238493919372559
vt 0.22273783 0.17410099506378174
vt 0.22480069 0.22003400325775146
vt 0.22484855 0.22758454084396362
vt 0.32075998 0.6402148604393005
vt 0.47163916 0.8010374903678894
vt 0.55455774 0.021916210651397705
vt 0.19803336 0.09574353694915771
vt 0.53787345 0.695905864238739
vt 0.694583 0.0524294376373291
vt 0.50694937 0.8155967593193054
vt 0.60439676 0.021837353706359863
vt 0.49933767 0.8257758021354675
vt 0.6176614 0.02186882495880127
vt 0.5043941 0.8214734196662903
vt 0.61092854 0.02183818817138672
vt 0.19484426 0.16763907670974731
vt 0.45743656 0.7950727343559265
vt 0.006213101 0.2576373815536499
vt 0.12432888 0.7116315960884094
vt 0.115535274 0.7013648748397827
vt 0.19448091 0.15124136209487915
vt 0.4510225 0.8097350001335144
vt 0.19568132 0.18510198593139648
vt 0.4667519 0.7803519368171692
vt 0.19584848 0.21814227104187012
vt 0.5000434 0.7888635993003845
vt 0.19572796 0.21000373363494873
vt 0.49200776 0.7865028977394104
vt 0.19520663 0.1784909963607788
vt 0.4618816 0.7851042151451111
vt 0.19629364 0.23318582773208618
vt 0.5146818 0.7942150235176086
vt 0.19595842 0.22561943531036377
vt 0.50743 0.7911123037338257
vt 0.19556044 0.20115560293197632
vt 0.48323393 0.7840110659599304
vt 0.19616061 0.2385796308517456
vt 0.51753724 0.7990660071372986
vt 0.19609804 0.24384158849716187
vt 0.5194315 0.8041078448295593
vt 0.19589944 0.25449061393737793
vt 0.52482176 0.8131343722343445
vt 0.19595581 0.24915599822998047
vt 0.52150005 0.8090364336967468
vt 0.37096396 0.2082761526107788
vt 0.40210935 0.24348479509353638
vt 0.51953226 0.1840580701828003
vt 0.40125623 0.2415086030960083
vt 0.51837057 0.1784699559211731
vt 0.35607764 0.21074968576431274
vt 0.28198338 0.6132508516311646
vt 0.34692332 0.21232855319976807
vt 0.38925886 0.2022424340248108
vt 0.60641664 0.22450006008148193
vt 0.08987117 0.8625519871711731
vt 0.2233084 0.2964344024658203
vt 0.13623357 0.8582494258880615
vt 0.22615285 0.2351590394973755
vt 0.60864186 0.23379039764404297
vt 0.617697 0.24292635917663574
vt 0.61655504 0.23225104808807373
vt 0.6144541 0.2221229076385498
vt 0.61106855 0.21162307262420654
vt 0.6091743 0.243982195854187
vt 0.60530084 0.19942569732666016
vt 0.59637684 0.28823113441467285
vt 0.14438263 0.8636514544487
vt 0.590087 0.2087838053703308
vt 0.1395595 0.8740261197090149
vt 0.5945823 0.21889477968215942
vt 0.08804932 0.8765079379081726
vt 0.59307086 0.27478504180908203
vt 0.081460446 0.8672167658805847
vt 0.5883566 0.2852168083190918
vt 0.1327441 0.880742609500885
vt 0.59756625 0.22779321670532227
vt 0.1245935 0.8846812844276428
vt 0.5992807 0.23657816648483276
vt 0.11554998 0.886228621006012
vt 0.59940666 0.24570351839065552
vt 0.106184006 0.8856942653656006
vt 0.59849924 0.2550089359283447
vt 0.09676322 0.8826659321784973
vt 0.5964813 0.264668345451355
vt 0.61794376 0.2534174919128418
vt 0.6172921 0.2645055055618286
vt 0.61600304 0.2751917839050293
vt 0.6088745 0.25405991077423096
vt 0.13342318 0.865348756313324
vt 0.22601826 0.24282056093215942
vt 0.09398398 0.8690617680549622
vt 0.22370322 0.2887413501739502
vt 0.12852868 0.8712528347969055
vt 0.22576769 0.2504845857620239
vt 0.12205845 0.8753458857536316
vt 0.22542407 0.2581338882446289
vt 0.11465761 0.8772318959236145
vt 0.22501747 0.2657807469367981
vt 0.10703066 0.876749575138092
vt 0.22457834 0.27342820167541504
vt 0.09990528 0.8739423751831055
vt 0.22413291 0.2810804843902588
vt 0.6075663 0.264518141746521
vt 0.6057891 0.27459716796875
vt 0.6153893 0.2828160524368286
vt 0.60297513 0.21489238739013672
vt 0.59822947 0.20392024517059326
vt 0.60665005 0.2818065881729126
vt 0.7576377 0.0902068018913269
vt 0.32537574 0.5684268474578857
vt 0.7516547 0.0035021305084228516
vt 0.00628404 0.4719632863998413
vt 0.011502002 0.5609086155891418
vt 0.075815596 0.46544957160949707
vt 0.78322667 0.6106693744659424
vt 0.757659 0.23741072416305542
vt 0.78376365 0.6542612314224243
vt 0.75720924 0.33037304878234863
vt 0.77922356 0.6861742734909058
vt 0.7578556 0.29868948459625244
vt 0.75766206 0.2672795057296753
vt 0.24715428 0.4637535810470581
vt 0.7834907 0.3989630341529846
vt 0.27483508 0.4634225368499756
vt 0.29729488 0.46420717239379883
vt 0.31984404 0.4660111665725708
vt 0.3428634 0.4675484895706177
vt 0.77888775 0.3715860843658447
vt 0.7839086 0.41526496410369873
vt 0.047680087 0.5505515336990356
vt 0.09326992 0.4674431085586548
vt 0.75822324 0.10301738977432251
vt 0.06872789 0.5493150353431702
vt 0.29199764 0.5633980631828308
vt 0.78210706 0.4606267213821411
vt 0.18488385 0.5548452734947205
vt 0.0360539 0.5509207248687744
vt 0.09580383 0.5794705748558044
vt 0.10954213 0.607562243938446
vt 0.13359317 0.2700077295303345
vt 0.111413665 0.6058452725410461
vt 0.09966171 0.6043710112571716
vt 0.09880356 0.6062619090080261
vt 0.1349929 0.2808115482330322
vt 0.09007253 0.6018263697624207
vt 0.08956423 0.6037747263908386
vt 0.13581173 0.29042673110961914
vt 0.63302 0.2906985282897949
vt 0.5584964 0.4255228042602539
vt 0.5434732 0.4254264831542969
vt 0.27584848 0.24495631456375122
vt 0.55860204 0.400801420211792
vt 0.66967803 0.21855705976486206
vt 0.55856615 0.401911199092865
vt 0.51851445 0.4243326187133789
vt 0.04794619 0.574306070804596
vt 0.049653772 0.57950359582901
vt 0.63271385 0.2416554093360901
vt 0.050125215 0.5772606730461121
vt 0.057062272 0.574489176273346
vt 0.05972466 0.5808168053627014
vt 0.63396525 0.25167131423950195
vt 0.059327252 0.5785287022590637
vt 0.0019486845 0.5921987891197205
vt 0.0068173194 0.43834877014160156
vt 0.0031499555 0.5987348556518555
vt 0.0037319444 0.4322258234024048
vt 0.001653232 0.430569052696228
vt 0.0045316503 0.6009417772293091
vt 0.621075 0.19251686334609985
vt 0.07032296 0.5773362517356873
vt 0.070743114 0.5849409699440002
vt 0.6347901 0.2633315324783325
vt 0.070904166 0.5828376412391663
vt 0.082374334 0.585465669631958
vt 0.085982375 0.5960742831230164
vt 0.08548555 0.5981855988502502
vt 0.6339421 0.283589243888855
vt 0.034940396 0.5746507048606873
vt 0.03931418 0.5805628299713135
vt 0.6311607 0.23148900270462036
vt 0.039826546 0.578090250492096
vt 0.028583081 0.5837517380714417
vt 0.6293024 0.22055476903915405
vt 0.028446766 0.5812121033668518
vt 0.020247014 0.5792208313941956
vt 0.016965091 0.5872111916542053
vt 0.017441034 0.5897154808044434
vt 0.6262349 0.20845192670822144
vt 0.080344856 0.5912792682647705
vt 0.63486916 0.2748260498046875
vt 0.38213435 0.17770296335220337
vt 0.52780616 0.26489710807800293
vt 0.5211118 0.25942182540893555
vt 0.5251747 0.26266586780548096
vt 0.39226854 0.18329620361328125
vt 0.2782902 0.6482529044151306
vt 0.08096403 0.5892993807792664
vt 0.30682397 0.5847392678260803
vt 0.28859314 0.6046043038368225
vt 0.28150845 0.6036333441734314
vt 0.28947794 0.6102697253227234
vt 0.28644642 0.6114156246185303
vt 0.28545222 0.6073009371757507
vt 0.38754252 0.20958852767944336
vt 0.6994018 0.06749069690704346
vt 0.16870897 0.11557579040527344
vt 0.38589516 0.21364182233810425
vt 0.1674728 0.11611706018447876
vt 0.31367686 0.5417720675468445
vt 0.6908365 0.3622075319290161
vt 0.6004886 0.6658443808555603
vt 0.6272227 0.3135141134262085
vt 0.8101843 0.07150179147720337
vt 0.64873755 0.3200230002403259
vt 0.7986138 0.05288797616958618
vt 0.6689001 0.3319839835166931
vt 0.7886118 0.03243303298950195
vt 0.054715678 0.5162875056266785
vt 0.6329609 0.6854612231254578
vt 0.04002826 0.5081602931022644
vt 0.6500752 0.6824423670768738
vt 0.024872884 0.5006974935531616
vt 0.6666756 0.6769653558731079
vt 0.6106338 0.3116719722747803
vt 0.8188289 0.08512359857559204
vt 0.68609303 0.34702205657958984
vt 0.7806869 0.01168590784072876
vt 0.009080334 0.4941244125366211
vt 0.68263334 0.6693556308746338
vt 0.069290146 0.5245658159255981
vt 0.61547714 0.6862463355064392
vt 0.7228204 0.6350934505462646
vt 0.35270962 0.3502540588378906
vt 0.71832055 0.6653670072555542
vt 0.3780739 0.3316079378128052
vt 0.8240642 0.3169679641723633
vt 0.40540108 0.31516897678375244
vt 0.8235738 0.2861356735229492
vt 0.43680933 0.30607807636260986
vt 0.8237636 0.2544163465499878
vt 0.59908795 0.31057870388031006
vt 0.8220989 0.09594035148620605
vt 0.7193492 0.3988792300224304
vt 0.3364644 0.5343852043151855
vt 0.35163113 0.6499841809272766
vt 0.31395346 0.5316627025604248
vt 0.3671759 0.6677427887916565
vt 0.29102328 0.5301609635353088
vt 0.38706002 0.6810591816902161
vt 0.26712406 0.5304045081138611
vt 0.41067004 0.6885525584220886
vt 0.22759219 0.5323536396026611
vt 0.45112416 0.691790759563446
vt 0.4518044 0.3289816379547119
vt 0.4210308 0.3343698978424072
vt 0.39296606 0.34486162662506104
vt 0.37065768 0.35944032669067383
vt 0.3524268 0.3742023706436157
vt 0.70602995 0.6451945304870605
vt 0.29158014 0.5393990874290466
vt 0.6896774 0.3858901262283325
vt 0.60018486 0.33478081226348877
vt 0.7184851 0.5368520617485046
vt 0.44685027 0.3840651512145996
vt 0.41808644 0.3834657669067383
vt 0.39129284 0.3866150379180908
vt 0.37003112 0.3909555673599243
vt 0.35571817 0.39222073554992676
vt 0.6967438 0.6303751468658447
vt 0.36218762 0.3798609972000122
vt 0.38054106 0.370918869972229
vt 0.5516508 0.6953685879707336
vt 0.6940457 0.06620687246322632
vt 0.20337896 0.09660941362380981
vt 0.53706086 0.7011635303497314
vt 0.40521315 0.36265456676483154
vt 0.4356844 0.35748744010925293
vt 0.5923596 0.35949110984802246
vt 0.6048078 0.36009693145751953
vt 0.6820878 0.37241387367248535
vt 0.6643719 0.3682749271392822
vt 0.64365226 0.36302244663238525
vt 0.6215989 0.36049091815948486
vt 0.033421494 0.5435695052146912
vt 0.68865234 0.6536411643028259
vt 0.7224746 0.4141881465911865
vt 0.42927247 0.6683726906776428
vt 0.40118548 0.6641557216644287
vt 0.38070258 0.6546146869659424
vt 0.36446342 0.6408838629722595
vt 0.35200366 0.6246085166931152
vt 0.7005852 0.39989572763442993
vt 0.680098 0.6416628956794739
vt 0.60526925 0.6472877860069275
vt 0.35875008 0.609042227268219
vt 0.70364916 0.4259970188140869
vt 0.37299547 0.6192386746406555
vt 0.39306077 0.6398181915283203
vt 0.4149406 0.6453443169593811
vt 0.5908389 0.6462680697441101
vt 0.66172796 0.6456299424171448
vt 0.64285254 0.6479098200798035
vt 0.62331986 0.6482911109924316
vt 0.58021325 0.30771321058273315
vt 0.8233002 0.11444085836410522
vt 0.08436338 0.5314147472381592
vt 0.59832126 0.6861693859100342
vt 0.571551 0.35346198081970215
vt 0.56674975 0.649125874042511
vt 0.5854123 0.3859703540802002
vt 0.58669955 0.3330225944519043
vt 0.5833885 0.6657304763793945
vt 0.09184991 0.39151179790496826
vt 0.55962247 0.3930397033691406
vt 0.51993155 0.018277466297149658
vt 0.5674347 0.40259039402008057
vt 0.36833856 0.0211637020111084
vt 0.56762224 0.5514447093009949
vt 0.31356058 0.018541395664215088
vt 0.5652465 0.6050019860267639
vt 0.5097575 0.002922236919403076
vt 0.5564835 0.6135273575782776
vt 0.51507765 0.6135604381561279
vt 0.5516736 0.0027981996536254883
vt 0.47449353 0.612454891204834
vt 0.5924147 0.0031298398971557617
vt 0.35071936 0.23297452926635742
vt 0.46711007 0.6055646538734436
vt 0.4658454 0.4878256320953369
vt 0.4690527 0.2303929328918457
vt 0.46909013 0.40056514739990234
vt 0.5567805 0.2329261302947998
vt 0.0086317975 0.3914926052093506
vt 0.4771834 0.39098215103149414
vt 0.05034523 0.391079306602478
vt 0.51868904 0.3909958600997925
vt 0.46446314 0.30301153659820557
vt 0.8240642 0.22742599248886108
vt 0.56653947 0.3939622640609741
vt 0.46720663 0.6118418574333191
vt 0.5641512 0.6129980683326721
vt 0.09085234 0.39507341384887695
vt 0.22696705 0.7259853482246399
vt 0.23537426 0.7187778949737549
vt 0.5187491 0.014798641204833984
vt 0.36856356 0.017353951930999756
vt 0.38558185 0.7166864275932312
vt 0.31474307 0.015017509460449219
vt 0.43942916 0.7184312343597412
vt 0.44708464 0.72633296251297
vt 0.51074064 0.00645899772644043
vt 0.4466465 0.7671414017677307
vt 0.55157965 0.00649791955947876
vt 0.4457643 0.8067891001701355
vt 0.59125704 0.006636261940002441
vt 0.35168168 0.23663026094436646
vt 0.4399639 0.8131712079048157
vt 0.32257506 0.8148051500320435
vt 0.46904862 0.2345218062400818
vt 0.23589368 0.813844621181488
vt 0.55570024 0.2365506887435913
vt 0.009851667 0.3950444459915161
vt 0.22723569 0.8069197535514832
vt 0.050424624 0.394775390625
vt 0.22648767 0.7663818001747131
vt 0.34696564 0.23640525341033936
vt 0.5969486 0.006299197673797607
vt 0.30821493 0.014788031578063965
vt 0.5042408 0.006280422210693359
vt 0.5015597 0.017902076244354248
vt 0.097192496 0.39520442485809326
vt 0.5254255 0.01482844352722168
vt 0.53823954 0.23354434967041016
vt 0.0034113105 0.3952195644378662
vt 0.56250066 0.23636674880981445
vt 0.23176081 0.7288089394569397
vt 0.23764026 0.7239078879356384
vt 0.3851086 0.7226774096488953
vt 0.43678287 0.723386824131012
vt 0.44208217 0.7287479043006897
vt 0.44248143 0.7667748332023621
vt 0.44100168 0.803999125957489
vt 0.43733954 0.808210015296936
vt 0.32263452 0.8088685870170593
vt 0.23797674 0.8085617423057556
vt 0.23199604 0.8039491772651672
vt 0.23074973 0.7663896679878235
vt 0.23661911 0.804533064365387
vt 0.43763041 0.8044524192810059
vt 0.2535718 0.8054600954055786
vt 0.43770424 0.7276692986488342
vt 0.23637204 0.728049099445343
vt 0.25321245 0.7269006967544556
vt 0.10948161 0.5343852043151855
vt 0.5720848 0.6887066960334778
vt 0.16361265 0.5340045690536499
vt 0.5164329 0.6917906999588013
vt 0.45548892 0.6506868004798889
vt 0.59622866 0.5539565682411194
vt 0.59033436 0.6101031303405762
vt 0.60281205 0.6111769676208496
vt 0.6218727 0.6123542189598083
vt 0.6445634 0.6133967041969299
vt 0.66386837 0.6137799620628357
vt 0.68155676 0.615614116191864
vt 0.190649 0.5391919612884521
vt 0.6898819 0.49021756649017334
vt 0.5980852 0.3840097188949585
vt 0.58588547 0.48830342292785645
vt 0.5919035 0.4136655330657959
vt 0.60330343 0.41325390338897705
vt 0.62072426 0.4126298427581787
vt 0.6431515 0.4121938943862915
vt 0.6633706 0.4122459888458252
vt 0.681251 0.41158294677734375
vt 0.57110554 0.41979777812957764
vt 0.52135205 0.30350470542907715
vt 0.8240076 0.17186003923416138
vt 0.52035385 0.3264733552932739
vt 0.4672346 0.35047483444213867
vt 0.70384425 0.6093659400939941
vt 0.43856576 0.4868320822715759
vt 0.4126815 0.4861699342727661
vt 0.3681699 0.48681318759918213
vt 0.35343966 0.48657894134521484
vt 0.69197506 0.5368404984474182
vt 0.36147377 0.414459228515625
vt 0.3792605 0.41365814208984375
vt 0.4026803 0.41286396980285645
vt 0.42992595 0.4126018285751343
vt 0.46454886 0.418346643447876
vt 0.35893616 0.559149444103241
vt 0.7008996 0.46652495861053467
vt 0.39754555 0.5838603973388672
vt 0.41868767 0.5829395651817322
vt 0.32322028 0.7228171825408936
vt 0.3228987 0.7168382406234741
vt 0.4312491 0.01727008819580078
vt 0.39537612 0.2305663824081421
vt 0.46532884 0.5611451268196106
vt 0.59695554 0.48793137073516846
vt 0.38947818 0.4863508939743042
vt 0.39353928 0.8089180588722229
vt 0.39547077 0.8148050904273987
vt 0.3961527 0.23462849855422974
vt 0.58497953 0.5531620383262634
vt 0.43144983 0.021080195903778076
vt 0.5683426 0.48950040340423584
vt 0.46998492 0.39167320728302
vt 0.06910875 0.3664894104003906
vt 0.050850697 0.3651808500289917
vt 0.032647133 0.3614766597747803
vt 0.011710726 0.05770033597946167
vt 0.08898174 0.03429293632507324
vt 0.102223635 0.3646106719970703
vt 0.11911311 0.029796302318572998
vt 0.2819329 0.3658597469329834
vt 0.3044525 0.35925889015197754
vt 0.32310298 0.347432017326355
vt 0.3342078 0.06545078754425049
vt 0.98490566 0.6326672434806824
vt 0.33293685 0.09156936407089233
vt 0.31378314 0.05091303586959839
vt 0.28866914 0.03789401054382324
vt 0.258009 0.03014320135116577
vt 0.10066263 0.03332984447479248
vt 0.989825 0.5371648073196411
vt 0.09092506 0.08320295810699463
vt 0.013472152 0.08652311563491821
vt 0.02960234 0.048022568225860596
vt 0.050605625 0.039343953132629395
vt 0.07263894 0.03504669666290283
vt 0.014782384 0.35568463802337646
vt 0.08665354 0.3656129837036133
vt 0.33671165 0.33205342292785645
vt 0.98365724 0.4094836115837097
vt 0.31682327 0.18503856658935547
vt 0.2691128 0.18554675579071045
vt 0.24283557 0.368752121925354
vt 0.22969213 0.02589273452758789
vt 0.10355876 0.18723845481872559
vt 0.5585396 0.22554028034210205
vt 0.08977133 0.6104926466941833
vt 0.37049875 0.02857917547225952
vt 0.285342 0.006007730960845947
vt 0.2333431 0.2722526788711548
vt 0.048325863 0.6104559898376465
vt 0.43621537 0.008679032325744629
vt 0.3534309 0.2254316806793213
vt 0.008071718 0.6106836795806885
vt 0.49052182 0.0062081217765808105
vt 0.32925 0.028213202953338623
vt 0.41156107 0.028188765048980713
vt 0.063203104 0.7651992440223694
vt 0.1257361 0.7259306311607361
vt 0.0104107335 0.7651419639587402
vt 0.21312352 0.7650215029716492
vt 0.12597786 0.36624646186828613
vt 0.18000625 0.3157017230987549
vt 0.1795311 0.3687427043914795
vt 0.074168034 0.186859130859375
vt 0.05111727 0.1867971420288086
vt 0.031164212 0.18673282861709595
vt 0.12745756 0.3055384159088135
vt 0.102907375 0.08319240808486938
vt 0.09294511 0.25342774391174316
vt 0.07383735 0.08293753862380981
vt 0.051736224 0.08365845680236816
vt 0.03125626 0.08575725555419922
vt 0.17621513 0.08702266216278076
vt 0.2188014 0.08708763122558594
vt 0.31514904 0.08772122859954834
vt 0.29096052 0.08387255668640137
vt 0.26184502 0.08158046007156372
vt 0.23087017 0.3056257963180542
vt 0.51391536 0.2233991026878357
vt 0.44054508 0.22327613830566406
vt 0.12576815 0.7651506066322327
vt 0.29434863 0.18525511026382446
vt 0.2974861 0.28632986545562744
vt 0.6745046 0.268130898475647
vt 0.29795817 0.24033743143081665
vt 0.6745152 0.22203689813613892
vt 0.2926381 0.23856717348098755
vt 0.6714528 0.2169865369796753
vt 0.250245 0.2605668306350708
vt 0.63089305 0.19114041328430176
vt 0.2501578 0.2655515670776367
vt 0.6306318 0.30100899934768677
vt 0.2766459 0.28265488147735596
vt 0.657939 0.28470999002456665
vt 0.27591297 0.24571973085403442
vt 0.65661675 0.2063499093055725
vt 0.29248703 0.29019588232040405
vt 0.6723046 0.2743643522262573
vt 0.05627833 0.8034694790840149
vt 0.049689453 0.25525832176208496
vt 0.030152565 0.25620776414871216
vt 0.09227044 0.18699711561203003
vt 0.28652188 0.28907227516174316
vt 0.10444123 0.2527587413787842
vt 0.2652074 0.29806065559387207
vt 0.33506346 0.1858634352684021
vt 0.013894014 0.18686604499816895
vt 0.12392218 0.1885111927986145
vt 0.3732827 0.008597493171691895
vt 0.12655608 0.8033546805381775
vt 0.07378977 0.2542232275009155
vt 0.06316296 0.7256665825843811
vt 0.27674732 0.2998373508453369
vt 0.12469143 0.2507927417755127
vt 0.13753425 0.31539106369018555
vt 0.12533261 0.10025352239608765
vt 0.22191153 0.314298152923584
vt 0.2926395 0.2909454107284546
vt 0.29501402 0.30264759063720703
vt 0.13425805 0.08927977085113525
vt 0.23275045 0.1872011423110962
vt 0.22817735 0.09816467761993408
vt 0.19649714 0.21815848350524902
vt 0.19727947 0.26962196826934814
vt 0.38373742 0.1992589235305786
vt 0.18072958 0.2619802951812744
vt 0.13733508 0.10165822505950928
vt 0.2731512 0.6063669919967651
vt 0.44924614 0.20686668157577515
vt 0.1967671 0.24918341636657715
vt 0.19702055 0.23308634757995605
vt 0.47595623 0.2077730894088745
vt 0.16100188 0.2890535593032837
vt 0.5258054 0.20666706562042236
vt 0.57676965 0.2106761336326599
vt 0.550064 0.20651459693908691
vt 0.15341194 0.2859067916870117
vt 0.1491458 0.2803995609283447
vt 0.3982855 0.209405779838562
vt 0.14541906 0.10530465841293335
vt 0.41462734 0.20842814445495605
vt 0.1846338 0.14781039953231812
vt 0.44044843 0.20756328105926514
vt 0.4581456 0.2077561616897583
vt 0.19013251 0.2204740047454834
vt 0.16564383 0.2803616523742676
vt 0.18729745 0.1552944779396057
vt 0.18766338 0.16387999057769775
vt 0.18896426 0.18105077743530273
vt 0.49263313 0.20772182941436768
vt 0.56964844 0.7329745888710022
vt 0.19024003 0.18949174880981445
vt 0.4844363 0.20859718322753906
vt 0.18936549 0.17227262258529663
vt 0.42312482 0.20740383863449097
vt 0.5620754 0.20919102430343628
vt 0.16498482 0.11392158269882202
vt 0.15938221 0.1094508171081543
vt 0.17945336 0.13238096237182617
vt 0.19561447 0.1678304672241211
vt 0.5378981 0.20813214778900146
vt 0.18874602 0.2266893982887268
vt 0.17397334 0.27175164222717285
vt 0.55607754 0.20764100551605225
vt 0.1849249 0.2507503032684326
vt 0.17847621 0.2676522731781006
vt 0.5440355 0.20722752809524536
vt 0.53191614 0.20735955238342285
vt 0.18961935 0.19761377573013306
vt 0.18958975 0.21303188800811768
vt 0.18717699 0.245303213596344
vt 0.18902922 0.23320627212524414
vt 0.5068757 0.20768767595291138
vt 0.4144962 0.2062206268310547
vt 0.4317328 0.20667117834091187
vt 0.5790778 0.2094324231147766
vt 0.60146123 0.28969132900238037
vt 0.51331204 0.20683109760284424
vt 0.17645349 0.12483811378479004
vt 0.17061321 0.27678728103637695
vt 0.46707264 0.20698636770248413
vt 0.16760044 0.2818238139152527
vt 0.56779647 0.21461689472198486
vt 0.18078978 0.1313028335571289
vt 0.40654233 0.21273714303970337
vt 0.18252797 0.2631590962409973
vt 0.5434573 0.21291494369506836
vt 0.48458663 0.20692288875579834
vt 0.50015265 0.20690882205963135
vt 0.5621142 0.20744627714157104
vt 0.5380421 0.20648717880249023
vt 0.40596777 0.20724141597747803
vt 0.5728045 0.21107900142669678
vt 0.5727034 0.2092723250389099
vt 0.13798839 0.09750086069107056
vt 0.27723327 0.6065791249275208
vt 0.19066268 0.20563793182373047
vt 0.18392564 0.2569878101348877
vt 0.16358139 0.2901439666748047
vt 0.57704896 0.2148546576499939
vt 0.18683262 0.251764178276062
vt 0.5309336 0.21297943592071533
vt 0.56775373 0.20929354429244995
vt 0.18305385 0.13959819078445435
vt 0.16377547 0.28558826446533203
vt 0.17566212 0.27308136224746704
vt 0.55589473 0.21338772773742676
vt 0.1462029 0.10190355777740479
vt 0.19076176 0.22739183902740479
vt 0.50571424 0.21326124668121338
vt 0.1587488 0.26632702350616455
vt 0.5086375 0.5576078295707703
vt 0.16500784 0.13753485679626465
vt 0.51000583 0.42861342430114746
vt 0.19163291 0.21355491876602173
vt 0.49161336 0.2132701873779297
vt 0.18967651 0.1634131669998169
vt 0.44071588 0.21306943893432617
vt 0.19100833 0.1808357834815979
vt 0.45842633 0.21327930688858032
vt 0.17260648 0.1191859245300293
vt 0.39135897 0.21323102712631226
vt 0.5765824 0.18196862936019897
vt 0.4017006 0.24260306358337402
vt 0.4317865 0.20831751823425293
vt 0.5677658 0.18323850631713867
vt 0.5319602 0.18504416942596436
vt 0.51937467 0.18319213390350342
vt 0.35113212 0.26820147037506104
vt 0.50693434 0.18473470211029053
vt 0.49268696 0.18470191955566406
vt 0.44043955 0.18485069274902344
vt 0.42309785 0.18504536151885986
vt 0.8531553 0.07817220687866211
vt 0.48193175 0.5631142854690552
vt 0.44048455 0.1831948161125183
vt 0.44327423 0.24029767513275146
vt 0.4139559 0.2411895990371704
vt 0.38976228 0.24506109952926636
vt 0.4060872 0.18277084827423096
vt 0.36864522 0.25610673427581787
vt 0.3784747 0.2493078112602234
vt 0.45818424 0.18299376964569092
vt 0.42769632 0.24033230543136597
vt 0.49360415 0.24537599086761475
vt 0.8323881 0.04485684633255005
vt 0.20192982 0.11078286170959473
vt 0.49249288 0.18302571773529053
vt 0.50671643 0.183058500289917
vt 0.5440665 0.18517005443572998
vt 0.5769257 0.18017852306365967
vt 0.52743036 0.26534807682037354
vt 0.42319322 0.18333423137664795
vt 0.46002677 0.24095726013183594
vt 0.47597435 0.18465262651443481
vt 0.45813373 0.1846679449081421
vt 0.55611116 0.18478262424468994
vt 0.84479153 0.0396428108215332
vt 0.35978916 0.2641758918762207
vt 0.47735164 0.24227744340896606
vt 0.4759052 0.18297648429870605
vt 0.56777436 0.18144702911376953
vt 0.50917345 0.2507362365722656
vt 0.53178483 0.18339383602142334
vt 0.47756052 0.4344363212585449
vt 0.49824333 0.2622901201248169
vt 0.47838256 0.4467439651489258
vt 0.48566282 0.2583582401275635
vt 0.47235212 0.2567710876464844
vt 0.47871315 0.45945823192596436
vt 0.44554842 0.25540101528167725
vt 0.47865915 0.4853249788284302
vt 0.38700423 0.26221632957458496
vt 0.47768196 0.542275607585907
vt 0.39757362 0.25881969928741455
vt 0.47803673 0.5317296385765076
vt 0.48340982 0.4350752830505371
vt 0.48411742 0.4848048686981201
vt 0.5439591 0.1835237741470337
vt 0.5560517 0.18308722972869873
vt 0.48281237 0.5531342625617981
vt 0.47671187 0.41035711765289307
vt 0.51030445 0.283078134059906
vt 0.45887983 0.25597476959228516
vt 0.4787649 0.47243332862854004
vt 0.4770089 0.39970850944519043
vt 0.5081204 0.29384124279022217
vt 0.47671476 0.42260080575942993
vt 0.5072357 0.270827054977417
vt 0.43217322 0.2552931308746338
vt 0.47852716 0.49825096130371094
vt 0.4197754 0.2558784484863281
vt 0.47842917 0.5102363228797913
vt 0.40859863 0.256999135017395
vt 0.47830555 0.5210551619529724
vt 0.3780441 0.26816630363464355
vt 0.4773743 0.5525919198989868
vt 0.48415184 0.46022701263427734
vt 0.48393235 0.4478003978729248
vt 0.20386218 0.24636489152908325
vt 0.20407178 0.2518202066421509
vt 0.48419094 0.47251880168914795
vt 0.48393703 0.5092898011207581
vt 0.4840135 0.4974198341369629
vt 0.83783036 0.040840864181518555
vt 0.4812615 0.5708879828453064
vt 0.37075624 0.284993052482605
vt 0.4768754 0.5700868964195251
vt 0.3722764 0.2763768434524536
vt 0.47710165 0.5619831681251526
vt 0.48180062 0.4223325252532959
vt 0.4805711 0.40985429286956787
vt 0.48336148 0.5419731736183167
vt 0.48362282 0.5308892130851746
vt 0.48383066 0.5200803279876709
vt 0.54998785 0.20817703008651733
vt 0.5256071 0.2083250880241394
vt 0.46708465 0.20866400003433228
vt 0.51309365 0.20850342512130737
vt 0.44929972 0.20853304862976074
vt 0.1719686 0.2561032772064209
vt 0.17560154 0.24530243873596191
vt 0.19167233 0.19777441024780273
vt 0.47558466 0.2132939100265503
vt 0.16565679 0.2652242183685303
vt 0.1865071 0.146950364112854
vt 0.4236354 0.21289688348770142
vt 0.50252986 0.49114274978637695
vt 0.5799904 0.21120035648345947
vt 0.60229665 0.28790760040283203
vt 0.4999416 0.20858663320541382
vt 0.15400049 0.13147127628326416
vt 0.51057595 0.4164818525314331
vt 0.1786743 0.18183672428131104
vt 0.17450275 0.17537462711334229
vt 0.50808704 0.4660688638687134
vt 0.17093717 0.14886963367462158
vt 0.5089499 0.440543532371521
vt 0.1734391 0.16193318367004395
vt 0.50835985 0.45311295986175537
vt 0.17597002 0.15333259105682373
vt 0.16220157 0.13059264421463013
vt 0.17165858 0.1399160623550415
vt 0.5066797 0.4041094183921814
vt 0.17927428 0.19594013690948486
vt 0.17532565 0.2152693271636963
vt 0.5079923 0.5046263337135315
vt 0.17872562 0.22255241870880127
vt 0.17754184 0.23400211334228516
vt 0.17304786 0.23792123794555664
vt 0.5080697 0.5265909433364868
vt 0.17445791 0.22683250904083252
vt 0.50798976 0.5158283710479736
vt 0.1777898 0.16744643449783325
vt 0.17517121 0.1887974739074707
vt 0.50799054 0.47904932498931885
vt 0.1793626 0.209825336933136
vt 0.17558081 0.2021040916442871
vt 0.5079946 0.49190783500671387
vt 0.17059118 0.24879980087280273
vt 0.508254 0.5372313857078552
vt 0.14914124 0.12715888023376465
vt 0.1332199 0.13488006591796875
vt 0.24073867 0.6096019744873047
vt 0.5103754 0.39562857151031494
vt 0.23884468 0.6129780411720276
vt 0.50648856 0.3948236107826233
vt 0.15670682 0.27120304107666016
vt 0.14682828 0.2729930877685547
vt 0.15006892 0.27000892162323
vt 0.50885 0.5663537383079529
vt 0.502778 0.54769366979599
vt 0.14191449 0.13123250007629395
vt 0.51047164 0.4048190116882324
vt 0.48130247 0.5781398415565491
vt 0.20231713 0.18214881420135498
vt 0.20417558 0.26536428928375244
vt 0.50249904 0.5036750435829163
vt 0.5042624 0.4286773204803467
vt 0.29584506 0.28984534740448
vt 0.16600223 0.2587614059448242
vt 0.5084672 0.5476638674736023
vt 0.49821872 0.7974648475646973
vt 0.46888736 0.8101527094841003
vt 0.5449227 0.021929383277893066
vt 0.38150135 0.2005353569984436
vt 0.5372485 0.8175914287567139
vt 0.19642407 0.18497616052627563
vt 0.48298723 0.7851415872573853
vt 0.19598609 0.1786828637123108
vt 0.19664405 0.2256360650062561
vt 0.505268 0.8058943748474121
vt 0.5943106 0.021885454654693604
vt 0.19548164 0.18906563520431519
vt 0.4710261 0.7806875109672546
vt 0.5060186 0.8186777234077454
vt 0.6076558 0.021829724311828613
vt 0.47069252 0.8166337609291077
vt 0.53824586 0.021961331367492676
vt 0.4687932 0.8138389587402344
vt 0.19149737 0.1107785701751709
vt 0.43128735 0.8439052700996399
vt 0.7004527 0.03793293237686157
vt 0.47996616 0.7950711250305176
vt 0.5648185 0.021932244300842285
vt 0.507142 0.812351405620575
vt 0.6011131 0.021851181983947754
vt 0.47512576 0.8222745060920715
vt 0.5311684 0.021991372108459473
vt 0.5207823 0.8109508156776428
vt 0.19603567 0.24648237228393555
vt 0.5203716 0.8066139221191406
vt 0.5024769 0.5148023962974548
vt 0.4821007 0.7898612022399902
vt 0.20267193 0.17357218265533447
vt 0.38454816 0.18996518850326538
vt 0.37699452 0.18806767463684082
vt 0.5026409 0.46646618843078613
vt 0.85730785 0.04616248607635498
vt 0.5028532 0.45407891273498535
vt 0.82802767 0.05873018503189087
vt 0.49121967 0.8388418555259705
vt 0.19612615 0.24124151468276978
vt 0.51851827 0.8016158938407898
vt 0.8515356 0.04154849052429199
vt 0.5000605 0.768189013004303
vt 0.5032572 0.4414740204811096
vt 0.204219 0.2574547529220581
vt 0.37382185 0.20180124044418335
vt 0.5315592 0.8224149346351624
vt 0.84660834 0.07926392555236816
vt 0.5047033 0.7971211075782776
vt 0.8622667 0.06776124238967896
vt 0.8300807 0.06622689962387085
vt 0.48349705 0.7935881018638611
vt 0.86130315 0.05273866653442383
vt 0.5076521 0.8155766725540161
vt 0.513544 0.8146243691444397
vt 0.48079363 0.3989037275314331
vt 0.19688463 0.2610611915588379
vt 0.4648828 0.8341646194458008
vt 0.5164842 0.7998864650726318
vt 0.5127268 0.7948083281517029
vt 0.49803728 0.7934752106666565
vt 0.50084066 0.8002467751502991
vt 0.5871096 0.02191460132598877
vt 0.839868 0.07725143432617188
vt 0.4872211 0.7942340970039368
vt 0.5721262 0.021935224533081055
vt 0.47635594 0.7959368824958801
vt 0.8500414 0.09711796045303345
vt 0.5290018 0.8167769312858582
vt 0.20336552 0.23557543754577637
vt 0.20325492 0.23036408424377441
vt 0.20262505 0.1610870361328125
vt 0.8253438 0.032169222831726074
vt 0.82881683 0.05124104022979736
vt 0.83413965 0.07267236709594727
vt 0.8165929 0.04284411668777466
vt 0.8178223 0.03635144233703613
vt 0.85871905 0.07412683963775635
vt 0.4721183 0.8202143907546997
vt 0.49967322 0.7898247838020325
vt 0.48150563 0.8262333273887634
vt 0.5238049 0.02201741933822632
vt 0.45854267 0.7961906790733337
vt 0.8630484 0.060276806354522705
vt 0.47783333 0.8251708745956421
vt 0.48501635 0.828088641166687
vt 0.50638634 0.41605091094970703
vt 0.20270236 0.18876224756240845
vt 0.5042831 0.5673773884773254
vt 0.5035067 0.558525025844574
vt 0.50251836 0.5255841612815857
vt 0.50255173 0.478743314743042
vt 0.5026369 0.5365197062492371
vt 0.47389483 0.7986316680908203
vt 0.557829 0.02192997932434082
vt 0.4532312 0.835980236530304
vt 0.19595985 0.2572808265686035
vt 0.52713805 0.8146397471427917
vt 0.4997534 0.8264656066894531
vt 0.52859896 0.8221750259399414
vt 0.48276404 0.8369167447090149
vt 0.20364623 0.24106138944625854
vt 0.8365095 0.02770555019378662
vt 0.49110228 0.7944091558456421
vt 0.19637121 0.21001148223876953
vt 0.4628989 0.7865275144577026
vt 0.50694853 0.792256772518158
vt 0.19622926 0.20112526416778564
vt 0.19533841 0.15118789672851562
vt 0.47416162 0.8347402811050415
vt 0.1946489 0.16106140613555908
vt 0.45516607 0.801123321056366
vt 0.49454418 0.796240508556366
vt 0.5796616 0.021939754486083984
vt 0.47110167 0.800491452217102
vt 0.38677135 0.19196009635925293
vt 0.51609415 0.8192395567893982
vt 0.5051028 0.8217260241508484
vt 0.5072381 0.8087652921676636
vt 0.19557653 0.182175874710083
vt 0.46395645 0.7818582653999329
vt 0.19624688 0.23582565784454346
vt 0.51636195 0.7964523434638977
vt 0.48886308 0.827935516834259
vt 0.62850106 0.021918058395385742
vt 0.19617191 0.23047584295272827
vt 0.51223606 0.7927267551422119
vt 0.5179916 0.5429410934448242
vt 0.522214 0.4653693437576294
vt 0.51700306 0.45456361770629883
vt 0.5238755 0.5319982171058655
vt 0.5276012 0.5225206017494202
vt 0.53026146 0.5138504505157471
vt 0.5311504 0.5047934651374817
vt 0.5305254 0.4954458475112915
vt 0.52916265 0.485917329788208
vt 0.5265121 0.4758979082107544
vt 0.45523342 0.8372183442115784
vt 0.7032533 0.012629687786102295
vt 0.13839425 0.8326902389526367
vt 0.14327979 0.8436272740364075
vt 0.08225873 0.8394033312797546
vt 0.07936841 0.8500905632972717
vt 0.13135433 0.8255395889282227
vt 0.12314274 0.8216643929481506
vt 0.11423244 0.8204084038734436
vt 0.10515177 0.8214132189750671
vt 0.09631929 0.8247256875038147
vt 0.08831999 0.8306978344917297
vt 0.51863843 0.805956244468689
vt 0.4675312 0.7819681763648987
vt 0.50378704 0.8024528622627258
vt 0.49167737 0.7874433994293213
vt 0.47001716 0.803828239440918
vt 0.55134606 0.021907925605773926
vt 0.45233175 0.8103708624839783
vt 0.19675349 0.25469183921813965
vt 0.196876 0.23844951391220093
vt 0.50213575 0.8238700032234192
vt 0.61425203 0.02185267210006714
vt 0.19499302 0.17346519231796265
vt 0.4596611 0.789696991443634
vt 0.49610674 0.8271165490150452
vt 0.6211755 0.021885156631469727
vt 0.1922764 0.11793357133865356
vt 0.4348155 0.8378276228904724
vt 0.49029967 0.7909598350524902
vt 0.5232515 0.8141094446182251
vt 0.5257657 0.4506082534790039
vt 0.5302238 0.4597333073616028
vt 0.5298603 0.4565378427505493
vt 0.49644732 0.7074999213218689
vt 0.5386481 0.7399287819862366
vt 0.4971337 0.7393910884857178
vt 0.51830155 0.7378599643707275
vt 0.39611253 0.135500967502594
vt 0.38230038 0.1364678144454956
vt 0.36949638 0.11667442321777344
vt 0.5566173 0.7434095740318298
vt 0.40998694 0.1343514323234558
vt 0.876161 0.6371068358421326
vt 0.87730306 0.6704867482185364
vt 0.80043983 0.7259461283683777
vt 0.76871103 0.7257525324821472
vt 0.7371781 0.7256603837013245
vt 0.87791735 0.3791710138320923
vt 0.6734727 0.13470256328582764
vt 0.65063995 0.13644099235534668
vt 0.6280059 0.13759338855743408
vt 0.60474545 0.13799285888671875
vt 0.19590457 0.2518301010131836
vt 0.52297014 0.8112426400184631
vt 0.42454442 0.13346165418624878
vt 0.70807976 0.7256646156311035
vt 0.5044442 0.8414232134819031
vt 0.49265343 0.8285919427871704
vt 0.44909766 0.13388538360595703
vt 0.5799666 0.7271060347557068
vt 0.5026298 0.1357620358467102
vt 0.56597763 0.13752293586730957
vt 0.6005395 0.7267484068870544
vt 0.6552018 0.7259595394134521
vt 0.8771577 0.5368092656135559
vt 0.58165145 0.7913150191307068
vt 0.57134396 0.790254533290863
vt 0.35489714 0.08399587869644165
vt 0.42678335 0.06921935081481934
vt 0.41197768 0.07408416271209717
vt 0.5586378 0.7897961139678955
vt 0.5193582 0.7749200463294983
vt 0.5410175 0.7830063700675964
vt 0.36998114 0.08141839504241943
vt 0.39816487 0.07996213436126709
vt 0.38448688 0.08556389808654785
vt 0.9386206 0.6368469595909119
vt 0.9386714 0.5370176434516907
vt 0.7375253 0.7919560074806213
vt 0.7108024 0.7920992970466614
vt 0.9409918 0.6699315905570984
vt 0.7991887 0.7923814654350281
vt 0.76816577 0.7919948697090149
vt 0.6070309 0.07137167453765869
vt 0.56841344 0.06988346576690674
vt 0.9391118 0.38950252532958984
vt 0.6300871 0.07132911682128906
vt 0.6524534 0.06983304023742676
vt 0.674982 0.06729006767272949
vt 0.45153096 0.06729060411453247
vt 0.60034996 0.7919712662696838
vt 0.50503296 0.06808573007583618
vt 0.65661645 0.7921558022499084
vt 0.020033106 0.6948761940002441
vt 0.37251154 0.2923102378845215
vt 0.47686282 0.5771246552467346
vt 0.014114214 0.2550894021987915
vt 0.35534593 0.29018592834472656
vt 0.40604216 0.18625152111053467
vt 0.559305 0.4985041618347168
vt 0.5580311 0.5089460015296936
vt 0.56012654 0.4874829053878784
vt 0.012896554 0.6766181588172913
vt 0.54071945 0.5580173134803772
vt 0.5491485 0.5441656708717346
vt 0.3552705 0.11399704217910767
vt 0.56018203 0.4754650592803955
vt 0.55624014 0.5194963812828064
vt 0.5537115 0.5303105711936951
vt 0.8518869 0.10464787483215332
vt 0.27473137 0.648543655872345
vt 0.28005785 0.648041844367981
vt 0.22483663 0.22381818294525146
vt 0.22295775 0.1779274344444275
vt 0.22252296 0.17027366161346436
vt 0.22211802 0.16261374950408936
vt 0.22175355 0.15488994121551514
vt 0.22452621 0.208548903465271
vt 0.22421505 0.20088684558868408
vt 0.22383027 0.19323116540908813
vt 0.22340183 0.18557894229888916
vt 0.224737 0.21621918678283691
vt 0.23494752 0.6385294198989868
vt 0.23682706 0.643031895160675
vt 0.519587 0.18485790491104126
vt 0.5215197 0.25873303413391113
vt 0.39212912 0.18152618408203125
vt 0.20077525 0.0959540605545044
vt 0.5377098 0.6985859870910645
vt 0.23352392 0.2606698274612427
vt 0.5687181 0.24441730976104736
vt 0.21125127 0.21997344493865967
vt 0.56494755 0.24382144212722778
vt 0.21117707 0.21616673469543457
vt 0.5611303 0.24382144212722778
vt 0.21107535 0.21235954761505127
vt 0.5757503 0.2473287582397461
vt 0.21131186 0.22758454084396362
vt 0.5723485 0.24559694528579712
vt 0.21129642 0.2237793207168579
vt 0.5405694 0.2773861885070801
vt 0.2086951 0.16672486066818237
vt 0.54230356 0.28078675270080566
vt 0.20849794 0.1629233956336975
vt 0.5445473 0.28387510776519775
vt 0.20831354 0.15912163257598877
vt 0.54724747 0.2865734100341797
vt 0.20814395 0.1553192138671875
vt 0.20799212 0.30365848541259766
vt 0.20799214 0.15151053667068481
vt 0.5503357 0.2888171076774597
vt 0.55736023 0.24441975355148315
vt 0.21094777 0.2085525393486023
vt 0.5537298 0.24559932947158813
vt 0.21079661 0.20474648475646973
vt 0.5503291 0.24733352661132812
vt 0.2106245 0.2009413242340088
vt 0.54724085 0.2495773434638977
vt 0.21043469 0.1971372365951538
vt 0.54454255 0.2522773742675781
vt 0.2102304 0.19333404302597046
vt 0.5422988 0.25536561012268066
vt 0.21001549 0.1895316243171692
vt 0.5405669 0.2587674856185913
vt 0.20979343 0.18572998046875
vt 0.53938735 0.2623978853225708
vt 0.20956783 0.18192869424819946
vt 0.5387914 0.26616835594177246
vt 0.2093422 0.1781277060508728
vt 0.5387914 0.2699856758117676
vt 0.2091196 0.1743268370628357
vt 0.53938985 0.2737557291984558
vt 0.208903 0.17052596807479858
vt 0.5682687 0.24629056453704834
vt 0.5647967 0.2457418441772461
vt 0.56128174 0.24574190378189087
vt 0.574744 0.24897146224975586
vt 0.5716116 0.24737679958343506
vt 0.5423491 0.2766486406326294
vt 0.54394597 0.2797800302505493
vt 0.546012 0.28262364864349365
vt 0.5484982 0.2851083278656006
vt 0.551342 0.2871744632720947
vt 0.5578102 0.24629288911819458
vt 0.55446726 0.24737906455993652
vt 0.5513359 0.24897587299346924
vt 0.5484922 0.25104188919067383
vt 0.5460076 0.2535282373428345
vt 0.5439415 0.25637197494506836
vt 0.5423468 0.2595043182373047
vt 0.54126066 0.2628471851348877
vt 0.54071194 0.2663191556930542
vt 0.5407119 0.26983416080474854
vt 0.5412629 0.27330565452575684
vt 0.18388127 0.6417505741119385
vt 0.18380176 0.653437614440918
vt 0.13777347 0.12812495231628418
vt 0.46838567 0.8068418502807617
vt 0.19682969 0.24380707740783691
vt 0.5121065 0.8041186928749084
vt 0.3860381 0.20064258575439453
vt 0.35434154 0.2073047161102295
vt 0.36761132 0.20503932237625122
vt 0.28312886 0.616689920425415
vt 0.34624055 0.2086612582206726
vt 0.39004245 0.20060157775878906
vt 0.38771686 0.20389407873153687
vt 0.3805256 0.20658469200134277
vt 0.39904788 0.20421838760375977
vt 0.1963024 0.26501476764678955
vt 0.53439116 0.8164390921592712
vt 0.58978134 0.28554046154022217
vt 0.14231676 0.8693382740020752
vt 0.59261984 0.21401244401931763
vt 0.14550093 0.8570420145988464
vt 0.5868333 0.20327740907669067
vt 0.08439487 0.8722085952758789
vt 0.59082544 0.27996623516082764
vt 0.079417795 0.8616847991943359
vt 0.58574873 0.2905155420303345
vt 0.6085481 0.20546352863311768
vt 0.13634068 0.8777807354927063
vt 0.5962093 0.2234289050102234
vt 0.12881261 0.8830283284187317
vt 0.59861624 0.23214846849441528
vt 0.12014374 0.8857274055480957
vt 0.59951365 0.24110931158065796
vt 0.11089125 0.886232852935791
vt 0.5990717 0.25032830238342285
vt 0.101448506 0.8845365643501282
vt 0.5976494 0.2597849369049072
vt 0.092237145 0.8799976706504822
vt 0.5949573 0.26967597007751465
vt 0.6011706 0.19389474391937256
vt 0.591392 0.20822429656982422
vt 0.5960081 0.21847331523895264
vt 0.59917355 0.2273620367050171
vt 0.60111326 0.23613595962524414
vt 0.6010081 0.2454218864440918
vt 0.60008353 0.25480830669403076
vt 0.5981265 0.2645564079284668
vt 0.59470105 0.2748746871948242
vt 0.14336278 0.8628067374229431
vt 0.13885367 0.8727545738220215
vt 0.0885236 0.8754449486732483
vt 0.08227521 0.8665522933006287
vt 0.1322403 0.8793959021568298
vt 0.12418841 0.8833537101745605
vt 0.11529791 0.8850285410881042
vt 0.106071495 0.8844994902610779
vt 0.0968878 0.8814565539360046
vt 0.61299235 0.21709954738616943
vt 0.6156226 0.22708868980407715
vt 0.61726475 0.23764026165008545
vt 0.6179127 0.24810099601745605
vt 0.6177532 0.25886356830596924
vt 0.61659473 0.2702820301055908
vt 0.13511193 0.8618996739387512
vt 0.22609924 0.23898184299468994
vt 0.13678202 0.8544995188713074
vt 0.22618099 0.23136335611343384
vt 0.0916715 0.8659793734550476
vt 0.22350062 0.29257798194885254
vt 0.088629425 0.8588516116142273
vt 0.22312622 0.300323486328125
vt 0.1312088 0.868493378162384
vt 0.22590633 0.24665617942810059
vt 0.12545168 0.8735556602478027
vt 0.22560568 0.25430989265441895
vt 0.11843178 0.876579225063324
vt 0.22522669 0.2619572877883911
vt 0.11082652 0.8772881627082825
vt 0.22480015 0.2696040868759155
vt 0.10336053 0.8756253719329834
vt 0.22435494 0.27725350856781006
vt 0.09675306 0.8717363476753235
vt 0.22391473 0.28490984439849854
vt 0.59327304 0.2936152219772339
vt 0.5980397 0.28388941287994385
vt 0.59473085 0.19829142093658447
vt 0.6008925 0.20950829982757568
vt 0.6047962 0.21984434127807617
vt 0.607743 0.22905898094177246
vt 0.6090564 0.23885631561279297
vt 0.6091237 0.24900412559509277
vt 0.6083731 0.2592124938964844
vt 0.6065183 0.26991403102874756
vt 0.5997334 0.28772640228271484
vt 0.22438176 0.25045228004455566
vt 0.22403003 0.2581106424331665
vt 0.22361974 0.2657642364501953
vt 0.22318013 0.2734156847000122
vt 0.22193079 0.2964036464691162
vt 0.22231574 0.2887237071990967
vt 0.32621384 0.5805483460426331
vt 0.7389837 0.0027005672454833984
vt 0.7649645 0.07248300313949585
vt 0.75877315 0.054584503173828125
vt 0.75297874 0.034716665744781494
vt 0.054951172 0.4603433609008789
vt 0.041204076 0.4570549726486206
vt 0.026383078 0.4336681365966797
vt 0.027476413 0.4700309634208679
vt 0.7256593 0.08910441398620605
vt 0.76039505 0.08527755737304688
vt 0.074449755 0.434246301651001
vt 0.068760015 0.46384668350219727
vt 0.012726528 0.47109878063201904
vt 0.8145848 0.6544389128684998
vt 0.8143435 0.6107768416404724
vt 0.78405887 0.6368977427482605
vt 0.72430557 0.3309139013290405
vt 0.81229985 0.6864178776741028
vt 0.7816693 0.6702009439468384
vt 0.7245431 0.2991185188293457
vt 0.7579264 0.31447815895080566
vt 0.325685 0.5558948516845703
vt 0.76460505 0.0054215192794799805
vt 0.7243579 0.2674295902252197
vt 0.75771755 0.28296923637390137
vt 0.72433394 0.23696905374526978
vt 0.7576504 0.25177907943725586
vt 0.81448257 0.3951749801635742
vt 0.34257755 0.43397247791290283
vt 0.8121615 0.36726391315460205
vt 0.7816784 0.38318967819213867
vt 0.3194249 0.43246209621429443
vt 0.3312311 0.46710801124572754
vt 0.29672214 0.43096327781677246
vt 0.30854714 0.46499061584472656
vt 0.27411625 0.43018269538879395
vt 0.2860652 0.4636803865432739
vt 0.24627079 0.43017351627349854
vt 0.2629474 0.4634435176849365
vt 0.81469005 0.411701500415802
vt 0.09183303 0.43463337421417236
vt 0.08336184 0.4667234420776367
vt 0.7576411 0.22372430562973022
vt 0.28638127 0.5990973114967346
vt 0.01616073 0.5618962049484253
vt 0.10792092 0.4674534797668457
vt 0.7257049 0.10229682922363281
vt 0.75808954 0.09553980827331543
vt 0.16125093 0.4661126136779785
vt 0.22439297 0.46435749530792236
vt 0.75810766 0.11526989936828613
vt 0.75770825 0.17044079303741455
vt 0.81384695 0.4586946964263916
vt 0.7823616 0.5367540717124939
vt 0.79045796 0.10331392288208008
vt 0.78913844 0.090984046459198
vt 0.30227408 0.549138605594635
vt 0.005514545 0.48289060592651367
vt 0.015893346 0.5512416958808899
vt 0.094210975 0.5002837181091309
vt 0.076529436 0.49666476249694824
vt 0.7524324 0.6105138659477234
vt 0.75214297 0.6539135575294495
vt 0.7905803 0.26731622219085693
vt 0.79072523 0.23821604251861572
vt 0.74612135 0.6855407953262329
vt 0.7901537 0.32956135272979736
vt 0.7908818 0.29817259311676025
vt 0.27630746 0.49652624130249023
vt 0.24864866 0.4972822666168213
vt 0.75263083 0.4205012321472168
vt 0.7537515 0.40441346168518066
vt 0.34398437 0.5010794997215271
vt 0.74587107 0.3779905438423157
vt 0.29867637 0.4973193407058716
vt 0.321087 0.499470591545105
vt 0.7525685 0.463458776473999
vt 0.75239116 0.012714803218841553
vt 0.026411718 0.5520055294036865
vt 0.094252415 0.6037421226501465
vt 0.09368974 0.6056511402130127
vt 0.1355752 0.285921573638916
vt 0.113478325 0.6090380549430847
vt 0.13321996 0.26579684019088745
vt 0.50912124 0.5826784372329712
vt 0.11571934 0.6075462698936462
vt 0.11692488 0.613250195980072
vt 0.5044689 0.5845491290092468
vt 0.119433574 0.6124992966651917
vt 0.022977592 0.583758533000946
vt 0.023314357 0.5862827301025391
vt 0.62797016 0.21492689847946167
vt 0.034119073 0.579343318939209
vt 0.033926696 0.5818763971328735
vt 0.630311 0.22606950998306274
vt 0.045216296 0.5774152278900146
vt 0.044568006 0.5797609090805054
vt 0.63196427 0.23668009042739868
vt 0.05459887 0.5775871872901917
vt 0.054626495 0.5798347592353821
vt 0.63338506 0.24655282497406006
vt 0.064901024 0.5802516937255859
vt 0.06514722 0.5824829339981079
vt 0.6344562 0.25727128982543945
vt 0.010547758 0.5847507119178772
vt 0.013315477 0.4363422393798828
vt 0.010623276 0.5944293141365051
vt 0.6241062 0.20063775777816772
vt 0.07658553 0.5861639380455017
vt 0.07612616 0.588154137134552
vt 0.634913 0.26958227157592773
vt 0.13884987 0.27184319496154785
vt 0.1404071 0.28083014488220215
vt 0.1405272 0.29006654024124146
vt 0.62826765 0.2907719612121582
vt 0.62920576 0.2839866876602173
vt 0.04909316 0.5692257881164551
vt 0.6288214 0.24178040027618408
vt 0.62989837 0.2524528503417969
vt 0.62730056 0.23134732246398926
vt 0.07027504 0.5698032379150391
vt 0.63036674 0.2639584541320801
vt 0.0063608685 0.4564169645309448
vt 0.007086905 0.5753032565116882
vt 0.02089301 0.5704538226127625
vt 0.61572814 0.1939558982849121
vt 0.6218783 0.20892369747161865
vt 0.6300852 0.27526652812957764
vt 0.03288487 0.5678040385246277
vt 0.62522125 0.22071123123168945
vt 0.006186701 0.42148590087890625
vt 0.0105281845 0.4220953583717346
vt 0.009904653 0.5919769406318665
vt 0.003075517 0.42080414295196533
vt 0.61635244 0.18454045057296753
vt 0.31220016 0.6119797229766846
vt 0.39120802 0.2065410017967224
vt 0.2429973 0.6058961749076843
vt 0.3041656 0.6121386885643005
vt 0.2908264 0.614424467086792
vt 0.28704074 0.6150752902030945
vt 0.38175538 0.21059942245483398
vt 0.33015594 0.6107293367385864
vt 0.70721483 0.001927196979522705
vt 0.22464421 0.24278414249420166
vt 0.22273783 0.2810680866241455
vt 0.22480069 0.23513507843017578
vt 0.32128993 0.6110592484474182
vt 0.124616824 0.5386438965797424
vt 0.6888814 0.5584192872047424
vt 0.115779325 0.548892080783844
vt 0.18735065 0.23887717723846436
vt 0.51953226 0.20755726099014282
vt 0.18932684 0.2397303581237793
vt 0.51837057 0.21314537525177002
vt 0.16593827 0.11318033933639526
vt 0.3821343 0.21391195058822632
vt 0.17141365 0.11987471580505371
vt 0.1681696 0.11581182479858398
vt 0.39226848 0.2083187699317932
vt 0.27870536 0.6028178334236145
vt 0.19271654 0.09677177667617798
vt 0.6998406 0.0516168475151062
vt 0.62602454 0.6673621535301208
vt 0.6442913 0.6660431027412415
vt 0.6625023 0.6623267531394958
vt 0.6832004 0.35842084884643555
vt 0.60589117 0.33509039878845215
vt 0.59289247 0.6654981970787048
vt 0.5757526 0.33062630891799927
vt 0.4131028 0.6667531728744507
vt 0.39056185 0.6601305603981018
vt 0.37189582 0.6482707858085632
vt 0.36080125 0.36653614044189453
vt 0.7060073 0.6323643922805786
vt 0.36210996 0.3926224708557129
vt 0.38118306 0.3519817590713501
vt 0.40625647 0.33893585205078125
vt 0.4368854 0.33114540576934814
vt 0.5942081 0.3341398239135742
vt 0.7012947 0.5368504524230957
vt 0.6039974 0.38400721549987793
vt 0.68146807 0.38725244998931885
vt 0.6652947 0.3487595319747925
vt 0.6442782 0.3401012420654297
vt 0.6222367 0.3358268141746521
vt 0.680373 0.6565209031105042
vt 0.6084705 0.6664938926696777
vt 0.35829163 0.6328542828559875
vt 0.7077344 0.40917396545410156
vt 0.37830973 0.4859349727630615
vt 0.42591405 0.48642659187316895
vt 0.4522219 0.6696619391441345
vt 0.46518278 0.3268580436706543
vt 0.5914498 0.48806846141815186
vt 0.351105 0.23479938507080078
vt 0.51020074 0.004679620265960693
vt 0.050396655 0.39292311668395996
vt 0.51930314 0.016589581966400146
vt 0.55164623 0.004643082618713379
vt 0.36842993 0.019260942935943604
vt 0.5562136 0.2346908450126648
vt 0.59190035 0.004870712757110596
vt 0.31412348 0.016790032386779785
vt 0.009147824 0.3932889699935913
vt 0.09145915 0.3933134078979492
vt 0.3855042 0.7665219306945801
vt 0.32297114 0.7272533774375916
vt 0.43829656 0.7664647102355957
vt 0.23558377 0.7663443684577942
vt 0.5691278 0.6671439409255981
vt 0.5150671 0.6165966987609863
vt 0.51555204 0.669654369354248
vt 0.6208473 0.4876668453216553
vt 0.6439046 0.48758697509765625
vt 0.6638637 0.48750627040863037
vt 0.56762344 0.6064164638519287
vt 0.59201413 0.38400793075561523
vt 0.60211474 0.5542697310447693
vt 0.621087 0.3837254047393799
vt 0.6431925 0.38442492485046387
vt 0.6636788 0.3865041136741638
vt 0.51871306 0.3879070281982422
vt 0.47613958 0.3880120515823364
vt 0.37987128 0.38875460624694824
vt 0.4040294 0.3848787546157837
vt 0.43311694 0.3825540542602539
vt 0.46419978 0.6065310835838318
vt 0.39572927 0.23265820741653442
vt 0.4690995 0.23253530263900757
vt 0.32293904 0.7664734125137329
vt 0.40071195 0.48613762855529785
vt 0.39242896 0.8047922253608704
vt 0.64538556 0.5560711026191711
vt 0.6649306 0.5570067763328552
vt 0.6027405 0.48781847953796387
vt 0.59061486 0.5536081790924072
vt 0.36010027 0.48677533864974976
vt 0.68113995 0.4876249432563782
vt 0.5710831 0.4893561601638794
vt 0.43136254 0.019179344177246094
vt 0.32215118 0.804677426815033
vt 0.6212764 0.5550523400306702
vt 0.38554424 0.7269892692565918
vt 0.57035834 0.5516552329063416
vt 0.5575486 0.6162751317024231
vt 0.5696034 0.40108931064605713
vt 0.4731575 0.615203320980072
vt 0.56066996 0.3901240825653076
vt 0.462281 0.48806512355804443
vt 0.4667785 0.399092435836792
vt 0.7316518 0.08420443534851074
vt 0.5765824 0.20964664220809937
vt 0.18823242 0.2392858862876892
vt 0.5677658 0.20837676525115967
vt 0.5319602 0.20657116174697876
vt 0.5193746 0.20842313766479492
vt 0.1626339 0.28985440731048584
vt 0.50693434 0.2068805694580078
vt 0.49268696 0.20691335201263428
vt 0.4404395 0.20676445960998535
vt 0.42309782 0.20656973123550415
vt 0.5067386 0.8187642097473145
vt 0.50392485 0.5632365345954895
vt 0.44048455 0.20842033624649048
vt 0.19053774 0.19771230220794678
vt 0.18964583 0.22703063488006592
vt 0.18577434 0.2512242794036865
vt 0.40608716 0.20884424448013306
vt 0.17472865 0.272341251373291
vt 0.18152763 0.26251184940338135
vt 0.4581842 0.20862150192260742
vt 0.19050318 0.21329015493392944
vt 0.18545945 0.14738237857818604
vt 0.47342315 0.797996997833252
vt 0.19459648 0.11089456081390381
vt 0.49249288 0.20858949422836304
vt 0.50671643 0.20855671167373657
vt 0.5440665 0.20644521713256836
vt 0.5769257 0.21143674850463867
vt 0.1654873 0.1135561466217041
vt 0.4231932 0.20828092098236084
vt 0.18987818 0.18095970153808594
vt 0.47597435 0.20696258544921875
vt 0.45813373 0.20694726705551147
vt 0.55611116 0.20683276653289795
vt 0.46820918 0.8104001879692078
vt 0.16665955 0.28119730949401855
vt 0.18855797 0.16363489627838135
vt 0.47590515 0.2086387276649475
vt 0.56777436 0.21016830205917358
vt 0.18009917 0.13181304931640625
vt 0.53178483 0.208221435546875
vt 0.16854537 0.14274317026138306
vt 0.50943935 0.43446123600006104
vt 0.1724772 0.15532368421554565
vt 0.50860465 0.44676804542541504
vt 0.1740643 0.16863441467285156
vt 0.5081969 0.4595625400543213
vt 0.17543443 0.19543808698654175
vt 0.50798845 0.4854699373245239
vt 0.16861904 0.2539823055267334
vt 0.50834507 0.5424756407737732
vt 0.17201568 0.24341285228729248
vt 0.508159 0.5319344997406006
vt 0.50357026 0.43508380651474
vt 0.50253946 0.4848935604095459
vt 0.5439591 0.20809149742126465
vt 0.5560517 0.2085280418395996
vt 0.5031016 0.5532637238502502
vt 0.1477573 0.1306820511817932
vt 0.5105718 0.4104635715484619
vt 0.1748607 0.18210667371749878
vt 0.50801986 0.47257697582244873
vt 0.13699418 0.13286614418029785
vt 0.51036274 0.39980602264404297
vt 0.1600084 0.1337507963180542
vt 0.5104134 0.4226500988006592
vt 0.17554228 0.2088133692741394
vt 0.5079927 0.4983863830566406
vt 0.17495699 0.22121107578277588
vt 0.50798976 0.510377824306488
vt 0.17383628 0.2323879599571228
vt 0.5080143 0.5212189555168152
vt 0.16266914 0.26294243335723877
vt 0.50853914 0.5527609586715698
vt 0.5027295 0.4602928161621094
vt 0.50302595 0.44780826568603516
vt 0.19679303 0.2464725375175476
vt 0.19674958 0.25193166732788086
vt 0.50258625 0.4726105332374573
vt 0.5024857 0.5093817114830017
vt 0.50251234 0.49750441312789917
vt 0.46940717 0.8034392595291138
vt 0.5045364 0.5710160136222839
vt 0.14584239 0.2702302932739258
vt 0.5089015 0.5702313184738159
vt 0.15445855 0.26871025562286377
vt 0.5087501 0.5621467232704163
vt 0.50534874 0.4223146438598633
vt 0.5067292 0.40993040800094604
vt 0.50268674 0.5420865416526794
vt 0.5025739 0.5310208201408386
vt 0.5024865 0.5201838612556458
vt 0.50453013 0.5781928896903992
vt 0.19638218 0.18223917484283447
vt 0.1970583 0.2654726505279541
vt 0.19576646 0.17367732524871826
vt 0.3845481 0.20164978504180908
vt 0.37699446 0.20354723930358887
vt 0.4747288 0.822916567325592
vt 0.4872965 0.7936363816261292
vt 0.47011474 0.8171444535255432
vt 0.7668662 0.014616549015045166
vt 0.19677402 0.2575681209564209
vt 0.5078304 0.8122171759605408
vt 0.4963276 0.827875554561615
vt 0.49479327 0.7956895232200623
vt 0.48130503 0.8269119262695312
vt 0.50657076 0.3989763855934143
vt 0.50581783 0.805476725101471
vt 0.52568436 0.8156501650810242
vt 0.19696099 0.23567301034927368
vt 0.19691281 0.23046064376831055
vt 0.19543315 0.16119658946990967
vt 0.4607356 0.7909526228904724
vt 0.47980735 0.7944256663322449
vt 0.5012387 0.799748420715332
vt 0.47141048 0.7822017073631287
vt 0.46491772 0.7834310531616211
vt 0.50269324 0.8243279457092285
vt 0.48884317 0.8286572098731995
vt 0.19619846 0.18886125087738037
vt 0.19684736 0.2411649227142334
vt 0.45627186 0.8021183013916016
vt 0.38677135 0.1996549367904663
vt 0.5880966 0.2025989294052124
vt 0.59231895 0.2801706790924072
vt 0.5871081 0.2909764051437378
vt 0.5939804 0.21354186534881592
vt 0.59770614 0.22301936149597168
vt 0.60036635 0.23168957233428955
vt 0.6012554 0.2407466173171997
vt 0.60063034 0.2500941753387451
vt 0.59926754 0.2596226930618286
vt 0.596617 0.2696421146392822
vt 0.14144945 0.8682143092155457
vt 0.1443895 0.856625497341156
vt 0.08505049 0.8713151812553406
vt 0.080349 0.8612955212593079
vt 0.13575818 0.8764501214027405
vt 0.12835632 0.8816787600517273
vt 0.119812846 0.8844618201255798
vt 0.1107052 0.8850515484809875
vt 0.101438105 0.8833243250846863
vt 0.092528254 0.878832995891571
vt 0.5958707 0.2949317693710327
vt 0.60032874 0.28580689430236816
vt 0.5999653 0.28900229930877686
vt 0.7061771 0.011003375053405762
vt 0.738606 0.053204119205474854
vt 0.73806816 0.011689722537994385
vt 0.09919087 0.6449324488639832
vt 0.11042949 0.6435866355895996
vt 0.08977506 0.6474225521087646
vt 0.02845903 0.6675169467926025
vt 0.01717599 0.6615054607391357
vt 0.03949367 0.6707053780555725
vt 0.049800653 0.6716822981834412
vt 0.059435386 0.6704244017601013
vt 0.07073612 0.6662481427192688
vt 0.08057793 0.6598818898200989
vt 0.085672446 0.6530646681785583
vt 0.004334426 0.4098529815673828
vt 0.34692284 0.1582181453704834
vt 0.0038644287 0.6500965356826782
vt 0.34528086 0.13667374849319458
vt 0.73653716 0.032857537269592285
vt 0.05352411 0.432570219039917
vt 0.039711926 0.43160343170166016
vt 0.0269079 0.4513967037200928
vt 0.74208665 0.07117331027984619
vt 0.067398526 0.4337196350097656
vt 0.8147426 0.6370400190353394
vt 0.81352806 0.6704174876213074
vt 0.72462326 0.3149958848953247
vt 0.72442967 0.28326714038848877
vt 0.7243375 0.2517341375350952
vt 0.8135572 0.3790963888168335
vt 0.09393314 0.6455411911010742
vt 0.114552386 0.6420114636421204
vt 0.33088422 0.4333686828613281
vt 0.118160054 0.6374378204345703
vt 0.023103015 0.6649633049964905
vt 0.033955712 0.6694054007530212
vt 0.0448079 0.6714603304862976
vt 0.054522235 0.6713692545890808
vt 0.06493407 0.6687498092651367
vt 0.010259471 0.6567444205284119
vt 0.07627498 0.6630018353462219
vt 0.3080515 0.4316302537918091
vt 0.3472196 0.14692604541778564
vt 0.2854174 0.4304778575897217
vt 0.26215705 0.430078387260437
vt 0.08195601 0.43460941314697266
vt 0.7243418 0.2226356863975525
vt 0.106509246 0.4341857433319092
vt 0.7257831 0.09452265501022339
vt 0.16004138 0.4323091506958008
vt 0.22338916 0.43054819107055664
vt 0.7254254 0.11509537696838379
vt 0.7246367 0.16975784301757812
vt 0.8139644 0.5367399454116821
vt 0.78999215 0.0962073802947998
vt 0.7889318 0.0858999490737915
vt 0.0123086395 0.48407530784606934
vt 0.08419489 0.4988517761230469
vt 0.06938922 0.4939870834350586
vt 0.78847325 0.07319378852844238
vt 0.7735972 0.033914268016815186
vt 0.78168344 0.05557352304458618
vt 0.027392669 0.4866527318954468
vt 0.055576425 0.4881089925765991
vt 0.04189847 0.48250722885131836
vt 0.75228345 0.6366444826126099
vt 0.75244963 0.5368139743804932
vt 0.7906332 0.2520812749862671
vt 0.7907763 0.22535842657089233
vt 0.7498405 0.6697240471839905
vt 0.79105854 0.31374478340148926
vt 0.790672 0.2827218770980835
vt 0.26444247 0.49669957160949707
vt 0.22582497 0.498187780380249
vt 0.7523349 0.38928836584091187
vt 0.28749862 0.49674201011657715
vt 0.30986497 0.49823808670043945
vt 0.33239344 0.5007811188697815
vt 0.10894256 0.5007805824279785
vt 0.7906484 0.11490607261657715
vt 0.16244446 0.4999854564666748
vt 0.79083294 0.17117244005203247
vt 0.020170962 0.5550717711448669
vt 0.13852519 0.2684749960899353
vt 0.5088929 0.5771836042404175
vt 0.6809749 0.5558760762214661
vt 0.14064948 0.2856405973434448
vt 0.4060421 0.20536351203918457
vt 0.62940997 0.24703598022460938
vt 0.62813604 0.2365940809249878
vt 0.63023144 0.2580571174621582
vt 0.012968245 0.573322594165802
vt 0.6108243 0.1875227689743042
vt 0.61925346 0.20137441158294678
vt 0.012682061 0.4540741443634033
vt 0.63028693 0.2700749635696411
vt 0.62634516 0.226043701171875
vt 0.62381643 0.21522951126098633
vt 0.53321415 0.8174957633018494
vt 0.27513516 0.6025113463401794
vt 0.28047836 0.6030369997024536
vt 0.22483663 0.231350839138031
vt 0.22295775 0.277241587638855
vt 0.22252296 0.2848954200744629
vt 0.22211806 0.2925553321838379
vt 0.22175355 0.3002791404724121
vt 0.22452621 0.24662017822265625
vt 0.22421499 0.25428223609924316
vt 0.22383036 0.26193785667419434
vt 0.2234018 0.2695901393890381
vt 0.22473706 0.23894983530044556
vt 0.23511049 0.6123955845832825
vt 0.23704647 0.6078775525093079
vt 0.519587 0.2067573070526123
vt 0.17210232 0.11946672201156616
vt 0.39212906 0.210088849067688
vt 0.1952991 0.09603750705718994
vt 0.69726306 0.05226576328277588
vt 0.46158126 0.561607301235199
vt 0.5815387 0.2522708773612976
vt 0.2112513 0.23519569635391235
vt 0.58378243 0.25535911321640015
vt 0.21117707 0.23900234699249268
vt 0.5855165 0.2587597370147705
vt 0.21107535 0.2428094744682312
vt 0.5788386 0.2495725154876709
vt 0.21129642 0.23138976097106934
vt 0.5649557 0.2923245429992676
vt 0.2086951 0.2884442210197449
vt 0.56113845 0.2923245429992676
vt 0.20849793 0.29224562644958496
vt 0.557368 0.2917286157608032
vt 0.2083136 0.2960474491119385
vt 0.55373746 0.29054903984069824
vt 0.20814393 0.29984986782073975
vt 0.5866962 0.26239025592803955
vt 0.21094783 0.24661648273468018
vt 0.5872945 0.266160249710083
vt 0.21079661 0.2504225969314575
vt 0.5872946 0.2699775695800781
vt 0.2106245 0.25422775745391846
vt 0.58669865 0.2737480401992798
vt 0.21043463 0.25803184509277344
vt 0.5855191 0.2773784399032593
vt 0.21023043 0.261834979057312
vt 0.5837872 0.28078025579452515
vt 0.21001555 0.2656373977661133
vt 0.58154345 0.28386855125427246
vt 0.2097935 0.26943910121917725
vt 0.5788451 0.28656864166259766
vt 0.20956783 0.27324044704437256
vt 0.57575685 0.2888123393058777
vt 0.2093422 0.27704131603240967
vt 0.5723562 0.2905465364456177
vt 0.2091196 0.2808421850204468
vt 0.5687258 0.29172611236572266
vt 0.20890303 0.28464317321777344
vt 0.5800741 0.25352227687835693
vt 0.5821401 0.25636589527130127
vt 0.5837369 0.2594972848892212
vt 0.5775877 0.25103759765625
vt 0.56480426 0.2904040813446045
vt 0.5612893 0.2904040813446045
vt 0.5578174 0.28985536098480225
vt 0.55447435 0.2887691259384155
vt 0.5848231 0.26284027099609375
vt 0.5853741 0.26631176471710205
vt 0.5853741 0.2698267102241516
vt 0.58482546 0.27329862117767334
vt 0.58373916 0.2766416072845459
vt 0.5821445 0.2797739505767822
vt 0.5800784 0.2826176881790161
vt 0.57759374 0.2851039171218872
vt 0.5747501 0.2871699929237366
vt 0.57161874 0.28876686096191406
vt 0.5682758 0.289853036403656
vt 0.18394792 0.6088703274726868
vt 0.18392247 0.5971599221229553
vt 0.09923237 0.605318546295166
vt 0.11047364 0.6067042350769043
vt 0.08981765 0.6027949452400208
vt 0.028514685 0.5824828743934631
vt 0.01720196 0.5884626507759094
vt 0.03956956 0.5793276429176331
vt 0.049888734 0.5783838629722595
vt 0.059527848 0.5796743035316467
vt 0.07082471 0.5838911533355713
vt 0.080653995 0.590295135974884
vt 0.085730344 0.5971346497535706
vt 0.0026924394 0.43139731884002686
vt 0.003841101 0.5998380780220032
vt 0.09397274 0.6046915650367737
vt 0.11459138 0.608294665813446
vt 0.11818074 0.6128749847412109
vt 0.023145469 0.5850211977958679
vt 0.03402242 0.5806108117103577
vt 0.044890884 0.5785894989967346
vt 0.054613505 0.578712522983551
vt 0.06502581 0.5813683867454529
vt 0.010263652 0.5932052731513977
vt 0.07635766 0.5871584415435791
vt 0.0046310793 0.4211452007293701
vt 0.87406063 0.007634222507476807
vt 0.43620053 0.8396694660186768
vt 0.19838314 0.1187179684638977
vt 0.201877 0.11851084232330322
vt 0.2044632 0.11774802207946777
vt 0.8722188 0.006249189376831055
vt 0.8233649 0.8735866546630859
vt 0.8233649 0.8735866546630859
vt 0.45977837 0.27021002769470215
vt 0.45977837 0.27021002769470215
vt 0.04254514 0.8214592337608337
vt 0.04254514 0.8214592337608337
vt 0.032406747 0.8214589953422546
vt 0.032406747 0.8214589953422546
vt 0.022775054 0.8245965838432312
vt 0.022775054 0.8245965838432312
vt 0.014560819 0.8305692672729492
vt 0.014560819 0.8305692672729492
vt 0.052191675 0.824598491191864
vt 0.052191675 0.824598491191864
vt 0.06949216 0.85858553647995
vt 0.06949216 0.85858553647995
vt 0.06642312 0.8681352734565735
vt 0.06642312 0.8681352734565735
vt 0.06948298 0.8484745621681213
vt 0.06948298 0.8484745621681213
vt 0.06635493 0.8387989401817322
vt 0.06635493 0.8387989401817322
vt 0.060400188 0.8305758833885193
vt 0.060400188 0.8305758833885193
vt 0.008582652 0.8387870788574219
vt 0.008582652 0.8387870788574219
vt 0.005429566 0.8484582901000977
vt 0.005429566 0.8484582901000977
vt 0.005430579 0.8586287498474121
vt 0.005430579 0.8586287498474121
vt 0.008590698 0.8683037161827087
vt 0.008590698 0.8683037161827087
vt 0.014594495 0.8765178322792053
vt 0.014594495 0.8765178322792053
vt 0.032544434 0.8855693936347961
vt 0.032544434 0.8855693936347961
vt 0.04271865 0.8855180740356445
vt 0.04271865 0.8855180740356445
vt 0.052362263 0.8823294043540955
vt 0.052362263 0.8823294043540955
vt 0.02285403 0.8824699521064758
vt 0.02285403 0.8824699521064758
vt 0.060534477 0.876325786113739
vt 0.060534477 0.876325786113739
vt 0.81374776 0.8638064861297607
vt 0.445935 0.27182555198669434
vt 0.445935 0.27182555198669434
vt 0.8113854 0.8565517663955688
vt 0.43815023 0.27182555198669434
vt 0.43815023 0.27182555198669434
vt 0.8113874 0.8406850099563599
vt 0.42171836 0.2719273567199707
vt 0.42171836 0.2719273567199707
vt 0.41393477 0.27202391624450684
vt 0.81374025 0.8334276676177979
vt 0.41393477 0.27202391624450684
vt 0.15752262 0.14629995822906494
vt 0.8670609 0.8811194896697998
vt 0.15752262 0.14629995822906494
vt 0.8732305 0.8766309022903442
vt 0.15773737 0.1540793776512146
vt 0.15773737 0.1540793776512146
vt 0.8443397 0.886023998260498
vt 0.4865824 0.27233052253723145
vt 0.4865824 0.27233052253723145
vt 0.851969 0.8860229253768921
vt 0.4943651 0.2725248336791992
vt 0.4943651 0.2725248336791992
vt 0.8230754 0.8766417503356934
vt 0.4623688 0.2719275951385498
vt 0.4623688 0.2719275951385498
vt 0.47015303 0.2720242738723755
vt 0.82924855 0.8811252117156982
vt 0.47015303 0.2720242738723755
vt 0.823066 0.8205908536911011
vt 0.39750546 0.27233004570007324
vt 0.39750546 0.27233004570007324
vt 0.82923543 0.8161023855209351
vt 0.3897226 0.272524356842041
vt 0.3897226 0.272524356842041
vt 0.15753376 0.25097787380218506
vt 0.84432596 0.8111991882324219
vt 0.15753376 0.25097787380218506
vt 0.8519554 0.8111941814422607
vt 0.15774983 0.24319487810134888
vt 0.15774983 0.24319487810134888
vt 0.8825476 0.8334145545959473
vt 0.15840936 0.2025662064552307
vt 0.15840936 0.2025662064552307
vt 0.88491005 0.8406691551208496
vt 0.15834719 0.19470548629760742
vt 0.15834719 0.19470548629760742
vt 0.88491005 0.8565362691879272
vt 0.1582017 0.17828279733657837
vt 0.1582017 0.17828279733657837
vt 0.1580857 0.17050206661224365
vt 0.88255703 0.8637939691543579
vt 0.1580857 0.17050206661224365
vt 0.15810096 0.22676479816436768
vt 0.86704576 0.8160972595214844
vt 0.15810096 0.22676479816436768
vt 0.8732212 0.8205777406692505
vt 0.1582182 0.2189805507659912
vt 0.1582182 0.2189805507659912
vt 0.44569388 0.2931634187698364
vt 0.44569388 0.2931634187698364
vt 0.44569388 0.2931634187698364
vt 0.4383912 0.2931632995605469
vt 0.4383912 0.2931632995605469
vt 0.4383912 0.2931632995605469
vt 0.4217446 0.29326653480529785
vt 0.4217446 0.29326653480529785
vt 0.4217446 0.29326653480529785
vt 0.41444302 0.29335713386535645
vt 0.41444302 0.29335713386535645
vt 0.41444302 0.29335713386535645
vt 0.13620532 0.14712607860565186
vt 0.13620532 0.14712607860565186
vt 0.13620532 0.14712607860565186
vt 0.13640845 0.154421865940094
vt 0.13640845 0.154421865940094
vt 0.13640845 0.154421865940094
vt 0.48628804 0.29366815090179443
vt 0.48628804 0.29366815090179443
vt 0.48628804 0.29366815090179443
vt 0.49358693 0.29385221004486084
vt 0.49358693 0.29385221004486084
vt 0.49358693 0.29385221004486084
vt 0.46234247 0.29326677322387695
vt 0.46234247 0.29326677322387695
vt 0.46234247 0.29326677322387695
vt 0.46964452 0.2933574914932251
vt 0.46964452 0.2933574914932251
vt 0.46964452 0.2933574914932251
vt 0.39779973 0.2936675548553467
vt 0.39779973 0.2936675548553467
vt 0.39779973 0.2936675548553467
vt 0.39050075 0.29385173320770264
vt 0.39050075 0.29385173320770264
vt 0.39050075 0.29385173320770264
vt 0.13620645 0.25014805793762207
vt 0.13620645 0.25014805793762207
vt 0.13620645 0.25014805793762207
vt 0.13641095 0.24284887313842773
vt 0.13641095 0.24284887313842773
vt 0.13641095 0.24284887313842773
vt 0.13701022 0.2022678256034851
vt 0.13701022 0.2022678256034851
vt 0.13701022 0.2022678256034851
vt 0.13700771 0.19499003887176514
vt 0.13700771 0.19499003887176514
vt 0.13700771 0.19499003887176514
vt 0.13687068 0.17835718393325806
vt 0.13687068 0.17835718393325806
vt 0.13687068 0.17835718393325806
vt 0.13676178 0.17105841636657715
vt 0.13676178 0.17105841636657715
vt 0.13676178 0.17105841636657715
vt 0.13676715 0.2262047529220581
vt 0.13676715 0.2262047529220581
vt 0.13676715 0.2262047529220581
vt 0.13687724 0.21890270709991455
vt 0.13687724 0.21890270709991455
vt 0.13687724 0.21890270709991455
vt 0.042946637 0.8181629180908203
vt 0.44803482 0.29574263095855713
vt 0.44803482 0.29574263095855713
vt 0.44803482 0.29574263095855713
vt 0.032005012 0.8181681632995605
vt 0.4360503 0.2957425117492676
vt 0.4360503 0.2957425117492676
vt 0.4360503 0.2957425117492676
vt 0.02116108 0.8216941356658936
vt 0.42411745 0.2958165407180786
vt 0.42411745 0.2958165407180786
vt 0.42411745 0.2958165407180786
vt 0.4121346 0.295965313911438
vt 0.012294769 0.8281345367431641
vt 0.4121346 0.295965313911438
vt 0.4121346 0.295965313911438
vt 0.053807795 0.8216944932937622
vt 0.45996934 0.2958167791366577
vt 0.45996934 0.2958167791366577
vt 0.45996934 0.2958167791366577
vt 0.13356304 0.14486163854599
vt 0.13356304 0.14486163854599
vt 0.13356304 0.14486163854599
vt 0.07271665 0.8592098951339722
vt 0.06941372 0.8695062398910522
vt 0.13389552 0.15683120489120483
vt 0.13389552 0.15683120489120483
vt 0.13389552 0.15683120489120483
vt 0.4958583 0.2964895963668823
vt 0.4958583 0.2964895963668823
vt 0.07275045 0.8478436470031738
vt 0.4958583 0.2964895963668823
vt 0.06937319 0.8373996019363403
vt 0.48388356 0.29618775844573975
vt 0.48388356 0.29618775844573975
vt 0.48388356 0.29618775844573975
vt 0.47195297 0.2959655523300171
vt 0.06266838 0.8281461000442505
vt 0.47195297 0.2959655523300171
vt 0.47195297 0.2959655523300171
vt 0.0055661798 0.8373790383338928
vt 0.40020418 0.29618728160858154
vt 0.40020418 0.29618728160858154
vt 0.40020418 0.29618728160858154
vt 0.0021609664 0.84781813621521
vt 0.3882293 0.29648900032043457
vt 0.3882293 0.29648900032043457
vt 0.3882293 0.29648900032043457
vt 0.13356256 0.2524130940437317
vt 0.13356256 0.2524130940437317
vt 0.13356256 0.2524130940437317
vt 0.0021609664 0.8592697381973267
vt 0.0055723786 0.8697162866592407
vt 0.13389719 0.24043798446655273
vt 0.13389719 0.24043798446655273
vt 0.13389719 0.24043798446655273
vt 0.13415205 0.22850680351257324
vt 0.012331784 0.878964900970459
vt 0.13415205 0.22850680351257324
vt 0.13415205 0.22850680351257324
vt 0.03215736 0.8888782262802124
vt 0.13443792 0.20460087060928345
vt 0.13443792 0.20460087060928345
vt 0.13443792 0.20460087060928345
vt 0.04313892 0.8888205289840698
vt 0.13443094 0.1926572322845459
vt 0.13443094 0.1926572322845459
vt 0.13443094 0.1926572322845459
vt 0.05399221 0.8852257132530212
vt 0.13432705 0.18073493242263794
vt 0.13432705 0.18073493242263794
vt 0.13432705 0.18073493242263794
vt 0.02124834 0.8853904008865356
vt 0.13433307 0.2165234088897705
vt 0.13433307 0.2165234088897705
vt 0.13433307 0.2165234088897705
vt 0.13414836 0.16875684261322021
vt 0.06280661 0.878737211227417
vt 0.13414836 0.16875684261322021
vt 0.13414836 0.16875684261322021
vt 0.18031605 0.8482972979545593
vt 0.15873958 0.8272694945335388
vt 0.04216796 0.8238343000411987
vt 0.15329774 0.8349660038948059
vt 0.032782614 0.8238303661346436
vt 0.15050194 0.8439676761627197
vt 0.023868382 0.8267397880554199
vt 0.15062328 0.8533931374549866
vt 0.016265452 0.8322725296020508
vt 0.16629443 0.8216307759284973
vt 0.051097453 0.8267425298690796
vt 0.20134392 0.8267225623130798
vt 0.06714153 0.8582245111465454
vt 0.20698191 0.8342762589454651
vt 0.064294636 0.8670592904090881
vt 0.19364755 0.8212809562683105
vt 0.06710172 0.8488471508026123
vt 0.18464603 0.8184835314750671
vt 0.06420612 0.8398900032043457
vt 0.17522103 0.8186030983924866
vt 0.05869466 0.8322751522064209
vt 0.15365064 0.8623194098472595
vt 0.0107296705 0.8398853540420532
vt 0.1592886 0.8698732256889343
vt 0.0078115463 0.8488361835479736
vt 0.16698498 0.8753151893615723
vt 0.007813036 0.8582507371902466
vt 0.17598632 0.8781124353408813
vt 0.010737836 0.8672029376029968
vt 0.18541135 0.877991259098053
vt 0.01629591 0.8748067617416382
vt 0.20189163 0.8693254590034485
vt 0.03291154 0.8831848502159119
vt 0.20733346 0.8616291880607605
vt 0.042329013 0.8831387758255005
vt 0.21013081 0.8526279330253601
vt 0.051259458 0.8801897168159485
vt 0.1943378 0.8749634623527527
vt 0.023940027 0.8803145885467529
vt 0.21000957 0.8432027697563171
vt 0.05882889 0.8746374845504761
vt 0.026609898 0.8200026750564575
vt 0.43008864 0.29655706882476807
vt 0.027511954 0.8227749466896057
vt 0.027511954 0.8227749466896057
vt 0.1516662 0.8393942713737488
vt 0.02825433 0.8250507116317749
vt 0.0022354722 0.8535432815551758
vt 0.13255847 0.25833743810653687
vt 0.38230318 0.29747629165649414
vt 0.0051627755 0.853543221950531
vt 0.0051627755 0.853543221950531
vt 0.16299549 0.8727940320968628
vt 0.007564962 0.8535431623458862
vt 0.0089946985 0.8328019380569458
vt 0.40618384 0.29685378074645996
vt 0.011358798 0.8345222473144531
vt 0.011358798 0.8345222473144531
vt 0.15190522 0.8579348921775818
vt 0.01330024 0.8359348773956299
vt 0.00901252 0.8742963671684265
vt 0.1332472 0.23445606231689453
vt 0.011376679 0.8725683093070984
vt 0.011376679 0.8725683093070984
vt 0.18070196 0.8782965540885925
vt 0.013316631 0.8711501955986023
vt 0.026726425 0.8870624303817749
vt 0.13360912 0.21055150032043457
vt 0.02761823 0.8842735290527344
vt 0.02761823 0.8842735290527344
vt 0.19826108 0.8723405599594116
vt 0.028349936 0.8819844722747803
vt 0.04854387 0.8869504928588867
vt 0.13360208 0.1867048740386963
vt 0.047625422 0.8841753602027893
vt 0.047625422 0.8841753602027893
vt 0.20896594 0.8572011590003967
vt 0.04687184 0.8818972110748291
vt 0.06605512 0.8740694522857666
vt 0.13324475 0.16281020641326904
vt 0.063696325 0.872377336025238
vt 0.063696325 0.872377336025238
vt 0.2087276 0.8386608958244324
vt 0.06176144 0.8709849119186401
vt 0.07265365 0.8535556197166443
vt 0.13256025 0.13894027471542358
vt 0.5017843 0.29747676849365234
vt 0.069744766 0.853550136089325
vt 0.069744766 0.853550136089325
vt 0.197637 0.8238019943237305
vt 0.06735325 0.853556752204895
vt 0.065957844 0.8328168392181396
vt 0.4779039 0.2968541383743286
vt 0.06359202 0.8345310091972351
vt 0.06359202 0.8345310091972351
vt 0.17993037 0.8182986378669739
vt 0.06164986 0.8359386324882507
vt 0.048352897 0.8199992179870605
vt 0.45399725 0.29655730724334717
vt 0.047449946 0.8227757811546326
vt 0.047449946 0.8227757811546326
vt 0.16237056 0.8242539167404175
vt 0.046708703 0.8250551223754883
vt 0.016774952 0.8249746561050415
vt 0.41814196 0.29716968536376953
vt 0.81236494 0.8369929790496826
vt 0.41782463 0.27181875705718994
vt 0.4180991 0.29373645782470703
vt 0.4180991 0.29373645782470703
vt 0.01851207 0.8273658156394958
vt 0.01851207 0.8273658156394958
vt 0.15031806 0.8486835360527039
vt 0.019923091 0.8293073177337646
vt 0.037472606 0.8182413578033447
vt 0.44204247 0.2970215082168579
vt 0.8123684 0.860244870185852
vt 0.44204265 0.27166855335235596
vt 0.44204247 0.2935880422592163
vt 0.44204247 0.2935880422592163
vt 0.037473857 0.8211923241615295
vt 0.037473857 0.8211923241615295
vt 0.15581864 0.8309764266014099
vt 0.037473917 0.823589563369751
vt 0.05819416 0.8249807357788086
vt 0.4659453 0.2971700429916382
vt 0.826039 0.8790528774261475
vt 0.46626288 0.27181899547576904
vt 0.46598816 0.2937368154525757
vt 0.46598816 0.2937368154525757
vt 0.05645448 0.8273701667785645
vt 0.05645448 0.8273701667785645
vt 0.17067915 0.8198850154876709
vt 0.055042863 0.829310417175293
vt 0.07099104 0.8426430225372314
vt 0.48983985 0.29761552810668945
vt 0.8481544 0.886232852935791
vt 0.49047744 0.2722705602645874
vt 0.4899267 0.29418420791625977
vt 0.4899267 0.29418420791625977
vt 0.0681746 0.8435535430908203
vt 0.0681746 0.8435535430908203
vt 0.18921944 0.8196486830711365
vt 0.06588811 0.8442927598953247
vt 0.07098436 0.8643297553062439
vt 0.13245308 0.1508806347846985
vt 0.8702694 0.8790433406829834
vt 0.15778708 0.15018558502197266
vt 0.13588303 0.1507856249809265
vt 0.13588303 0.1507856249809265
vt 0.06820774 0.8634362816810608
vt 0.06820774 0.8634362816810608
vt 0.20435911 0.8303530216217041
vt 0.06595141 0.8627082109451294
vt 0.058358252 0.881919264793396
vt 0.13295949 0.1747649908065796
vt 0.8839325 0.860228419303894
vt 0.15830058 0.1743900179862976
vt 0.13639182 0.17471402883529663
vt 0.13639182 0.17471402883529663
vt 0.05660945 0.8795413374900818
vt 0.05660945 0.8795413374900818
vt 0.21031496 0.8479122519493103
vt 0.055190623 0.8776100873947144
vt 0.037648737 0.8887741565704346
vt 0.13316357 0.19863319396972656
vt 0.883927 0.836976170539856
vt 0.15853846 0.19857120513916016
vt 0.13658708 0.19863200187683105
vt 0.13658708 0.19863200187683105
vt 0.0376333 0.8858128190040588
vt 0.0376333 0.8858128190040588
vt 0.20481247 0.8656186461448669
vt 0.037620604 0.8834091424942017
vt 0.016833484 0.8821172714233398
vt 0.13296378 0.22249573469161987
vt 0.87025523 0.8181679248809814
vt 0.15831655 0.22287499904632568
vt 0.1363976 0.22254729270935059
vt 0.1363976 0.22254729270935059
vt 0.018565953 0.8797129988670349
vt 0.018565953 0.8797129988670349
vt 0.18995321 0.8767091631889343
vt 0.01997155 0.8777616024017334
vt 0.00393641 0.8644698858261108
vt 0.13245308 0.24639099836349487
vt 0.8481394 0.8109878301620483
vt 0.157799 0.24709051847457886
vt 0.13588464 0.24648666381835938
vt 0.13588464 0.24648666381835938
vt 0.006752968 0.8635500073432922
vt 0.006752968 0.8635500073432922
vt 0.17141294 0.8769475221633911
vt 0.00903815 0.86280357837677
vt 0.00393486 0.8426206111907959
vt 0.39424795 0.2976149320602417
vt 0.8260269 0.8181784749031067
vt 0.3936103 0.2722700834274292
vt 0.3941611 0.294183611869812
vt 0.3941611 0.294183611869812
vt 0.006749809 0.8435387015342712
vt 0.006749809 0.8435387015342712
vt 0.15627348 0.8662427067756653
vt 0.009034216 0.844283938407898
vt 0.8149196 0.8594145178794861
vt 0.8149196 0.8594145178794861
vt 0.81341624 0.8542490005493164
vt 0.81341624 0.8542490005493164
vt 0.43553853 0.27014029026031494
vt 0.43553853 0.27014029026031494
vt 0.81491715 0.8378205299377441
vt 0.81491715 0.8378205299377441
vt 0.8167367 0.8327580690383911
vt 0.4113022 0.27037131786346436
vt 0.8167367 0.8327580690383911
vt 0.4113022 0.27037131786346436
vt 0.8202256 0.8689048290252686
vt 0.45416194 0.2702651023864746
vt 0.81674206 0.864473819732666
vt 0.81674206 0.864473819732666
vt 0.44854677 0.27014029026031494
vt 0.44854677 0.27014029026031494
vt 0.81363034 0.8486162424087524
vt 0.42992407 0.27026498317718506
vt 0.8134177 0.8429846167564392
vt 0.8134177 0.8429846167564392
vt 0.4243086 0.27020978927612305
vt 0.4243086 0.27020978927612305
vt 0.8686915 0.8768735527992249
vt 0.8686915 0.8768735527992249
vt 0.87294006 0.8735769987106323
vt 0.87294006 0.8735769987106323
vt 0.1594925 0.15664303302764893
vt 0.1594925 0.15664303302764893
vt 0.15880752 0.13802599906921387
vt 0.5026395 0.27121758460998535
vt 0.85882056 0.8814374208450317
vt 0.1591323 0.1436411738395691
vt 0.1591323 0.1436411738395691
vt 0.8642437 0.8798996210098267
vt 0.8642437 0.8798996210098267
vt 0.84815425 0.8835507035255432
vt 0.84815425 0.8835507035255432
vt 0.85353 0.8833808898925781
vt 0.85353 0.8833808898925781
vt 0.4970212 0.2709074020385742
vt 0.4970212 0.2709074020385742
vt 0.8374873 0.8814412355422974
vt 0.47839808 0.27056634426116943
vt 0.8427785 0.8833825588226318
vt 0.8427785 0.8833825588226318
vt 0.48401392 0.27058088779449463
vt 0.48401392 0.27058088779449463
vt 0.8276153 0.8768827319145203
vt 0.8276153 0.8768827319145203
vt 0.8320644 0.8799049854278564
vt 0.47278553 0.270371675491333
vt 0.8320644 0.8799049854278564
vt 0.47278553 0.270371675491333
vt 0.8202198 0.8283263444900513
vt 0.40568984 0.27056586742401123
vt 0.823357 0.8236445784568787
vt 0.823357 0.8236445784568787
vt 0.40007406 0.2705804109573364
vt 0.40007406 0.2705804109573364
vt 0.8276053 0.8203478455543518
vt 0.8276053 0.8203478455543518
vt 0.83205307 0.8173218965530396
vt 0.83205307 0.8173218965530396
vt 0.38706654 0.27090704441070557
vt 0.38706654 0.27090704441070557
vt 0.8374762 0.8157839179039001
vt 0.15881789 0.25925618410110474
vt 0.38144803 0.27121710777282715
vt 0.15914387 0.25363820791244507
vt 0.15914387 0.25363820791244507
vt 0.8427664 0.8138405084609985
vt 0.8427664 0.8138405084609985
vt 0.84814113 0.8136706352233887
vt 0.84814113 0.8136706352233887
vt 0.85351825 0.813836932182312
vt 0.85351825 0.813836932182312
vt 0.1595062 0.24063044786453247
vt 0.1595062 0.24063044786453247
vt 0.8588095 0.8157802820205688
vt 0.15953618 0.23501402139663696
vt 0.8642316 0.8173173666000366
vt 0.15974623 0.22940152883529663
vt 0.8642316 0.8173173666000366
vt 0.15974623 0.22940152883529663
vt 0.88137615 0.8378065824508667
vt 0.88137615 0.8378065824508667
vt 0.8828796 0.8429718017578125
vt 0.8828796 0.8429718017578125
vt 0.16002148 0.19209235906600952
vt 0.16002148 0.19209235906600952
vt 0.88266647 0.848604679107666
vt 0.15988249 0.18648171424865723
vt 0.8828801 0.8542364835739136
vt 0.8828801 0.8542364835739136
vt 0.15992421 0.18086814880371094
vt 0.15992421 0.18086814880371094
vt 0.8760706 0.8283165693283081
vt 0.15990162 0.21077889204025269
vt 0.8795537 0.832747220993042
vt 0.8795537 0.832747220993042
vt 0.16005099 0.2051764726638794
vt 0.16005099 0.2051764726638794
vt 0.8813809 0.8594006896018982
vt 0.8813809 0.8594006896018982
vt 0.87956095 0.864463210105896
vt 0.15973061 0.16786682605743408
vt 0.87956095 0.864463210105896
vt 0.15973061 0.16786682605743408
vt 0.8686796 0.8203391432762146
vt 0.8686796 0.8203391432762146
vt 0.8729321 0.8236342072486877
vt 0.8729321 0.8236342072486877
vt 0.15994197 0.21639418601989746
vt 0.15994197 0.21639418601989746
vt 0.87607753 0.8688950538635254
vt 0.15952152 0.16225677728652954
vt 0.81411934 0.8568898439407349
vt 0.81411934 0.8568898439407349
vt 0.81575334 0.835307776927948
vt 0.81575334 0.835307776927948
vt 0.8186016 0.8667047023773193
vt 0.45145926 0.27021515369415283
vt 0.81361026 0.8458821773529053
vt 0.4272214 0.27024853229522705
vt 0.87081975 0.8752996325492859
vt 0.87081975 0.8752996325492859
vt 0.15896684 0.14073145389556885
vt 0.86142737 0.8806116580963135
vt 0.85080147 0.883527934551239
vt 0.85080147 0.883527934551239
vt 0.8400817 0.8823044896125793
vt 0.4811008 0.27058351039886475
vt 0.8297705 0.878420352935791
vt 0.8297705 0.878420352935791
vt 0.82181007 0.826102077960968
vt 0.40298712 0.2705831527709961
vt 0.8297588 0.8188066482543945
vt 0.8297588 0.8188066482543945
vt 0.15897775 0.2565493583679199
vt 0.8400704 0.8149194121360779
vt 0.8507894 0.8136895895004272
vt 0.8507894 0.8136895895004272
vt 0.8614163 0.8166055679321289
vt 0.15962708 0.23231244087219238
vt 0.8821765 0.840330958366394
vt 0.8821765 0.840330958366394
vt 0.8826871 0.8513389229774475
vt 0.15989232 0.18377995491027832
vt 0.8776944 0.8305165767669678
vt 0.15996057 0.20807892084121704
vt 0.8805445 0.8619135022163391
vt 0.8805445 0.8619135022163391
vt 0.8708111 0.8219110369682312
vt 0.8708111 0.8219110369682312
vt 0.8744871 0.8711193203926086
vt 0.15949744 0.1595550775527954
vt 0.03480786 0.8182501792907715
vt 0.43904218 0.29674041271209717
vt 0.014618278 0.8265497088432312
vt 0.4151386 0.2969259023666382
vt 0.045708895 0.8191525936126709
vt 0.45109615 0.2964257001876831
vt 0.023976922 0.820871114730835
vt 0.42718673 0.29646146297454834
vt 0.07017565 0.8668350577354431
vt 0.13281643 0.15386968851089478
vt 0.13278902 0.1418290138244629
vt 0.072630346 0.856312096118927
vt 0.071807206 0.8451903462409973
vt 0.4928445 0.29741036891937256
vt 0.06757808 0.8350732922554016
vt 0.48080674 0.2967946529388428
vt 0.06034845 0.8265584111213684
vt 0.46894884 0.29692625999450684
vt 0.007368326 0.8350560665130615
vt 0.40328097 0.29679417610168457
vt 0.0031122565 0.8451663851737976
vt 0.39124322 0.29740965366363525
vt 0.1327877 0.2554472088813782
vt 0.0022480488 0.8563272356987
vt 0.004775226 0.8670125007629395
vt 0.13281715 0.24340075254440308
vt 0.010665774 0.8765370845794678
vt 0.13342261 0.23155748844146729
vt 0.040323913 0.8887526988983154
vt 0.13344067 0.19564098119735718
vt 0.051178098 0.8860652446746826
vt 0.13369 0.18380433320999146
vt 0.02938199 0.8878984451293945
vt 0.13374859 0.20765399932861328
vt 0.06050098 0.8803329467773438
vt 0.13319558 0.17176216840744019
vt 0.019010365 0.8836763501167297
vt 0.13329005 0.21950000524520874
vt 0.06765056 0.8718199133872986
vt 0.13329685 0.1599082350730896
vt 0.009707749 0.8393626809120178
vt 0.023423076 0.8813402056694031
vt 0.0154541135 0.8314619660377502
vt 0.023347855 0.8257198333740234
vt 0.051618397 0.8257222175598145
vt 0.051784217 0.8812082409858704
vt 0.03260392 0.8227019906044006
vt 0.04234749 0.8227038979530334
vt 0.059506357 0.8314664959907532
vt 0.042514265 0.8842712044715881
vt 0.032736838 0.8843197226524353
vt 0.06522888 0.8393707871437073
vt 0.01548624 0.8756210207939148
vt 0.06823516 0.8486698269844055
vt 0.009715974 0.867726743221283
vt 0.059640348 0.8754413723945618
vt 0.06825966 0.8583956360816956
vt 0.06530762 0.8675718903541565
vt 0.006679237 0.858430802822113
vt 0.006678045 0.8486562371253967
vt 0.44896147 0.29234588146209717
vt 0.44896147 0.29234588146209717
vt 0.43495515 0.27132999897003174
vt 0.43495515 0.27132999897003174
vt 0.13781995 0.19172680377960205
vt 0.13781995 0.19172680377960205
vt 0.1587438 0.1814689040184021
vt 0.1587438 0.1814689040184021
vt 0.4729221 0.2925807237625122
vt 0.4729221 0.2925807237625122
vt 0.45918012 0.2713923454284668
vt 0.45918012 0.2713923454284668
vt 0.42500138 0.29240846633911133
vt 0.42500138 0.29240846633911133
vt 0.4107338 0.27156829833984375
vt 0.4107338 0.27156829833984375
vt 0.13774318 0.21564793586730957
vt 0.13774318 0.21564793586730957
vt 0.15886098 0.20574653148651123
vt 0.15886098 0.20574653148651123
vt 0.40068713 0.2717553377151489
vt 0.40068713 0.2717553377151489
vt 0.1585328 0.1673012375831604
vt 0.1585328 0.1673012375831604
vt 0.38651597 0.27211248874664307
vt 0.38651597 0.27211248874664307
vt 0.13753486 0.2294842004776001
vt 0.13753486 0.2294842004776001
vt 0.15793669 0.25418567657470703
vt 0.15793669 0.25418567657470703
vt 0.1373148 0.15766406059265137
vt 0.1373148 0.15766406059265137
vt 0.15792596 0.14309382438659668
vt 0.15792596 0.14309382438659668
vt 0.158333 0.24001437425613403
vt 0.158333 0.24001437425613403
vt 0.49757168 0.27211296558380127
vt 0.49757168 0.27211296558380127
vt 0.48340082 0.2717556953430176
vt 0.48340082 0.2717556953430176
vt 0.81167644 0.8579950332641602
vt 0.43964982 0.27173352241516113
vt 0.8131275 0.8347662091255188
vt 0.41543287 0.2719132900238037
vt 0.87214833 0.8776280283927917
vt 0.1577881 0.15257835388183594
vt 0.8505071 0.8861930966377258
vt 0.49286807 0.2723950147628784
vt 0.8279658 0.8804035186767578
vt 0.4686547 0.27191364765167236
vt 0.8279527 0.8168251514434814
vt 0.39121962 0.2723945379257202
vt 0.8504928 0.8110249638557434
vt 0.15780044 0.24469661712646484
vt 0.88461894 0.8392259478569031
vt 0.15844679 0.19620013236999512
vt 0.88316995 0.8624551296234131
vt 0.15820009 0.17199945449829102
vt 0.8721373 0.8195812702178955
vt 0.1582877 0.22048145532608032
vt 0.43980196 0.29349327087402344
vt 0.43980196 0.29349327087402344
vt 0.4158577 0.2936694622039795
vt 0.4158577 0.2936694622039795
vt 0.13603985 0.1530214548110962
vt 0.13603985 0.1530214548110962
vt 0.4921684 0.2941460609436035
vt 0.4921684 0.2941460609436035
vt 0.46822977 0.29366981983184814
vt 0.46822977 0.29366981983184814
vt 0.39191926 0.29414546489715576
vt 0.39191926 0.29414546489715576
vt 0.13604194 0.24424982070922852
vt 0.13604194 0.24424982070922852
vt 0.13667911 0.1963956356048584
vt 0.13667911 0.1963956356048584
vt 0.13645309 0.17247331142425537
vt 0.13645309 0.17247331142425537
vt 0.13652617 0.22030842304229736
vt 0.13652617 0.22030842304229736
vt 0.44600946 0.2911536693572998
vt 0.44600946 0.2911536693572998
vt 0.43793488 0.27258849143981934
vt 0.43793488 0.27258849143981934
vt 0.13901263 0.1946728229522705
vt 0.13901263 0.1946728229522705
vt 0.15744233 0.17850923538208008
vt 0.15744233 0.17850923538208008
vt 0.4699854 0.2913517951965332
vt 0.4699854 0.2913517951965332
vt 0.46214384 0.27268779277801514
vt 0.46214384 0.27268779277801514
vt 0.42203513 0.29125308990478516
vt 0.42203513 0.29125308990478516
vt 0.41372895 0.27278947830200195
vt 0.41372895 0.27278947830200195
vt 0.13889164 0.21861714124679565
vt 0.13889164 0.21861714124679565
vt 0.15764737 0.20275992155075073
vt 0.15764737 0.20275992155075073
vt 0.3977399 0.27308738231658936
vt 0.3977399 0.27308738231658936
vt 0.15732002 0.17029809951782227
vt 0.15732002 0.17029809951782227
vt 0.38952696 0.2732926607131958
vt 0.38952696 0.2732926607131958
vt 0.13877219 0.2265504002571106
vt 0.13877219 0.2265504002571106
vt 0.15676492 0.2511717677116394
vt 0.15676492 0.2511717677116394
vt 0.13842517 0.15468209981918335
vt 0.13842517 0.15468209981918335
vt 0.15675414 0.14610612392425537
vt 0.15675414 0.14610612392425537
vt 0.15699309 0.24295860528945923
vt 0.15699309 0.24295860528945923
vt 0.4945608 0.273293137550354
vt 0.4945608 0.273293137550354
vt 0.4863479 0.27308785915374756
vt 0.4863479 0.27308785915374756
vt 0.03493148 0.8212275505065918
vt 0.03493148 0.8212275505065918
vt 0.016472876 0.828891932964325
vt 0.016472876 0.828891932964325
vt 0.04502058 0.822022020816803
vt 0.04502058 0.822022020816803
vt 0.025107384 0.823594868183136
vt 0.025107384 0.823594868183136
vt 0.0674057 0.8658207058906555
vt 0.0674057 0.8658207058906555
vt 0.069711804 0.8560824990272522
vt 0.069711804 0.8560824990272522
vt 0.06892508 0.8459910750389099
vt 0.06892508 0.8459910750389099
vt 0.06505662 0.83661288022995
vt 0.06505662 0.83661288022995
vt 0.058491886 0.8288974761962891
vt 0.058491886 0.8288974761962891
vt 0.009888172 0.8366027474403381
vt 0.009888172 0.8366027474403381
vt 0.0059931874 0.8459749221801758
vt 0.0059931874 0.8459749221801758
vt 0.005198598 0.8560929298400879
vt 0.005198598 0.8560929298400879
vt 0.0075799823 0.8659648299217224
vt 0.0075799823 0.8659648299217224
vt 0.0129106045 0.8746066093444824
vt 0.0129106045 0.8746066093444824
vt 0.04018444 0.885763943195343
vt 0.04018444 0.885763943195343
vt 0.05003184 0.8833426833152771
vt 0.05003184 0.8833426833152771
vt 0.030058444 0.8850166201591492
vt 0.030058444 0.8850166201591492
vt 0.05863738 0.8780073523521423
vt 0.05863738 0.8780073523521423
vt 0.020658433 0.8811759948730469
vt 0.020658433 0.8811759948730469
vt 0.065143585 0.8703048825263977
vt 0.065143585 0.8703048825263977
vt 0.042758226 0.8200458884239197
vt 0.03219372 0.8200477957725525
vt 0.022115707 0.8233280181884766
vt 0.013555825 0.8295493125915527
vt 0.052851617 0.8233291506767273
vt 0.067693174 0.8687627911567688
vt 0.07088804 0.8588133454322815
vt 0.07089627 0.8482425808906555
vt 0.06763667 0.83815997838974
vt 0.061405838 0.8295579552650452
vt 0.0073018074 0.8381443023681641
vt 0.004015386 0.8482227325439453
vt 0.004015982 0.8588646054267883
vt 0.0073093176 0.8689482808113098
vt 0.0135909915 0.877543032169342
vt 0.032337368 0.8869882225990295
vt 0.042939603 0.8869338631629944
vt 0.053027928 0.8835956454277039
vt 0.022198796 0.8837460875511169
vt 0.06154108 0.8773359656333923
vt 0.15447481 0.8329302072525024
vt 0.035107672 0.8236196637153625
vt 0.15037908 0.8510540723800659
vt 0.018028557 0.8307254910469055
vt 0.16048847 0.8256969451904297
vt 0.044449627 0.8243532180786133
vt 0.15099218 0.8416675925254822
vt 0.026018918 0.8258134722709656
vt 0.20575272 0.8322713971138
vt 0.06520444 0.8649260401725769
vt 0.19955535 0.8251957297325134
vt 0.067332685 0.855927050113678
vt 0.19147462 0.8203815221786499
vt 0.06658584 0.8465576171875
vt 0.18230157 0.8182991147041321
vt 0.06301105 0.8378737568855286
vt 0.17293438 0.8191525340080261
vt 0.056936383 0.8307283520698547
vt 0.15269567 0.8601704239845276
vt 0.011933506 0.8378704190254211
vt 0.15771613 0.8681245446205139
vt 0.008331597 0.8465476036071777
vt 0.16494907 0.8741379380226135
vt 0.0075989366 0.8559133410453796
vt 0.17368634 0.8776219487190247
vt 0.009807408 0.8650471568107605
vt 0.18307243 0.8782355189323425
vt 0.014743626 0.8730447292327881
vt 0.20615633 0.8636650443077087
vt 0.03999275 0.8833635449409485
vt 0.2096403 0.8549278378486633
vt 0.049110472 0.8811230659484863
vt 0.20014295 0.8708979487419128
vt 0.03061968 0.8826751112937927
vt 0.21025391 0.845541775226593
vt 0.057077885 0.8761851191520691
vt 0.19218874 0.8759186267852783
vt 0.021916986 0.8791210055351257
vt 0.20793691 0.8364253640174866
vt 0.06311166 0.8690588474273682
vt 0.44913027 0.27132999897003174
vt 0.44913027 0.27132999897003174
vt 0.1588313 0.19151300191879272
vt 0.1588313 0.19151300191879272
vt 0.47335407 0.2715686559677124
vt 0.47335407 0.2715686559677124
vt 0.42490694 0.2713921070098877
vt 0.42490694 0.2713921070098877
vt 0.15876114 0.21579301357269287
vt 0.15876114 0.21579301357269287
vt 0.15854776 0.22996705770492554
vt 0.15854776 0.22996705770492554
vt 0.15831971 0.1572585105895996
vt 0.15831971 0.1572585105895996
vt 0.44615036 0.27258849143981934
vt 0.44615036 0.27258849143981934
vt 0.15758473 0.19449377059936523
vt 0.15758473 0.19449377059936523
vt 0.4703588 0.2727898359298706
vt 0.4703588 0.2727898359298706
vt 0.42194328 0.27268755435943604
vt 0.42194328 0.27268755435943604
vt 0.1574586 0.21875375509262085
vt 0.1574586 0.21875375509262085
vt 0.15733486 0.22696876525878906
vt 0.15733486 0.22696876525878906
vt 0.15698093 0.15431547164916992
vt 0.15698093 0.15431547164916992
vt 0.81360966 0.8513505458831787
vt 0.4326265 0.2702150344848633
vt 0.029248238 0.8191573619842529
vt 0.43298936 0.29642558097839355
vt 0.029936254 0.822021484375
vt 0.029936254 0.822021484375
vt 0.1523986 0.8371390104293823
vt 0.03050685 0.824347734451294
vt 0.4299297 0.2711465358734131
vt 0.027074277 0.8214309811592102
vt 0.43006524 0.29280638694763184
vt 0.027898967 0.8239622712135315
vt 0.8348694 0.8166096806526184
vt 0.38415512 0.2710648775100708
vt 0.0022479892 0.850759744644165
vt 0.38519368 0.29725515842437744
vt 0.0051980615 0.8509936332702637
vt 0.0051980615 0.8509936332702637
vt 0.007598102 0.8511732220649719
vt 0.16107713 0.8714001774787903
vt 0.15793812 0.25920116901397705
vt 0.38150087 0.27209699153900146
vt 0.0037436485 0.853543221950531
vt 0.13631445 0.2584940791130066
vt 0.38215566 0.2937202453613281
vt 0.006416142 0.853543221950531
vt 0.8185964 0.8305266499519348
vt 0.40839136 0.2704824209213257
vt 0.010639429 0.8305618166923523
vt 0.40908253 0.29668617248535156
vt 0.012885451 0.8324828147888184
vt 0.012885451 0.8324828147888184
vt 0.15117264 0.8556797504425049
vt 0.014720559 0.8340378403663635
vt 0.40570638 0.27144718170166016
vt 0.010212481 0.8336881995201111
vt 0.4061134 0.2931036949157715
vt 0.0123716 0.8352592587471008
vt 0.8562152 0.8149161338806152
vt 0.15951157 0.23771697282791138
vt 0.007379532 0.8720407485961914
vt 0.1332987 0.2373594045639038
vt 0.009900212 0.8704882264137268
vt 0.009900212 0.8704882264137268
vt 0.17833084 0.878296434879303
vt 0.011944473 0.8692169189453125
vt 0.15865487 0.2349953055381775
vt 0.010230601 0.8734059929847717
vt 0.13699734 0.23453563451766968
vt 0.012389004 0.8718284964561462
vt 0.8744798 0.826092541217804
vt 0.15991062 0.21348124742507935
vt 0.02407819 0.886202871799469
vt 0.13369656 0.21345281600952148
vt 0.025199592 0.8834630846977234
vt 0.025199592 0.8834630846977234
vt 0.19634262 0.8737342953681946
vt 0.026101828 0.8812314867973328
vt 0.15902066 0.21077078580856323
vt 0.027185917 0.885625422000885
vt 0.13735735 0.21058374643325806
vt 0.028000116 0.8830793499946594
vt 0.8826867 0.8458702564239502
vt 0.15993893 0.18918263912200928
vt 0.04590112 0.8878128528594971
vt 0.13374108 0.1896025538444519
vt 0.045196474 0.8849419951438904
vt 0.045196474 0.8849419951438904
vt 0.20823306 0.8594563007354736
vt 0.044614017 0.8826099038124084
vt 0.15900147 0.18648922443389893
vt 0.04807067 0.885520875453949
vt 0.13734978 0.18667274713516235
vt 0.04723233 0.882986843585968
vt 0.8777011 0.8666946887969971
vt 0.15961206 0.1649571657180786
vt 0.06443733 0.8763086199760437
vt 0.13341975 0.16570746898651123
vt 0.062191427 0.8744127154350281
vt 0.062191427 0.8744127154350281
vt 0.20946021 0.8409161567687988
vt 0.060360193 0.8728768229484558
vt 0.15864062 0.16227537393569946
vt 0.06483966 0.8731982111930847
vt 0.13699323 0.16273128986358643
vt 0.06268686 0.8716512322425842
vt 0.85622644 0.8823019862174988
vt 0.49993244 0.271065354347229
vt 0.4988939 0.2972557544708252
vt 0.07265389 0.8507821559906006
vt 0.06971061 0.8510076403617859
vt 0.06971061 0.8510076403617859
vt 0.19568346 0.8224581480026245
vt 0.067314625 0.8511850833892822
vt 0.15792811 0.13808077573776245
vt 0.5025866 0.2720973491668701
vt 0.07115555 0.853550910949707
vt 0.13631457 0.1387842297554016
vt 0.5019319 0.2937208414077759
vt 0.06849778 0.8535519242286682
vt 0.8348802 0.8806164264678955
vt 0.47569665 0.27048277854919434
vt 0.06431866 0.8305747509002686
vt 0.47500515 0.29668664932250977
vt 0.062070787 0.8324904441833496
vt 0.062070787 0.8324904441833496
vt 0.17756002 0.8183592557907104
vt 0.060234606 0.8340404629707336
vt 0.47838154 0.27144765853881836
vt 0.06473911 0.8336998820304871
vt 0.47797433 0.2931041717529297
vt 0.06257868 0.8352652192115784
vt 0.821817 0.8711288571357727
vt 0.4568652 0.2702486515045166
vt 0.050989747 0.8208696842193604
vt 0.45689964 0.29646170139312744
vt 0.049857736 0.8235959410667419
vt 0.049857736 0.8235959410667419
vt 0.16428927 0.822860062122345
vt 0.04894674 0.8258166313171387
vt 0.4541565 0.2711465358734131
vt 0.047887743 0.8214296698570251
vt 0.4540207 0.2928065061569214
vt 0.047063172 0.8239648938179016
vt 0.8141205 0.8403448462486267
vt 0.8141205 0.8403448462486267
vt 0.01893872 0.823411762714386
vt 0.4211383 0.2968515157699585
vt 0.8116768 0.8392424583435059
vt 0.42021787 0.2718539237976074
vt 0.42033815 0.29361391067504883
vt 0.42033815 0.29361391067504883
vt 0.02059251 0.8258970379829407
vt 0.02059251 0.8258970379829407
vt 0.15031806 0.8463122844696045
vt 0.021857083 0.8279404640197754
vt 0.41783786 0.2728757858276367
vt 0.017688155 0.8262319564819336
vt 0.4180669 0.2911665439605713
vt 0.019248366 0.8283787369728088
vt 0.8157589 0.861924946308136
vt 0.8157589 0.861924946308136
vt 0.0401392 0.8182466626167297
vt 0.4450427 0.2967405319213867
vt 0.8131339 0.8624691963195801
vt 0.44443542 0.27173352241516113
vt 0.444283 0.29349327087402344
vt 0.444283 0.29349327087402344
vt 0.04001701 0.8212270140647888
vt 0.04001701 0.8212270140647888
vt 0.15721257 0.8290581703186035
vt 0.039838254 0.8236201405525208
vt 0.44204262 0.2727257013320923
vt 0.03747344 0.8197928071022034
vt 0.4420426 0.29101788997650146
vt 0.037473917 0.8224429488182068
vt 0.8254865 0.8753089904785156
vt 0.8254865 0.8753089904785156
vt 0.05603099 0.8234150409698486
vt 0.4629488 0.2968517541885376
vt 0.8241585 0.8776383399963379
vt 0.4638694 0.2718541622161865
vt 0.46374902 0.29361414909362793
vt 0.46374902 0.29361414909362793
vt 0.054374695 0.8259000778198242
vt 0.054374695 0.8259000778198242
vt 0.16844355 0.8206756711006165
vt 0.05310887 0.8279436230659485
vt 0.4662495 0.2728760242462158
vt 0.057279408 0.82623690366745
vt 0.46602038 0.29116666316986084
vt 0.055717766 0.8283824324607849
vt 0.8455071 0.8835287690162659
vt 0.8455071 0.8835287690162659
vt 0.07016063 0.8401010632514954
vt 0.4868487 0.2972598075866699
vt 0.84580165 0.8861939311027527
vt 0.48808378 0.27227580547332764
vt 0.48768973 0.2940332889556885
vt 0.48768973 0.2940332889556885
vt 0.06735581 0.8411383032798767
vt 0.06735581 0.8411383032798767
vt 0.18694608 0.8189741969108582
vt 0.065126956 0.842047393321991
vt 0.49045095 0.2733272314071655
vt 0.06951016 0.8431219458580017
vt 0.48999187 0.29161500930786133
vt 0.06698161 0.8439392447471619
vt 0.8665379 0.8784149289131165
vt 0.8665379 0.8784149289131165
vt 0.07178497 0.8618224263191223
vt 0.13265038 0.1478765606880188
vt 0.86834365 0.8803966045379639
vt 0.15765631 0.1477961540222168
vt 0.13591534 0.14854472875595093
vt 0.13591534 0.14854472875595093
vt 0.06894505 0.8610336184501648
vt 0.06894505 0.8610336184501648
vt 0.20291634 0.8284711837768555
vt 0.066639125 0.8604755997657776
vt 0.15673083 0.15021449327468872
vt 0.069524944 0.8638603091239929
vt 0.13845122 0.15071475505828857
vt 0.06703073 0.8630569577217102
vt 0.8821773 0.8568763732910156
vt 0.8821773 0.8568763732910156
vt 0.056205392 0.8834943771362305
vt 0.13328499 0.17775940895080566
vt 0.8846205 0.8579788208007812
vt 0.15827137 0.1767825484275818
vt 0.13651991 0.17695200443267822
vt 0.13651991 0.17695200443267822
vt 0.054538667 0.881019115447998
vt 0.054538667 0.881019115447998
vt 0.21031487 0.8502833843231201
vt 0.053266108 0.8789834380149841
vt 0.15724415 0.17440569400787354
vt 0.057438493 0.8806690573692322
vt 0.13896096 0.1746760606765747
vt 0.055869162 0.8785337805747986
vt 0.88053685 0.8352961540222168
vt 0.88053685 0.8352961540222168
vt 0.034972966 0.8887808918952942
vt 0.13344574 0.2016226053237915
vt 0.88316154 0.8347518444061279
vt 0.15856624 0.2010921835899353
vt 0.1585738 0.20094090700149536
vt 0.13668048 0.20086485147476196
vt 0.13668048 0.20086485147476196
vt 0.035081863 0.8857902884483337
vt 0.035081863 0.8857902884483337
vt 0.20341854 0.8675369620323181
vt 0.03524989 0.8833888173103333
vt 0.15749097 0.19859862327575684
vt 0.03764057 0.8872170448303223
vt 0.13915068 0.19863438606262207
vt 0.037626803 0.8845586776733398
vt 0.8665251 0.8188014626502991
vt 0.8665251 0.8188014626502991
vt 0.014665663 0.8805456757545471
vt 0.1331994 0.2254999876022339
vt 0.8683285 0.8168184161186218
vt 0.15821564 0.225266695022583
vt 0.13645858 0.2247890830039978
vt 0.13645858 0.2247890830039978
vt 0.01651591 0.8781914114952087
vt 0.01651591 0.8781914114952087
vt 0.18769795 0.8774417638778687
vt 0.018066704 0.8763486742973328
vt 0.15725964 0.2228592038154602
vt 0.017744482 0.8808528780937195
vt 0.13896781 0.22258585691452026
vt 0.019299507 0.8786947131156921
vt 0.8454943 0.813693106174469
vt 0.8454943 0.813693106174469
vt 0.0031129122 0.8619225025177002
vt 0.13265002 0.24939662218093872
vt 0.8457875 0.8110286593437195
vt 0.15766776 0.24948102235794067
vt 0.13591659 0.2487286925315857
vt 0.13591659 0.2487286925315857
vt 0.0059949756 0.8611127734184265
vt 0.0059949756 0.8611127734184265
vt 0.16915785 0.8762146234512329
vt 0.008333981 0.8605396151542664
vt 0.15674222 0.2470613718032837
vt 0.0054175854 0.8639861941337585
vt 0.13845408 0.24655801057815552
vt 0.007945478 0.8631605505943298
vt 0.8254772 0.8219218850135803
vt 0.8254772 0.8219218850135803
vt 0.0047717094 0.8400800228118896
vt 0.39723897 0.2972590923309326
vt 0.8241482 0.8195938467979431
vt 0.39600408 0.27227532863616943
vt 0.39639795 0.29403257369995117
vt 0.39639795 0.29403257369995117
vt 0.0075747967 0.841124951839447
vt 0.0075747967 0.841124951839447
vt 0.15487981 0.8643243312835693
vt 0.009801328 0.8420408368110657
vt 0.3936369 0.2733267545700073
vt 0.0054150224 0.8431033492088318
vt 0.39409587 0.2916144132614136
vt 0.007941842 0.8439275622367859
vt 0.43512368 0.2923457622528076
vt 0.43512368 0.2923457622528076
vt 0.13773572 0.18161070346832275
vt 0.13773572 0.18161070346832275
vt 0.45908543 0.29240870475769043
vt 0.45908543 0.29240870475769043
vt 0.4111655 0.29258036613464355
vt 0.4111655 0.29258036613464355
vt 0.13782567 0.2055279016494751
vt 0.13782567 0.2055279016494751
vt 0.40104526 0.2927689552307129
vt 0.40104526 0.2927689552307129
vt 0.13752967 0.16778051853179932
vt 0.13752967 0.16778051853179932
vt 0.38721147 0.2931196689605713
vt 0.38721147 0.2931196689605713
vt 0.1369294 0.2534393072128296
vt 0.1369294 0.2534393072128296
vt 0.13692838 0.14383649826049805
vt 0.13692838 0.14383649826049805
vt 0.13731825 0.23960530757904053
vt 0.13731825 0.23960530757904053
vt 0.4968762 0.29312026500701904
vt 0.4968762 0.29312026500701904
vt 0.48304266 0.29276955127716064
vt 0.48304266 0.29276955127716064
vt 0.43807554 0.2911536693572998
vt 0.43807554 0.2911536693572998
vt 0.13888413 0.1786428689956665
vt 0.13888413 0.1786428689956665
vt 0.46205193 0.29125332832336426
vt 0.46205193 0.29125332832336426
vt 0.41410214 0.29135143756866455
vt 0.41410214 0.29135143756866455
vt 0.13901299 0.2025805115699768
vt 0.13901299 0.2025805115699768
vt 0.39806467 0.2916508913040161
vt 0.39806467 0.2916508913040161
vt 0.13876593 0.17071324586868286
vt 0.13876593 0.17071324586868286
vt 0.39013326 0.29185056686401367
vt 0.39013326 0.29185056686401367
vt 0.13820684 0.2505202293395996
vt 0.13820684 0.2505202293395996
vt 0.13820481 0.14675438404083252
vt 0.13820481 0.14675438404083252
vt 0.13842857 0.2425888180732727
vt 0.13842857 0.2425888180732727
vt 0.49395436 0.2918510437011719
vt 0.49395436 0.2918510437011719
vt 0.486023 0.29165148735046387
vt 0.486023 0.29165148735046387
vt 0.017326415 0.8772278428077698
vt 0.030234754 0.8232374787330627
vt 0.008738756 0.8416033387184143
vt 0.053873003 0.8799552321434021
vt 0.04938197 0.8247570395469666
vt 0.0138447285 0.8332950472831726
vt 0.025670767 0.8822965025901794
vt 0.021253586 0.8269649147987366
vt 0.057678938 0.8298549056053162
vt 0.044891417 0.8837230801582336
vt 0.039923847 0.8224782347679138
vt 0.06398761 0.8372724652290344
vt 0.035169303 0.8845347762107849
vt 0.06770247 0.8462876677513123
vt 0.010968506 0.8698233962059021
vt 0.06846756 0.855997622013092
vt 0.0072176456 0.8608129620552063
vt 0.06123364 0.8736104965209961
vt 0.066254795 0.8653537631034851
vt 0.0064525604 0.8510870933532715
vt 0.1374445 0.18943452835083008
vt 0.13740557 0.21334803104400635
vt 0.40887573 0.2929805517196655
vt 0.4567859 0.2927520275115967
vt 0.43282893 0.2927175760269165
vt 0.38492513 0.2935529947280884
vt 0.13712358 0.16549241542816162
vt 0.13648921 0.14155220985412598
vt 0.13700998 0.23730099201202393
vt 0.48073938 0.2930840253829956
vt 0.4442732 0.2910219430923462
vt 0.46825078 0.29119837284088135
vt 0.42029724 0.2911428213119507
vt 0.13899016 0.1769055724143982
vt 0.3963257 0.29156243801116943
vt 0.13893026 0.2248162031173706
vt 0.13850904 0.1529436707496643
vt 0.13838762 0.24878793954849243
vt 0.49222174 0.2916752099990845
vt 0.034834504 0.8198234438896179
vt 0.015566587 0.8278107047080994
vt 0.045354724 0.8206407427787781
vt 0.024565041 0.8222822546958923
vt 0.07029629 0.8613686561584473
vt 0.07112807 0.8509006500244141
vt 0.0686664 0.8406122326850891
vt 0.063155055 0.8315696716308594
vt 0.055124164 0.8247053027153015
vt 0.008675873 0.8358555436134338
vt 0.0046227574 0.8456308245658875
vt 0.003777504 0.8562030792236328
vt 0.0062698126 0.8664959073066711
vt 0.011827886 0.8755342364311218
vt 0.040289223 0.8871728777885437
vt 0.050581276 0.8846548199653625
vt 0.029730141 0.8864039778709412
vt 0.059547126 0.8790809512138367
vt 0.019913197 0.8823776841163635
vt 0.06634927 0.8710374236106873
vt 0.15756047 0.2009493112564087
vt 0.49277303 0.27339303493499756
vt 0.15666997 0.2493835687637329
vt 0.156787 0.15253597497940063
vt 0.15721686 0.2251819372177124
vt 0.39595935 0.27327680587768555
vt 0.15727098 0.1767275333404541
vt 0.42016056 0.2728548049926758
vt 0.46857235 0.2729126214981079
vt 0.44436556 0.2727334499359131
vt 0.48108816 0.2714998722076416
vt 0.15859514 0.23770207166671753
vt 0.15805125 0.14077430963516235
vt 0.15869623 0.16498106718063354
vt 0.38419583 0.27198100090026855
vt 0.43263674 0.27113163471221924
vt 0.45686397 0.27116525173187256
vt 0.40841317 0.271398663520813
vt 0.15899426 0.21347767114639282
vt 0.15902317 0.18919521570205688
vt 0.4272225 0.271165132522583
vt 0.029602349 0.8206426501274109
vt 0.42730054 0.2927517890930176
vt 0.025583208 0.8247547745704651
vt 0.1580618 0.25650644302368164
vt 0.003777206 0.8508834838867188
vt 0.13648957 0.2557246685028076
vt 0.0064531565 0.8559994697570801
vt 0.4029998 0.27149951457977295
vt 0.011802018 0.8315594792366028
vt 0.40334842 0.2930835485458374
vt 0.010956883 0.8372657895088196
vt 0.1587109 0.2322884202003479
vt 0.008687615 0.8712379336357117
vt 0.13712823 0.23177331686019897
vt 0.013868868 0.8737905621528625
vt 0.15904552 0.2080644965171814
vt 0.024661839 0.8847833275794983
vt 0.13745159 0.20782113075256348
vt 0.030352056 0.8837929368019104
vt 0.15897626 0.18378323316574097
vt 0.045538127 0.8863239288330078
vt 0.13739794 0.1839095950126648
vt 0.049550474 0.8821825385093689
vt 0.15858138 0.15956979990005493
vt 0.063274205 0.8753241896629333
vt 0.13700628 0.15996724367141724
vt 0.06408161 0.8696537017822266
vt 0.4998918 0.2719813585281372
vt 0.07111883 0.8561882972717285
vt 0.49916244 0.2935534715652466
vt 0.06845862 0.8510997891426086
vt 0.47567487 0.2713991403579712
vt 0.066269696 0.835869312286377
vt 0.47521207 0.2929809093475342
vt 0.061110973 0.8333001732826233
vt 0.45144892 0.27113163471221924
vt 0.050400615 0.8222820162773132
vt 0.4512565 0.29271769523620605
vt 0.0447219 0.8232404589653015
vt 0.4155152 0.2729123830795288
vt 0.019844055 0.824702262878418
vt 0.41583657 0.29119813442230225
vt 0.017285645 0.8298507332801819
vt 0.43971965 0.2727334499359131
vt 0.040113747 0.819821834564209
vt 0.43981192 0.29102182388305664
vt 0.035023868 0.8224782347679138
vt 0.46392676 0.2728550434112549
vt 0.05939883 0.8278177380561829
vt 0.4637899 0.2911430597305298
vt 0.053712904 0.8269681334495544
vt 0.48812845 0.2732771635055542
vt 0.07029593 0.8456507325172424
vt 0.48776197 0.2915630340576172
vt 0.06619078 0.841613233089447
vt 0.15665896 0.14789354801177979
vt 0.068700254 0.8663366436958313
vt 0.13838512 0.14848583936691284
vt 0.067739725 0.8607417941093445
vt 0.15720177 0.17208409309387207
vt 0.055292845 0.8822093605995178
vt 0.13892365 0.172446608543396
vt 0.057822227 0.8770549893379211
vt 0.15745097 0.19627857208251953
vt 0.034991324 0.8872004151344299
vt 0.04008448 0.884509265422821
vt 0.15728681 0.22053635120391846
vt 0.015611768 0.8792783617973328
vt 0.1389975 0.2203553318977356
vt 0.021316528 0.8801020979881287
vt 0.15679877 0.24473893642425537
vt 0.004624009 0.861457347869873
vt 0.13851225 0.2443280816078186
vt 0.008744419 0.8654853701591492
vt 0.39131474 0.27339255809783936
vt 0.0062652826 0.8405951857566833
vt 0.391866 0.2916746139526367
vt 0.0072155595 0.8462745547294617
vt 0.84814817 0.8486101031303406
vt 0.13907677 0.20089620351791382
vt 0.13907874 0.19636690616607666
vt 0.81655675 0.8588896989822388
vt 0.8158145 0.8563904166221619
vt 0.8152739 0.8538368940353394
vt 0.8165499 0.8383580446243286
vt 0.8174186 0.835899829864502
vt 0.81848204 0.8335161209106445
vt 0.82131237 0.8681224584579468
vt 0.81982005 0.8659771680831909
vt 0.8184923 0.8637276887893677
vt 0.81496954 0.8486229777336121
vt 0.81502354 0.8460100889205933
vt 0.81527185 0.8434097170829773
vt 0.87168914 0.8721437454223633
vt 0.8697537 0.8738926649093628
vt 0.8676858 0.8754795789718628
vt 0.8632765 0.8782609701156616
vt 0.8608801 0.8793025016784668
vt 0.85841185 0.8801621198654175
vt 0.8533602 0.8814857602119446
vt 0.850766 0.8817626237869263
vt 0.8481593 0.8818297982215881
vt 0.84295833 0.8814891576766968
vt 0.84040797 0.8809237480163574
vt 0.83790576 0.880169153213501
vt 0.8330404 0.8782716989517212
vt 0.8307791 0.8769710659980774
vt 0.82863086 0.8754934668540955
vt 0.82129943 0.8291186094284058
vt 0.82287866 0.8270360231399536
vt 0.82460755 0.8250781297683716
vt 0.8286107 0.8217421770095825
vt 0.8307585 0.8202640414237976
vt 0.8330199 0.8189607858657837
vt 0.83788425 0.817059338092804
vt 0.8403859 0.8163028955459595
vt 0.84293556 0.8157353401184082
vt 0.848135 0.8153895139694214
vt 0.8507414 0.8154560923576355
vt 0.8533371 0.8157309293746948
vt 0.8583901 0.817051887512207
vt 0.86085844 0.817910373210907
vt 0.8632549 0.818949818611145
vt 0.8797396 0.8383321762084961
vt 0.88048166 0.8408313393592834
vt 0.88102233 0.8433851003646851
vt 0.8813275 0.8485989570617676
vt 0.88127387 0.8512118458747864
vt 0.8810258 0.8538122177124023
vt 0.8749839 0.8290989398956299
vt 0.8764763 0.8312443494796753
vt 0.877804 0.8334940075874329
vt 0.8797477 0.8588640093803406
vt 0.878879 0.8613223433494568
vt 0.8778154 0.8637059926986694
vt 0.8676645 0.8217262029647827
vt 0.869734 0.8233122229576111
vt 0.87167245 0.8250600695610046
vt 0.8749976 0.8681035041809082
vt 0.87341833 0.8701858520507812
vt 0.815024 0.8512360453605652
vt 0.8354162 0.817919135093689
vt 0.8198081 0.8312649726867676
vt 0.8558879 0.8162966966629028
vt 0.87340355 0.8270171880722046
vt 0.88127244 0.8459858894348145
vt 0.87648904 0.8659571409225464
vt 0.8559101 0.8809185028076172
vt 0.8354372 0.8793110847473145
vt 0.82462347 0.8721605539321899
vt 0.82289267 0.870203971862793
vt 0.8158096 0.8408573865890503
vt 0.8174268 0.8613468408584595
vt 0.8265607 0.8739080429077148
vt 0.8455526 0.8817639350891113
vt 0.86553806 0.8769578337669373
vt 0.88048804 0.8563647270202637
vt 0.8788694 0.8358749151229858
vt 0.8655163 0.8202499151229858
vt 0.84552926 0.8154579401016235
vt 0.82654274 0.8233290910720825
f 2262/2262/2262 2286/2286/2286 796/796/796
f 2262/2262/2262 796/796/796 784/784/784
f 2284/2284/2284 845/845/845 844/844/844
f 2284/2284/2284 844/844/844 2283/2283/2283
f 2262/2262/2262 2263/2263/2263 864/864/864
f 2262/2262/2262 864/864/864 865/865/865
f 786/786/786 788/788/788 2264/2264/2264
f 786/786/786 2264/2264/2264 2263/2263/2263
f 2263/2263/2263 2264/2264/2264 863/863/863
f 2263/2263/2263 863/863/863 864/864/864
f 965/965/965 864/864/864 863/863/863
f 965/965/965 863/863/863 966/966/966
f 2285/2285/2285 855/855/855 863/863/863
f 2285/2285/2285 863/863/863 2264/2264/2264
f 3224/3224/3224 3346/3346/3346 3221/3221/3221
f 3224/3224/3224 3221/3221/3221 2018/2018/2018
f 35/35/35 775/775/775 2265/2265/2265
f 35/35/35 2265/2265/2265 842/842/842
f 775/775/775 1/1/1 792/792/792
f 775/775/775 792/792/792 2265/2265/2265
f 2266/2266/2266 2284/2284/2284 778/778/778
f 2266/2266/2266 778/778/778 790/790/790
f 782/782/782 2282/2282/2282 2265/2265/2265
f 782/782/782 2265/2265/2265 792/792/792
f 974/974/974 975/975/975 2320/2320/2320
f 974/974/974 2320/2320/2320 2319/2319/2319
f 841/841/841 845/845/845 2284/2284/2284
f 841/841/841 2284/2284/2284 2266/2266/2266
f 2266/2266/2266 790/790/790 4/4/4
f 2266/2266/2266 4/4/4 828/828/828
f 841/841/841 2266/2266/2266 828/828/828
f 841/841/841 828/828/828 37/37/37
f 59/59/59 874/874/874 2267/2267/2267
f 59/59/59 2267/2267/2267 862/862/862
f 874/874/874 56/56/56 868/868/868
f 874/874/874 868/868/868 2267/2267/2267
f 2267/2267/2267 868/868/868 9/9/9
f 2267/2267/2267 9/9/9 777/777/777
f 862/862/862 2267/2267/2267 777/777/777
f 862/862/862 777/777/777 44/44/44
f 108/108/108 870/870/870 2268/2268/2268
f 108/108/108 2268/2268/2268 981/981/981
f 870/870/870 58/58/58 873/873/873
f 870/870/870 873/873/873 2268/2268/2268
f 2268/2268/2268 873/873/873 54/54/54
f 2268/2268/2268 54/54/54 866/866/866
f 2316/2316/2316 166/166/166 1062/1062/1062
f 2316/2316/2316 1062/1062/1062 2363/2363/2363
f 49/49/49 850/850/850 2269/2269/2269
f 49/49/49 2269/2269/2269 861/861/861
f 850/850/850 33/33/33 816/816/816
f 850/850/850 816/816/816 2269/2269/2269
f 2269/2269/2269 816/816/816 24/24/24
f 2269/2269/2269 24/24/24 849/849/849
f 861/861/861 2269/2269/2269 849/849/849
f 861/861/861 849/849/849 48/48/48
f 50/50/50 851/851/851 2270/2270/2270
f 50/50/50 2270/2270/2270 860/860/860
f 851/851/851 31/31/31 814/814/814
f 851/851/851 814/814/814 2270/2270/2270
f 2270/2270/2270 814/814/814 33/33/33
f 2270/2270/2270 33/33/33 850/850/850
f 860/860/860 2270/2270/2270 850/850/850
f 860/860/860 850/850/850 49/49/49
f 51/51/51 852/852/852 2271/2271/2271
f 51/51/51 2271/2271/2271 859/859/859
f 852/852/852 29/29/29 812/812/812
f 852/852/852 812/812/812 2271/2271/2271
f 2271/2271/2271 812/812/812 31/31/31
f 2271/2271/2271 31/31/31 851/851/851
f 859/859/859 2271/2271/2271 851/851/851
f 859/859/859 851/851/851 50/50/50
f 42/42/42 836/836/836 2272/2272/2272
f 42/42/42 2272/2272/2272 824/824/824
f 836/836/836 41/41/41 823/823/823
f 836/836/836 823/823/823 2272/2272/2272
f 2272/2272/2272 823/823/823 18/18/18
f 2272/2272/2272 18/18/18 799/799/799
f 824/824/824 2272/2272/2272 799/799/799
f 824/824/824 799/799/799 21/21/21
f 114/114/114 835/835/835 2273/2273/2273
f 114/114/114 2273/2273/2273 983/983/983
f 835/835/835 43/43/43 825/825/825
f 835/835/835 825/825/825 2273/2273/2273
f 2273/2273/2273 825/825/825 22/22/22
f 2273/2273/2273 22/22/22 798/798/798
f 983/983/983 2273/2273/2273 798/798/798
f 983/983/983 798/798/798 13/13/13
f 113/113/113 989/989/989 2274/2274/2274
f 113/113/113 2274/2274/2274 834/834/834
f 989/989/989 112/112/112 833/833/833
f 989/989/989 833/833/833 2274/2274/2274
f 2274/2274/2274 833/833/833 41/41/41
f 2274/2274/2274 41/41/41 836/836/836
f 834/834/834 2274/2274/2274 836/836/836
f 834/834/834 836/836/836 42/42/42
f 18/18/18 823/823/823 2275/2275/2275
f 18/18/18 2275/2275/2275 801/801/801
f 823/823/823 41/41/41 837/837/837
f 823/823/823 837/837/837 2275/2275/2275
f 2275/2275/2275 837/837/837 40/40/40
f 2275/2275/2275 40/40/40 822/822/822
f 801/801/801 2275/2275/2275 822/822/822
f 801/801/801 822/822/822 16/16/16
f 16/16/16 822/822/822 2276/2276/2276
f 16/16/16 2276/2276/2276 803/803/803
f 822/822/822 40/40/40 838/838/838
f 822/822/822 838/838/838 2276/2276/2276
f 2276/2276/2276 838/838/838 39/39/39
f 2276/2276/2276 39/39/39 821/821/821
f 803/803/803 2276/2276/2276 821/821/821
f 803/803/803 821/821/821 14/14/14
f 14/14/14 821/821/821 2277/2277/2277
f 14/14/14 2277/2277/2277 805/805/805
f 821/821/821 39/39/39 839/839/839
f 821/821/821 839/839/839 2277/2277/2277
f 2277/2277/2277 839/839/839 38/38/38
f 2277/2277/2277 38/38/38 820/820/820
f 805/805/805 2277/2277/2277 820/820/820
f 805/805/805 820/820/820 11/11/11
f 54/54/54 873/873/873 2278/2278/2278
f 54/54/54 2278/2278/2278 807/807/807
f 873/873/873 58/58/58 840/840/840
f 873/873/873 840/840/840 2278/2278/2278
f 2278/2278/2278 840/840/840 37/37/37
f 2278/2278/2278 37/37/37 828/828/828
f 807/807/807 2278/2278/2278 828/828/828
f 807/807/807 828/828/828 4/4/4
f 114/114/114 983/983/983 2279/2279/2279
f 114/114/114 2279/2279/2279 988/988/988
f 983/983/983 13/13/13 829/829/829
f 983/983/983 829/829/829 2279/2279/2279
f 2279/2279/2279 996/996/996 119/119/119
f 2279/2279/2279 119/119/119 988/988/988
f 986/986/986 2355/2355/2355 995/995/995
f 986/986/986 995/995/995 117/117/117
f 2351/2351/2351 2313/2313/2313 974/974/974
f 2351/2351/2351 974/974/974 973/973/973
f 973/973/973 974/974/974 2319/2319/2319
f 973/973/973 2319/2319/2319 2280/2280/2280
f 2280/2280/2280 841/841/841 37/37/37
f 2280/2280/2280 37/37/37 970/970/970
f 973/973/973 2280/2280/2280 970/970/970
f 973/973/973 970/970/970 106/106/106
f 104/104/104 826/826/826 2281/2281/2281
f 104/104/104 2281/2281/2281 977/977/977
f 826/826/826 35/35/35 842/842/842
f 826/826/826 842/842/842 2281/2281/2281
f 843/843/843 2321/2321/2321 2281/2281/2281
f 843/843/843 2281/2281/2281 842/842/842
f 2282/2282/2282 843/843/843 842/842/842
f 2282/2282/2282 842/842/842 2265/2265/2265
f 780/780/780 2283/2283/2283 2282/2282/2282
f 780/780/780 2282/2282/2282 782/782/782
f 2283/2283/2283 844/844/844 843/843/843
f 2283/2283/2283 843/843/843 2282/2282/2282
f 778/778/778 2284/2284/2284 2283/2283/2283
f 778/778/778 2283/2283/2283 780/780/780
f 6/6/6 846/846/846 2285/2285/2285
f 6/6/6 2285/2285/2285 794/794/794
f 846/846/846 45/45/45 855/855/855
f 846/846/846 855/855/855 2285/2285/2285
f 2286/2286/2286 856/856/856 44/44/44
f 2286/2286/2286 44/44/44 777/777/777
f 796/796/796 2286/2286/2286 777/777/777
f 796/796/796 777/777/777 9/9/9
f 26/26/26 810/810/810 2287/2287/2287
f 26/26/26 2287/2287/2287 853/853/853
f 810/810/810 29/29/29 852/852/852
f 810/810/810 852/852/852 2287/2287/2287
f 2287/2287/2287 852/852/852 51/51/51
f 2287/2287/2287 51/51/51 857/857/857
f 853/853/853 2287/2287/2287 857/857/857
f 853/853/853 857/857/857 52/52/52
f 23/23/23 809/809/809 2288/2288/2288
f 23/23/23 2288/2288/2288 848/848/848
f 809/809/809 28/28/28 854/854/854
f 809/809/809 854/854/854 2288/2288/2288
f 2288/2288/2288 854/854/854 53/53/53
f 2288/2288/2288 53/53/53 858/858/858
f 848/848/848 2288/2288/2288 858/858/858
f 848/848/848 858/858/858 47/47/47
f 112/112/112 986/986/986 2289/2289/2289
f 112/112/112 2289/2289/2289 990/990/990
f 2348/2348/2348 2359/2359/2359 946/946/946
f 2348/2348/2348 946/946/946 1053/1053/1053
f 994/994/994 115/115/115 859/859/859
f 990/990/990 2289/2289/2289 1052/1052/1052
f 990/990/990 1052/1052/1052 111/111/111
f 110/110/110 985/985/985 2290/2290/2290
f 110/110/110 2290/2290/2290 992/992/992
f 121/121/121 998/998/998 2289/2289/2289
f 121/121/121 2289/2289/2289 115/115/115
f 985/985/985 123/123/123 1962/1962/1962
f 985/985/985 1962/1962/1962 2290/2290/2290
f 992/992/992 2290/2290/2290 984/984/984
f 992/992/992 984/984/984 109/109/109
f 24/24/24 818/818/818 2291/2291/2291
f 24/24/24 2291/2291/2291 849/849/849
f 866/866/866 979/979/979 981/981/981
f 866/866/866 981/981/981 2268/2268/2268
f 951/951/951 2308/2308/2308 2306/2306/2306
f 951/951/951 2306/2306/2306 2348/2348/2348
f 849/849/849 2291/2291/2291 960/960/960
f 849/849/849 960/960/960 48/48/48
f 103/103/103 59/59/59 862/862/862
f 103/103/103 862/862/862 962/962/962
f 962/962/962 862/862/862 44/44/44
f 962/962/962 44/44/44 102/102/102
f 964/964/964 865/865/865 864/864/864
f 964/964/964 864/864/864 965/965/965
f 3157/3157/3157 3562/3562/3562 3192/3192/3192
f 3157/3157/3157 3192/3192/3192 2000/2000/2000
f 2307/2307/2307 2361/2361/2361 940/940/940
f 2307/2307/2307 940/940/940 1046/1046/1046
f 964/964/964 963/963/963 856/856/856
f 964/964/964 856/856/856 865/865/865
f 784/784/784 786/786/786 2263/2263/2263
f 784/784/784 2263/2263/2263 2262/2262/2262
f 38/38/38 982/982/982 2292/2292/2292
f 38/38/38 2292/2292/2292 820/820/820
f 982/982/982 108/108/108 981/981/981
f 982/982/982 981/981/981 2292/2292/2292
f 162/162/162 1067/1067/1067 2323/2323/2323
f 162/162/162 2323/2323/2323 2322/2322/2322
f 820/820/820 2292/2292/2292 899/899/899
f 820/820/820 899/899/899 11/11/11
f 107/107/107 971/971/971 2293/2293/2293
f 107/107/107 2293/2293/2293 972/972/972
f 1829/1829/1829 968/968/968 2356/2356/2356
f 1829/1829/1829 2356/2356/2356 2867/2867/2867
f 971/971/971 1056/1056/1056 2353/2353/2353
f 971/971/971 2353/2353/2353 2293/2293/2293
f 972/972/972 2293/2293/2293 1051/1051/1051
f 972/972/972 1051/1051/1051 106/106/106
f 2303/2303/2303 2300/2300/2300 909/909/909
f 2303/2303/2303 909/909/909 911/911/911
f 890/890/890 70/70/70 929/929/929
f 890/890/890 929/929/929 2294/2294/2294
f 2294/2294/2294 929/929/929 87/87/87
f 2294/2294/2294 87/87/87 919/919/919
f 2328/2328/2328 1050/1050/1050 890/890/890
f 2328/2328/2328 890/890/890 2294/2294/2294
f 2305/2305/2305 2296/2296/2296 927/927/927
f 2305/2305/2305 927/927/927 905/905/905
f 883/883/883 65/65/65 930/930/930
f 883/883/883 930/930/930 2295/2295/2295
f 2295/2295/2295 930/930/930 83/83/83
f 2295/2295/2295 83/83/83 913/913/913
f 885/885/885 883/883/883 2295/2295/2295
f 885/885/885 2295/2295/2295 2299/2299/2299
f 896/896/896 2304/2304/2304 2296/2296/2296
f 896/896/896 2296/2296/2296 898/898/898
f 2296/2296/2296 2304/2304/2304 925/925/925
f 2296/2296/2296 925/925/925 927/927/927
f 2302/2302/2302 2299/2299/2299 915/915/915
f 2302/2302/2302 915/915/915 917/917/917
f 876/876/876 898/898/898 2296/2296/2296
f 876/876/876 2296/2296/2296 2305/2305/2305
f 64/64/64 878/878/878 2297/2297/2297
f 64/64/64 2297/2297/2297 932/932/932
f 878/878/878 61/61/61 933/933/933
f 878/878/878 933/933/933 2297/2297/2297
f 2297/2297/2297 933/933/933 78/78/78
f 2297/2297/2297 78/78/78 907/907/907
f 932/932/932 2297/2297/2297 907/907/907
f 932/932/932 907/907/907 81/81/81
f 1054/1054/1054 1053/1053/1053 946/946/946
f 1054/1054/1054 946/946/946 920/920/920
f 120/120/120 50/50/50 860/860/860
f 120/120/120 860/860/860 2368/2368/2368
f 2298/2298/2298 1001/1001/1001 126/126/126
f 904/904/904 926/926/926 949/949/949
f 904/904/904 949/949/949 938/938/938
f 887/887/887 885/885/885 2299/2299/2299
f 887/887/887 2299/2299/2299 2302/2302/2302
f 908/908/908 940/940/940 941/941/941
f 908/908/908 941/941/941 910/910/910
f 2313/2313/2313 2360/2360/2360 2349/2349/2349
f 2313/2313/2313 2349/2349/2349 2314/2314/2314
f 880/880/880 1058/1058/1058 2358/2358/2358
f 880/880/880 2358/2358/2358 2300/2300/2300
f 882/882/882 880/880/880 2300/2300/2300
f 882/882/882 2300/2300/2300 2303/2303/2303
f 75/75/75 894/894/894 2301/2301/2301
f 75/75/75 2301/2301/2301 937/937/937
f 894/894/894 72/72/72 935/935/935
f 894/894/894 935/935/935 2301/2301/2301
f 2301/2301/2301 935/935/935 89/89/89
f 2301/2301/2301 89/89/89 923/923/923
f 937/937/937 2301/2301/2301 923/923/923
f 937/937/937 923/923/923 92/92/92
f 68/68/68 887/887/887 2302/2302/2302
f 68/68/68 2302/2302/2302 928/928/928
f 928/928/928 2302/2302/2302 917/917/917
f 928/928/928 917/917/917 85/85/85
f 67/67/67 882/882/882 2303/2303/2303
f 67/67/67 2303/2303/2303 931/931/931
f 931/931/931 2303/2303/2303 911/911/911
f 931/931/931 911/911/911 84/84/84
f 896/896/896 74/74/74 936/936/936
f 896/896/896 936/936/936 2304/2304/2304
f 2304/2304/2304 936/936/936 91/91/91
f 2304/2304/2304 91/91/91 925/925/925
f 62/62/62 876/876/876 2305/2305/2305
f 62/62/62 2305/2305/2305 934/934/934
f 934/934/934 2305/2305/2305 905/905/905
f 934/934/934 905/905/905 79/79/79
f 99/99/99 2312/2312/2312 2310/2310/2310
f 99/99/99 2310/2310/2310 871/871/871
f 2314/2314/2314 2349/2349/2349 2350/2350/2350
f 2314/2314/2314 2350/2350/2350 2315/2315/2315
f 76/76/76 2330/2330/2330 2307/2307/2307
f 76/76/76 2307/2307/2307 955/955/955
f 94/94/94 80/80/80 906/906/906
f 94/94/94 906/906/906 939/939/939
f 943/943/943 914/914/914 912/912/912
f 943/943/943 912/912/912 942/942/942
f 2318/2318/2318 2351/2351/2351 1051/1051/1051
f 2318/2318/2318 1051/1051/1051 961/961/961
f 939/939/939 906/906/906 77/77/77
f 939/939/939 77/77/77 93/93/93
f 95/95/95 82/82/82 910/910/910
f 95/95/95 910/910/910 941/941/941
f 1046/1046/1046 1047/1047/1047 80/80/80
f 1046/1046/1046 80/80/80 94/94/94
f 944/944/944 916/916/916 914/914/914
f 944/944/944 914/914/914 943/943/943
f 1053/1053/1053 1054/1054/1054 918/918/918
f 1053/1053/1053 918/918/918 945/945/945
f 949/949/949 926/926/926 924/924/924
f 949/949/949 924/924/924 948/948/948
f 942/942/942 912/912/912 82/82/82
f 942/942/942 82/82/82 95/95/95
f 96/96/96 86/86/86 916/916/916
f 96/96/96 916/916/916 944/944/944
f 2348/2348/2348 1053/1053/1053 945/945/945
f 2348/2348/2348 945/945/945 951/951/951
f 98/98/98 90/90/90 922/922/922
f 98/98/98 922/922/922 947/947/947
f 945/945/945 918/918/918 86/86/86
f 945/945/945 86/86/86 96/96/96
f 2329/2329/2329 2328/2328/2328 1055/1055/1055
f 2329/2329/2329 1055/1055/1055 921/921/921
f 950/950/950 2309/2309/2309 949/949/949
f 950/950/950 949/949/949 948/948/948
f 947/947/947 922/922/922 88/88/88
f 947/947/947 88/88/88 97/97/97
f 948/948/948 924/924/924 90/90/90
f 948/948/948 90/90/90 98/98/98
f 951/951/951 944/944/944 943/943/943
f 951/951/951 943/943/943 2308/2308/2308
f 93/93/93 938/938/938 954/954/954
f 2309/2309/2309 76/76/76 955/955/955
f 2309/2309/2309 955/955/955 954/954/954
f 94/94/94 939/939/939 954/954/954
f 94/94/94 954/954/954 955/955/955
f 93/93/93 954/954/954 939/939/939
f 2330/2330/2330 2306/2306/2306 2361/2361/2361
f 2330/2330/2330 2361/2361/2361 2307/2307/2307
f 971/971/971 1061/1061/1061 1062/1062/1062
f 971/971/971 1062/1062/1062 1056/1056/1056
f 1065/1065/1065 99/99/99 871/871/871
f 1065/1065/1065 871/871/871 1063/1063/1063
f 955/955/955 2307/2307/2307 1046/1046/1046
f 955/955/955 1046/1046/1046 94/94/94
f 95/95/95 941/941/941 953/953/953
f 2308/2308/2308 953/953/953 2361/2361/2361
f 2308/2308/2308 2361/2361/2361 2306/2306/2306
f 2309/2309/2309 954/954/954 938/938/938
f 2309/2309/2309 938/938/938 949/949/949
f 95/95/95 953/953/953 942/942/942
f 2308/2308/2308 943/943/943 942/942/942
f 2308/2308/2308 942/942/942 953/953/953
f 2291/2291/2291 2312/2312/2312 99/99/99
f 2291/2291/2291 99/99/99 960/960/960
f 96/96/96 944/944/944 951/951/951
f 940/940/940 2361/2361/2361 953/953/953
f 940/940/940 953/953/953 941/941/941
f 96/96/96 951/951/951 945/945/945
f 98/98/98 947/947/947 950/950/950
f 97/97/97 952/952/952 950/950/950
f 97/97/97 950/950/950 947/947/947
f 98/98/98 950/950/950 948/948/948
f 856/856/856 963/963/963 102/102/102
f 856/856/856 102/102/102 44/44/44
f 2312/2312/2312 958/958/958 956/956/956
f 2312/2312/2312 956/956/956 2310/2310/2310
f 1063/1063/1063 2364/2364/2364 2311/2311/2311
f 1063/1063/1063 2311/2311/2311 1065/1065/1065
f 2310/2310/2310 956/956/956 56/56/56
f 2310/2310/2310 56/56/56 874/874/874
f 871/871/871 2310/2310/2310 874/874/874
f 871/871/871 874/874/874 59/59/59
f 2366/2366/2366 2311/2311/2311 886/886/886
f 2366/2366/2366 886/886/886 888/888/888
f 1130/1130/1130 2783/2783/2783 3434/3434/3434
f 960/960/960 1064/1064/1064 161/161/161
f 960/960/960 161/161/161 48/48/48
f 1064/1064/1064 1065/1065/1065 2311/2311/2311
f 1064/1064/1064 2311/2311/2311 2366/2366/2366
f 2369/2369/2369 2322/2322/2322 897/897/897
f 2369/2369/2369 897/897/897 875/875/875
f 2311/2311/2311 2364/2364/2364 884/884/884
f 2311/2311/2311 884/884/884 886/886/886
f 818/818/818 958/958/958 2312/2312/2312
f 818/818/818 2312/2312/2312 2291/2291/2291
f 967/967/967 2867/2867/2867 2350/2350/2350
f 967/967/967 2350/2350/2350 966/966/966
f 2313/2313/2313 2314/2314/2314 975/975/975
f 2313/2313/2313 975/975/975 974/974/974
f 2280/2280/2280 2319/2319/2319 845/845/845
f 2280/2280/2280 845/845/845 841/841/841
f 2314/2314/2314 2315/2315/2315 976/976/976
f 2314/2314/2314 976/976/976 975/975/975
f 2313/2313/2313 2351/2351/2351 2318/2318/2318
f 2313/2313/2313 2318/2318/2318 2360/2360/2360
f 2315/2315/2315 2356/2356/2356 977/977/977
f 2315/2315/2315 977/977/977 976/976/976
f 940/940/940 908/908/908 1047/1047/1047
f 940/940/940 1047/1047/1047 1046/1046/1046
f 45/45/45 100/100/100 967/967/967
f 45/45/45 967/967/967 855/855/855
f 66/66/66 903/903/903 2316/2316/2316
f 66/66/66 2316/2316/2316 881/881/881
f 903/903/903 164/164/164 166/166/166
f 903/903/903 166/166/166 2316/2316/2316
f 163/163/163 2327/2327/2327 2298/2298/2298
f 163/163/163 2298/2298/2298 126/126/126
f 58/58/58 872/872/872 2317/2317/2317
f 58/58/58 2317/2317/2317 840/840/840
f 872/872/872 107/107/107 972/972/972
f 872/872/872 972/972/972 2317/2317/2317
f 2317/2317/2317 972/972/972 106/106/106
f 2317/2317/2317 106/106/106 970/970/970
f 840/840/840 2317/2317/2317 970/970/970
f 840/840/840 970/970/970 37/37/37
f 1062/1062/1062 1061/1061/1061 2357/2357/2357
f 1062/1062/1062 2357/2357/2357 2363/2363/2363
f 2360/2360/2360 2318/2318/2318 963/963/963
f 2360/2360/2360 963/963/963 964/964/964
f 2293/2293/2293 2353/2353/2353 961/961/961
f 2293/2293/2293 961/961/961 1051/1051/1051
f 963/963/963 2318/2318/2318 961/961/961
f 963/963/963 961/961/961 102/102/102
f 2319/2319/2319 2320/2320/2320 844/844/844
f 2319/2319/2319 844/844/844 845/845/845
f 975/975/975 976/976/976 2321/2321/2321
f 975/975/975 2321/2321/2321 2320/2320/2320
f 2320/2320/2320 2321/2321/2321 843/843/843
f 2320/2320/2320 843/843/843 844/844/844
f 2321/2321/2321 976/976/976 977/977/977
f 2321/2321/2321 977/977/977 2281/2281/2281
f 162/162/162 1066/1066/1066 870/870/870
f 162/162/162 870/870/870 108/108/108
f 1056/1056/1056 1062/1062/1062 166/166/166
f 1056/1056/1056 166/166/166 103/103/103
f 2322/2322/2322 2369/2369/2369 1066/1066/1066
f 2322/2322/2322 1066/1066/1066 162/162/162
f 2359/2359/2359 2330/2330/2330 76/76/76
f 2359/2359/2359 76/76/76 952/952/952
f 870/870/870 1066/1066/1066 159/159/159
f 870/870/870 159/159/159 58/58/58
f 109/109/109 165/165/165 1069/1069/1069
f 109/109/109 1069/1069/1069 830/830/830
f 2323/2323/2323 1067/1067/1067 160/160/160
f 2323/2323/2323 160/160/160 1060/1060/1060
f 895/895/895 2323/2323/2323 1060/1060/1060
f 895/895/895 1060/1060/1060 73/73/73
f 857/857/857 51/51/51 117/117/117
f 857/857/857 117/117/117 995/995/995
f 52/52/52 857/857/857 995/995/995
f 52/52/52 995/995/995 118/118/118
f 41/41/41 833/833/833 2324/2324/2324
f 41/41/41 2324/2324/2324 837/837/837
f 833/833/833 112/112/112 990/990/990
f 833/833/833 990/990/990 2324/2324/2324
f 2324/2324/2324 990/990/990 111/111/111
f 2324/2324/2324 111/111/111 832/832/832
f 837/837/837 2324/2324/2324 832/832/832
f 837/837/837 832/832/832 40/40/40
f 40/40/40 832/832/832 2325/2325/2325
f 40/40/40 2325/2325/2325 838/838/838
f 832/832/832 111/111/111 991/991/991
f 832/832/832 991/991/991 2325/2325/2325
f 2325/2325/2325 991/991/991 110/110/110
f 2325/2325/2325 110/110/110 831/831/831
f 838/838/838 2325/2325/2325 831/831/831
f 838/838/838 831/831/831 39/39/39
f 39/39/39 831/831/831 2326/2326/2326
f 39/39/39 2326/2326/2326 839/839/839
f 831/831/831 110/110/110 992/992/992
f 831/831/831 992/992/992 2326/2326/2326
f 2326/2326/2326 992/992/992 109/109/109
f 2326/2326/2326 109/109/109 830/830/830
f 839/839/839 2326/2326/2326 830/830/830
f 839/839/839 830/830/830 38/38/38
f 984/984/984 1068/1068/1068 165/165/165
f 984/984/984 165/165/165 109/109/109
f 830/830/830 1069/1069/1069 160/160/160
f 830/830/830 160/160/160 38/38/38
f 117/117/117 51/51/51 859/859/859
f 117/117/117 859/859/859 115/115/115
f 128/128/128 124/124/124 1068/1068/1068
f 128/128/128 1068/1068/1068 984/984/984
f 995/995/995 2355/2355/2355 987/987/987
f 995/995/995 987/987/987 118/118/118
f 119/119/119 996/996/996 858/858/858
f 119/119/119 858/858/858 53/53/53
f 996/996/996 116/116/116 47/47/47
f 996/996/996 47/47/47 858/858/858
f 997/997/997 994/994/994 120/120/120
f 997/997/997 120/120/120 2629/2629/2629
f 1055/1055/1055 2328/2328/2328 2294/2294/2294
f 1055/1055/1055 2294/2294/2294 919/919/919
f 48/48/48 2354/2354/2354 2362/2362/2362
f 48/48/48 2362/2362/2362 861/861/861
f 860/860/860 49/49/49 129/129/129
f 860/860/860 129/129/129 2368/2368/2368
f 2327/2327/2327 163/163/163 161/161/161
f 2327/2327/2327 161/161/161 902/902/902
f 889/889/889 2327/2327/2327 902/902/902
f 889/889/889 902/902/902 69/69/69
f 1022/1022/1022 2343/2343/2343 1032/1032/1032
f 1022/1022/1022 1032/1032/1032 131/131/131
f 154/154/154 135/135/135 1018/1018/1018
f 154/154/154 1018/1018/1018 1016/1016/1016
f 1038/1038/1038 133/133/133 1034/1034/1034
f 1038/1038/1038 1034/1034/1034 2345/2345/2345
f 2337/2337/2337 1964/1964/1964 133/133/133
f 2337/2337/2337 133/133/133 1038/1038/1038
f 149/149/149 1028/1028/1028 2339/2339/2339
f 149/149/149 2339/2339/2339 1011/1011/1011
f 121/121/121 115/115/115 994/994/994
f 121/121/121 994/994/994 997/997/997
f 1049/1049/1049 2900/2900/2900 2298/2298/2298
f 72/72/72 892/892/892 2329/2329/2329
f 72/72/72 2329/2329/2329 935/935/935
f 935/935/935 2329/2329/2329 921/921/921
f 935/935/935 921/921/921 89/89/89
f 950/950/950 952/952/952 76/76/76
f 950/950/950 76/76/76 2309/2309/2309
f 2289/2289/2289 998/998/998 122/122/122
f 2289/2289/2289 122/122/122 1052/1052/1052
f 137/137/137 149/149/149 1011/1011/1011
f 137/137/137 1011/1011/1011 1020/1020/1020
f 126/126/126 127/127/127 2354/2354/2354
f 126/126/126 2354/2354/2354 163/163/163
f 110/110/110 991/991/991 2331/2331/2331
f 110/110/110 2331/2331/2331 985/985/985
f 991/991/991 111/111/111 1052/1052/1052
f 991/991/991 1052/1052/1052 2331/2331/2331
f 1052/1052/1052 122/122/122 999/999/999
f 1052/1052/1052 999/999/999 2331/2331/2331
f 2333/2333/2333 1024/1024/1024 144/144/144
f 2333/2333/2333 144/144/144 1007/1007/1007
f 146/146/146 1009/1009/1009 2335/2335/2335
f 146/146/146 2335/2335/2335 1026/1026/1026
f 2332/2332/2332 1006/1006/1006 121/121/121
f 2332/2332/2332 121/121/121 997/997/997
f 1004/1004/1004 2332/2332/2332 997/997/997
f 1004/1004/1004 997/997/997 2629/2629/2629
f 2334/2334/2334 1008/1008/1008 122/122/122
f 2334/2334/2334 122/122/122 998/998/998
f 1006/1006/1006 2334/2334/2334 998/998/998
f 1006/1006/1006 998/998/998 121/121/121
f 1026/1026/1026 2335/2335/2335 1007/1007/1007
f 1026/1026/1026 1007/1007/1007 144/144/144
f 2336/2336/2336 1037/1037/1037 123/123/123
f 2336/2336/2336 123/123/123 999/999/999
f 1008/1008/1008 2336/2336/2336 999/999/999
f 1008/1008/1008 999/999/999 122/122/122
f 2339/2339/2339 1028/1028/1028 151/151/151
f 2339/2339/2339 151/151/151 1014/1014/1014
f 1013/1013/1013 152/152/152 1030/1030/1030
f 1013/1013/1013 1030/1030/1030 2341/2341/2341
f 2338/2338/2338 1012/1012/1012 125/125/125
f 2338/2338/2338 125/125/125 1000/1000/1000
f 1010/1010/1010 2338/2338/2338 1000/1000/1000
f 1010/1010/1010 1000/1000/1000 124/124/124
f 1016/1016/1016 2341/2341/2341 1030/1030/1030
f 1016/1016/1016 1030/1030/1030 154/154/154
f 2340/2340/2340 1015/1015/1015 126/126/126
f 2340/2340/2340 126/126/126 1001/1001/1001
f 1012/1012/1012 2340/2340/2340 1001/1001/1001
f 1012/1012/1012 1001/1001/1001 125/125/125
f 1015/1015/1015 1017/1017/1017 127/127/127
f 1015/1015/1015 127/127/127 126/126/126
f 1032/1032/1032 2343/2343/2343 1018/1018/1018
f 1032/1032/1032 1018/1018/1018 135/135/135
f 1019/1019/1019 1010/1010/1010 124/124/124
f 1019/1019/1019 124/124/124 128/128/128
f 2347/2347/2347 1036/1036/1036 142/142/142
f 2347/2347/2347 142/142/142 1005/1005/1005
f 2342/2342/2342 1021/1021/1021 2352/2352/2352
f 2342/2342/2342 2352/2352/2352 1002/1002/1002
f 1017/1017/1017 2342/2342/2342 1002/1002/1002
f 1017/1017/1017 1002/1002/1002 127/127/127
f 2345/2345/2345 1034/1034/1034 137/137/137
f 2345/2345/2345 137/137/137 1020/1020/1020
f 2347/2347/2347 1022/1022/1022 131/131/131
f 2347/2347/2347 131/131/131 1036/1036/1036
f 2344/2344/2344 1019/1019/1019 128/128/128
f 2344/2344/2344 128/128/128 1962/1962/1962
f 1037/1037/1037 2344/2344/2344 1962/1962/1962
f 1037/1037/1037 1962/1962/1962 123/123/123
f 2337/2337/2337 1009/1009/1009 146/146/146
f 2337/2337/2337 146/146/146 1964/1964/1964
f 2331/2331/2331 999/999/999 123/123/123
f 2331/2331/2331 123/123/123 985/985/985
f 153/153/153 734/734/734 155/155/155
f 153/153/153 155/155/155 134/134/134
f 1039/1039/1039 1023/1023/1023 141/141/141
f 1039/1039/1039 141/141/141 729/729/729
f 731/731/731 145/145/145 1025/1025/1025
f 731/731/731 1025/1025/1025 1040/1040/1040
f 147/147/147 132/132/132 1963/1963/1963
f 147/147/147 1963/1963/1963 1965/1965/1965
f 1040/1040/1040 1025/1025/1025 143/143/143
f 1040/1040/1040 143/143/143 730/730/730
f 733/733/733 150/150/150 1027/1027/1027
f 733/733/733 1027/1027/1027 1041/1041/1041
f 1965/1965/1965 1963/1963/1963 145/145/145
f 1965/1965/1965 145/145/145 731/731/731
f 734/734/734 153/153/153 1029/1029/1029
f 734/734/734 1029/1029/1029 1042/1042/1042
f 1041/1041/1041 1027/1027/1027 148/148/148
f 1041/1041/1041 148/148/148 732/732/732
f 136/136/136 156/156/156 732/732/732
f 136/136/136 732/732/732 148/148/148
f 1042/1042/1042 1029/1029/1029 150/150/150
f 1042/1042/1042 150/150/150 733/733/733
f 735/735/735 140/140/140 732/732/732
f 735/735/735 732/732/732 156/156/156
f 157/157/157 130/130/130 1031/1031/1031
f 157/157/157 1031/1031/1031 1043/1043/1043
f 136/136/136 1033/1033/1033 1044/1044/1044
f 136/136/136 1044/1044/1044 156/156/156
f 1043/1043/1043 1031/1031/1031 134/134/134
f 1043/1043/1043 134/134/134 155/155/155
f 141/141/141 1035/1035/1035 1045/1045/1045
f 141/141/141 1045/1045/1045 729/729/729
f 1044/1044/1044 1033/1033/1033 132/132/132
f 1044/1044/1044 132/132/132 147/147/147
f 1045/1045/1045 1035/1035/1035 130/130/130
f 1045/1045/1045 130/130/130 157/157/157
f 2349/2349/2349 2360/2360/2360 964/964/964
f 2349/2349/2349 964/964/964 965/965/965
f 601/601/601 3074/3074/3074 3513/3513/3513
f 601/601/601 3513/3513/3513 1701/1701/1701
f 2350/2350/2350 2349/2349/2349 965/965/965
f 2350/2350/2350 965/965/965 966/966/966
f 2290/2290/2290 1962/1962/1962 128/128/128
f 2290/2290/2290 128/128/128 984/984/984
f 125/125/125 1001/1001/1001 2298/2298/2298
f 125/125/125 2298/2298/2298 2900/2900/2900
f 1051/1051/1051 2351/2351/2351 973/973/973
f 1051/1051/1051 973/973/973 106/106/106
f 2353/2353/2353 1056/1056/1056 103/103/103
f 2353/2353/2353 103/103/103 962/962/962
f 961/961/961 2353/2353/2353 962/962/962
f 961/961/961 962/962/962 102/102/102
f 2355/2355/2355 986/986/986 112/112/112
f 2355/2355/2355 112/112/112 989/989/989
f 987/987/987 2355/2355/2355 989/989/989
f 987/987/987 989/989/989 113/113/113
f 2867/2867/2867 2356/2356/2356 2315/2315/2315
f 2867/2867/2867 2315/2315/2315 2350/2350/2350
f 2356/2356/2356 968/968/968 104/104/104
f 2356/2356/2356 104/104/104 977/977/977
f 920/920/920 946/946/946 97/97/97
f 920/920/920 97/97/97 88/88/88
f 2300/2300/2300 2358/2358/2358 1048/1048/1048
f 2300/2300/2300 1048/1048/1048 909/909/909
f 2363/2363/2363 2357/2357/2357 1057/1057/1057
f 2363/2363/2363 1057/1057/1057 879/879/879
f 2357/2357/2357 1061/1061/1061 158/158/158
f 2357/2357/2357 158/158/158 978/978/978
f 1057/1057/1057 2357/2357/2357 978/978/978
f 1057/1057/1057 978/978/978 63/63/63
f 2358/2358/2358 1058/1058/1058 64/64/64
f 2358/2358/2358 64/64/64 932/932/932
f 1048/1048/1048 2358/2358/2358 932/932/932
f 1048/1048/1048 932/932/932 81/81/81
f 946/946/946 2359/2359/2359 952/952/952
f 946/946/946 952/952/952 97/97/97
f 2352/2352/2352 2367/2367/2367 2368/2368/2368
f 2352/2352/2352 2368/2368/2368 129/129/129
f 730/730/730 143/143/143 1023/1023/1023
f 730/730/730 1023/1023/1023 1039/1039/1039
f 2354/2354/2354 48/48/48 161/161/161
f 2354/2354/2354 161/161/161 163/163/163
f 1061/1061/1061 971/971/971 107/107/107
f 1061/1061/1061 107/107/107 158/158/158
f 2316/2316/2316 2363/2363/2363 879/879/879
f 2316/2316/2316 879/879/879 881/881/881
f 1063/1063/1063 164/164/164 903/903/903
f 1063/1063/1063 903/903/903 2364/2364/2364
f 2364/2364/2364 903/903/903 66/66/66
f 2364/2364/2364 66/66/66 884/884/884
f 158/158/158 1059/1059/1059 2365/2365/2365
f 158/158/158 2365/2365/2365 978/978/978
f 1059/1059/1059 159/159/159 901/901/901
f 1059/1059/1059 901/901/901 2365/2365/2365
f 2365/2365/2365 901/901/901 60/60/60
f 2365/2365/2365 60/60/60 877/877/877
f 978/978/978 2365/2365/2365 877/877/877
f 978/978/978 877/877/877 63/63/63
f 161/161/161 1064/1064/1064 2366/2366/2366
f 161/161/161 2366/2366/2366 902/902/902
f 902/902/902 2366/2366/2366 888/888/888
f 902/902/902 888/888/888 69/69/69
f 162/162/162 108/108/108 982/982/982
f 162/162/162 982/982/982 1067/1067/1067
f 2299/2299/2299 2295/2295/2295 913/913/913
f 2299/2299/2299 913/913/913 915/915/915
f 159/159/159 1066/1066/1066 2369/2369/2369
f 159/159/159 2369/2369/2369 901/901/901
f 2322/2322/2322 2323/2323/2323 895/895/895
f 2322/2322/2322 895/895/895 897/897/897
f 901/901/901 2369/2369/2369 875/875/875
f 901/901/901 875/875/875 60/60/60
f 59/59/59 103/103/103 166/166/166
f 59/59/59 166/166/166 164/164/164
f 1067/1067/1067 982/982/982 38/38/38
f 1067/1067/1067 38/38/38 160/160/160
f 107/107/107 872/872/872 1059/1059/1059
f 107/107/107 1059/1059/1059 158/158/158
f 2370/2370/2370 891/891/891 71/71/71
f 2370/2370/2370 71/71/71 993/993/993
f 1068/1068/1068 2370/2370/2370 993/993/993
f 1068/1068/1068 993/993/993 165/165/165
f 160/160/160 1069/1069/1069 2371/2371/2371
f 160/160/160 2371/2371/2371 1060/1060/1060
f 1069/1069/1069 165/165/165 993/993/993
f 1069/1069/1069 993/993/993 2371/2371/2371
f 2371/2371/2371 993/993/993 71/71/71
f 2371/2371/2371 71/71/71 893/893/893
f 1060/1060/1060 2371/2371/2371 893/893/893
f 1060/1060/1060 893/893/893 73/73/73
f 1059/1059/1059 872/872/872 58/58/58
f 1059/1059/1059 58/58/58 159/159/159
f 140/140/140 735/735/735 155/155/155
f 140/140/140 155/155/155 734/734/734
f 3374/3374/3374 2405/2405/2405 1085/1085/1085
f 3374/3374/3374 1085/1085/1085 2456/2456/2456
f 1106/1106/1106 3323/3323/3323 2448/2448/2448
f 2111/2111/2111 215/215/215 287/287/287
f 2111/2111/2111 287/287/287 2247/2247/2247
f 2404/2404/2404 3327/3327/3327 2424/2424/2424
f 2404/2404/2404 2424/2424/2424 754/754/754
f 3534/3534/3534 3131/3131/3131 185/185/185
f 3534/3534/3534 185/185/185 2046/2046/2046
f 2457/2457/2457 2407/2407/2407 741/741/741
f 2457/2457/2457 741/741/741 748/748/748
f 3410/3410/3410 3549/3549/3549 3150/3150/3150
f 3410/3410/3410 3150/3150/3150 3153/3153/3153
f 1086/1086/1086 2575/2575/2575 3339/3339/3339
f 1086/1086/1086 3339/3339/3339 2453/2453/2453
f 2037/2037/2037 171/171/171 3121/3121/3121
f 2037/2037/2037 3121/3121/3121 3520/3520/3520
f 3220/3220/3220 1099/1099/1099 2568/2568/2568
f 3220/3220/3220 2568/2568/2568 3322/3322/3322
f 216/216/216 2110/2110/2110 3237/3237/3237
f 216/216/216 3237/3237/3237 2101/2101/2101
f 226/226/226 2183/2183/2183 3271/3271/3271
f 226/226/226 3271/3271/3271 2125/2125/2125
f 2205/2205/2205 260/260/260 2248/2248/2248
f 2205/2205/2205 2248/2248/2248 3273/3273/3273
f 2073/2073/2073 3248/3248/3248 2092/2092/2092
f 2073/2073/2073 2092/2092/2092 202/202/202
f 2719/2719/2719 3406/3406/3406 3377/3377/3377
f 2719/2719/2719 3377/3377/3377 2582/2582/2582
f 3278/3278/3278 3276/3276/3276 2207/2207/2207
f 3278/3278/3278 2207/2207/2207 2209/2209/2209
f 3133/3133/3133 3536/3536/3536 2050/2050/2050
f 3133/3133/3133 2050/2050/2050 183/183/183
f 3090/3090/3090 1932/1932/1932 3129/3129/3129
f 3090/3090/3090 3129/3129/3129 3536/3536/3536
f 3261/3261/3261 2168/2168/2168 251/251/251
f 3261/3261/3261 251/251/251 2178/2178/2178
f 1130/1130/1130 1146/1146/1146 3431/3431/3431
f 1130/1130/1130 3431/3431/3431 2738/2738/2738
f 3536/3536/3536 3129/3129/3129 181/181/181
f 3536/3536/3536 181/181/181 2050/2050/2050
f 2711/2711/2711 1176/1176/1176 2657/2657/2657
f 2711/2711/2711 2657/2657/2657 3416/3416/3416
f 3538/3538/3538 2064/2064/2064 2208/2208/2208
f 3538/3538/3538 2208/2208/2208 3545/3545/3545
f 445/445/445 1175/1175/1175 2658/2658/2658
f 445/445/445 2658/2658/2658 1389/1389/1389
f 3318/3318/3318 2443/2443/2443 300/300/300
f 3318/3318/3318 300/300/300 1199/1199/1199
f 2206/2206/2206 222/222/222 3125/3125/3125
f 2206/2206/2206 3125/3125/3125 3543/3543/3543
f 2688/2688/2688 1348/1348/1348 2616/2616/2616
f 2688/2688/2688 2616/2616/2616 3425/3425/3425
f 3134/3134/3134 3537/3537/3537 3104/3104/3104
f 3134/3134/3134 3104/3104/3104 1935/1935/1935
f 2414/2414/2414 770/770/770 1121/1121/1121
f 2414/2414/2414 1121/1121/1121 2571/2571/2571
f 2783/2783/2783 1835/1835/1835 2644/2644/2644
f 2783/2783/2783 2644/2644/2644 3434/3434/3434
f 3140/3140/3140 3540/3540/3540 3102/3102/3102
f 3140/3140/3140 3102/3102/3102 1936/1936/1936
f 2991/2991/2991 3558/3558/3558 3192/3192/3192
f 2991/2991/2991 3192/3192/3192 1874/1874/1874
f 1827/1827/1827 2409/2409/2409 3413/3413/3413
f 1827/1827/1827 3413/3413/3413 2793/2793/2793
f 3021/3021/3021 1894/1894/1894 3002/3002/3002
f 3021/3021/3021 3002/3002/3002 3461/3461/3461
f 3238/3238/3238 2101/2101/2101 198/198/198
f 3238/3238/3238 198/198/198 2059/2059/2059
f 2611/2611/2611 1126/1126/1126 2389/2389/2389
f 2611/2611/2611 2389/2389/2389 741/741/741
f 647/647/647 3105/3105/3105 3093/3093/3093
f 647/647/647 3093/3093/3093 631/631/631
f 3276/3276/3276 2124/2124/2124 223/223/223
f 3276/3276/3276 223/223/223 2207/2207/2207
f 1155/1155/1155 2749/2749/2749 2732/2732/2732
f 1155/1155/1155 2732/2732/2732 1159/1159/1159
f 1486/1486/1486 2796/2796/2796 1183/1183/1183
f 1486/1486/1486 1183/1183/1183 453/453/453
f 760/760/760 2378/2378/2378 3350/3350/3350
f 760/760/760 3350/3350/3350 2393/2393/2393
f 2236/2236/2236 283/283/283 2244/2244/2244
f 2236/2236/2236 2244/2244/2244 3303/3303/3303
f 1679/1679/1679 3508/3508/3508 3101/3101/3101
f 1679/1679/1679 3101/3101/3101 633/633/633
f 3515/3515/3515 3115/3115/3115 3114/3114/3114
f 3515/3515/3515 3114/3114/3114 3514/3514/3514
f 3183/3183/3183 3553/3553/3553 3025/3025/3025
f 3183/3183/3183 3025/3025/3025 1871/1871/1871
f 3466/3466/3466 3068/3068/3068 3067/3067/3067
f 3466/3466/3466 3067/3067/3067 3487/3487/3487
f 2447/2447/2447 3336/3336/3336 2375/2375/2375
f 2447/2447/2447 2375/2375/2375 770/770/770
f 2076/2076/2076 204/204/204 2261/2261/2261
f 2076/2076/2076 2261/2261/2261 3316/3316/3316
f 3059/3059/3059 3603/3603/3603 3601/3601/3601
f 3059/3059/3059 3601/3601/3601 3571/3571/3571
f 3506/3506/3506 3100/3100/3100 1936/1936/1936
f 3506/3506/3506 1936/1936/1936 3099/3099/3099
f 3130/3130/3130 1927/1927/1927 3108/3108/3108
f 3130/3130/3130 3108/3108/3108 3533/3533/3533
f 1671/1671/1671 3497/3497/3497 3097/3097/3097
f 1671/1671/1671 3097/3097/3097 639/639/639
f 1097/1097/1097 2580/2580/2580 3343/3343/3343
f 1097/1097/1097 3343/3343/3343 2459/2459/2459
f 1877/1877/1877 2982/2982/2982 3443/3443/3443
f 1877/1877/1877 3443/3443/3443 3049/3049/3049
f 2564/2564/2564 1394/1394/1394 2662/2662/2662
f 2564/2564/2564 2662/2662/2662 3409/3409/3409
f 771/771/771 2416/2416/2416 3373/3373/3373
f 771/771/771 3373/3373/3373 2410/2410/2410
f 3509/3509/3509 3104/3104/3104 1933/1933/1933
f 3509/3509/3509 1933/1933/1933 3103/3103/3103
f 2190/2190/2190 2248/2248/2248 2249/2249/2249
f 2190/2190/2190 2249/2249/2249 2159/2159/2159
f 2096/2096/2096 211/211/211 1941/1941/1941
f 2096/2096/2096 1941/1941/1941 1948/1948/1948
f 3034/3034/3034 1866/1866/1866 3016/3016/3016
f 3034/3034/3034 3016/3016/3016 3455/3455/3455
f 3044/3044/3044 1910/1910/1910 3020/3020/3020
f 3044/3044/3044 3020/3020/3020 3460/3460/3460
f 2408/2408/2408 750/750/750 2428/2428/2428
f 2408/2408/2408 2428/2428/2428 3357/3357/3357
f 2421/2421/2421 1098/1098/1098 3219/3219/3219
f 2421/2421/2421 3219/3219/3219 3319/3319/3319
f 3508/3508/3508 3102/3102/3102 1935/1935/1935
f 3508/3508/3508 1935/1935/1935 3101/3101/3101
f 1840/1840/1840 2639/2639/2639 3411/3411/3411
f 1840/1840/1840 3411/3411/3411 2752/2752/2752
f 2255/2255/2255 2195/2195/2195 2169/2169/2169
f 2255/2255/2255 2169/2169/2169 2256/2256/2256
f 2047/2047/2047 182/182/182 2068/2068/2068
f 2047/2047/2047 2068/2068/2068 3242/3242/3242
f 639/639/639 3097/3097/3097 3506/3506/3506
f 639/639/639 3506/3506/3506 1675/1675/1675
f 1160/1160/1160 2689/2689/2689 3412/3412/3412
f 1160/1160/1160 3412/3412/3412 2980/2980/2980
f 2428/2428/2428 3579/3579/3579 2470/2470/2470
f 2428/2428/2428 2470/2470/2470 1075/1075/1075
f 1500/1500/1500 3394/3394/3394 2969/2969/2969
f 1500/1500/1500 2969/2969/2969 456/456/456
f 2381/2381/2381 763/763/763 2402/2402/2402
f 2381/2381/2381 2402/2402/2402 3355/3355/3355
f 650/650/650 3106/3106/3106 3510/3510/3510
f 650/650/650 3510/3510/3510 1688/1688/1688
f 2394/2394/2394 3332/3332/3332 2411/2411/2411
f 2394/2394/2394 2411/2411/2411 757/757/757
f 3101/3101/3101 1935/1935/1935 3104/3104/3104
f 3101/3101/3101 3104/3104/3104 3509/3509/3509
f 636/636/636 3099/3099/3099 3508/3508/3508
f 636/636/636 3508/3508/3508 1679/1679/1679
f 2410/2410/2410 3373/3373/3373 2436/2436/2436
f 2410/2410/2410 2436/2436/2436 1103/1103/1103
f 3230/3230/3230 2114/2114/2114 2113/2113/2113
f 3230/3230/3230 2113/2113/2113 3231/3231/3231
f 3138/3138/3138 3542/3542/3542 3098/3098/3098
f 3138/3138/3138 3098/3098/3098 1938/1938/1938
f 1159/1159/1159 1168/1168/1168 1166/1166/1166
f 1159/1159/1159 1166/1166/1166 1158/1158/1158
f 2552/2552/2552 1356/1356/1356 2627/2627/2627
f 2552/2552/2552 2627/2627/2627 3397/3397/3397
f 1967/1967/1967 1970/1970/1970 3161/3161/3161
f 1909/1909/1909 3061/3061/3061 3573/3573/3573
f 1909/1909/1909 3573/3573/3573 3041/3041/3041
f 3375/3375/3375 2621/2621/2621 2631/2631/2631
f 3375/3375/3375 2631/2631/2631 3391/3391/3391
f 3161/3161/3161 1970/1970/1970 3649/3649/3649
f 3161/3161/3161 3649/3649/3649 3661/3661/3661
f 214/214/214 2111/2111/2111 2247/2247/2247
f 214/214/214 2247/2247/2247 288/288/288
f 3255/3255/3255 2108/2108/2108 219/219/219
f 3255/3255/3255 219/219/219 2104/2104/2104
f 449/449/449 1179/1179/1179 2695/2695/2695
f 449/449/449 2695/2695/2695 1415/1415/1415
f 2415/2415/2415 3335/3335/3335 2412/2412/2412
f 2415/2415/2415 2412/2412/2412 769/769/769
f 264/264/264 2197/2197/2197 2172/2172/2172
f 264/264/264 2172/2172/2172 257/257/257
f 2155/2155/2155 2188/2188/2188 2199/2199/2199
f 2155/2155/2155 2199/2199/2199 2177/2177/2177
f 3206/3206/3206 2974/2974/2974 1862/1862/1862
f 3206/3206/3206 1862/1862/1862 2014/2014/2014
f 3647/3647/3647 3659/3659/3659 3156/3156/3156
f 3647/3647/3647 3156/3156/3156 1999/1999/1999
f 3205/3205/3205 2013/2013/2013 2010/2010/2010
f 3205/3205/3205 2010/2010/2010 3204/3204/3204
f 1971/1971/1971 3182/3182/3182 3186/3186/3186
f 1971/1971/1971 3186/3186/3186 1982/1982/1982
f 2624/2624/2624 2555/2555/2555 3400/3400/3400
f 2624/2624/2624 3400/3400/3400 3410/3410/3410
f 3659/3659/3659 3646/3646/3646 1994/1994/1994
f 3659/3659/3659 1994/1994/1994 3156/3156/3156
f 220/220/220 2053/2053/2053 3245/3245/3245
f 220/220/220 3245/3245/3245 2123/2123/2123
f 1114/1114/1114 2606/2606/2606 2419/2419/2419
f 1114/1114/1114 2419/2419/2419 757/757/757
f 1377/1377/1377 2646/2646/2646 1826/1826/1826
f 1377/1377/1377 1826/1826/1826 494/494/494
f 2411/2411/2411 765/765/765 1118/1118/1118
f 2411/2411/2411 1118/1118/1118 2597/2597/2597
f 3575/3575/3575 3587/3587/3587 3585/3585/3585
f 3575/3575/3575 3585/3585/3585 3212/3212/3212
f 479/479/479 1503/1503/1503 2698/2698/2698
f 479/479/479 2698/2698/2698 1417/1417/1417
f 3656/3656/3656 3643/3643/3643 1954/1954/1954
f 3656/3656/3656 1954/1954/1954 3146/3146/3146
f 2125/2125/2125 3271/3271/3271 3263/3263/3263
f 2125/2125/2125 3263/3263/3263 2147/2147/2147
f 2392/2392/2392 3326/3326/3326 2378/2378/2378
f 2392/2392/2392 2378/2378/2378 760/760/760
f 1944/1944/1944 266/266/266 3214/3214/3214
f 1944/1944/1944 3214/3214/3214 3216/3216/3216
f 2461/2461/2461 3404/3404/3404 3329/3329/3329
f 2461/2461/2461 3329/3329/3329 2722/2722/2722
f 216/216/216 2109/2109/2109 281/281/281
f 216/216/216 281/281/281 286/286/286
f 3046/3046/3046 1912/1912/1912 3021/3021/3021
f 3046/3046/3046 3021/3021/3021 3461/3461/3461
f 3136/3136/3136 2098/2098/2098 189/189/189
f 3136/3136/3136 189/189/189 3137/3137/3137
f 2245/2245/2245 2108/2108/2108 213/213/213
f 2245/2245/2245 213/213/213 282/282/282
f 1897/1897/1897 3027/3027/3027 3057/3057/3057
f 1897/1897/1897 3057/3057/3057 1914/1914/1914
f 1870/1870/1870 3054/3054/3054 3448/3448/3448
f 1870/1870/1870 3448/3448/3448 3008/3008/3008
f 3074/3074/3074 3317/3317/3317 3075/3075/3075
f 3074/3074/3074 3075/3075/3075 1920/1920/1920
f 263/263/263 2197/2197/2197 2200/2200/2200
f 263/263/263 2200/2200/2200 2202/2202/2202
f 2416/2416/2416 3344/3344/3344 2385/2385/2385
f 2416/2416/2416 2385/2385/2385 768/768/768
f 2076/2076/2076 3316/3316/3316 2243/2243/2243
f 2076/2076/2076 2243/2243/2243 275/275/275
f 2075/2075/2075 3246/3246/3246 2245/2245/2245
f 2075/2075/2075 2245/2245/2245 282/282/282
f 1942/1942/1942 3125/3125/3125 3522/3522/3522
f 1942/1942/1942 3522/3522/3522 3107/3107/3107
f 1683/1683/1683 3509/3509/3509 3103/3103/3103
f 1683/1683/1683 3103/3103/3103 628/628/628
f 3337/3337/3337 2469/2469/2469 1091/1091/1091
f 3337/3337/3337 1091/1091/1091 2569/2569/2569
f 3163/3163/3163 1969/1969/1969 3183/3183/3183
f 3163/3163/3163 3183/3183/3183 3554/3554/3554
f 3299/3299/3299 2215/2215/2215 2214/2214/2214
f 3299/3299/3299 2214/2214/2214 3308/3308/3308
f 1121/1121/1121 2570/2570/2570 3367/3367/3367
f 1121/1121/1121 3367/3367/3367 2609/2609/2609
f 750/750/750 3223/3223/3223 3579/3579/3579
f 750/750/750 3579/3579/3579 2428/2428/2428
f 1122/1122/1122 2617/2617/2617 3403/3403/3403
f 1122/1122/1122 3403/3403/3403 2460/2460/2460
f 2208/2208/2208 2206/2206/2206 3543/3543/3543
f 2208/2208/2208 3543/3543/3543 3545/3545/3545
f 2802/2802/2802 598/598/598 1602/1602/1602
f 1144/1144/1144 1132/1132/1132 2770/2770/2770
f 1144/1144/1144 2770/2770/2770 2728/2728/2728
f 199/199/199 2062/2062/2062 3537/3537/3537
f 199/199/199 3537/3537/3537 3134/3134/3134
f 1153/1153/1153 3328/3328/3328 2686/2686/2686
f 3629/3629/3629 3598/3598/3598 2921/2921/2921
f 3629/3629/3629 2921/2921/2921 2953/2953/2953
f 2659/2659/2659 2824/2824/2824 1853/1853/1853
f 2659/2659/2659 1853/1853/1853 2800/2800/2800
f 3668/3668/3668 1172/1172/1172 2651/2651/2651
f 3668/3668/3668 2651/2651/2651 2798/2798/2798
f 2374/2374/2374 477/477/477 1510/1510/1510
f 2374/2374/2374 1510/1510/1510 3441/3441/3441
f 2793/2793/2793 3413/3413/3413 2639/2639/2639
f 2793/2793/2793 2639/2639/2639 1840/1840/1840
f 3347/3347/3347 2474/2474/2474 1089/1089/1089
f 3347/3347/3347 1089/1089/1089 2576/2576/2576
f 1818/1818/1818 1497/1497/1497 3341/3341/3341
f 1818/1818/1818 3341/3341/3341 3581/3581/3581
f 2422/2422/2422 764/764/764 2568/2568/2568
f 2422/2422/2422 2568/2568/2568 3343/3343/3343
f 3213/3213/3213 3065/3065/3065 3208/3208/3208
f 3637/3637/3637 3614/3614/3614 3616/3616/3616
f 3637/3637/3637 3616/3616/3616 3638/3638/3638
f 743/743/743 1074/1074/1074 1919/1919/1919
f 743/743/743 1919/1919/1919 1916/1916/1916
f 2597/2597/2597 1118/1118/1118 2601/2601/2601
f 2597/2597/2597 2601/2601/2601 3386/3386/3386
f 2399/2399/2399 756/756/756 2580/2580/2580
f 2399/2399/2399 2580/2580/2580 3342/3342/3342
f 1688/1688/1688 3510/3510/3510 3076/3076/3076
f 1688/1688/1688 3076/3076/3076 607/607/607
f 2213/2213/2213 268/268/268 2211/2211/2211
f 2213/2213/2213 2211/2211/2211 3284/3284/3284
f 3645/3645/3645 3656/3656/3656 3146/3146/3146
f 3645/3645/3645 3146/3146/3146 1957/1957/1957
f 2017/2017/2017 2085/2085/2085 3582/3582/3582
f 2017/2017/2017 3582/3582/3582 3228/3228/3228
f 1755/1755/1755 3154/3154/3154 3641/3641/3641
f 1755/1755/1755 3641/3641/3641 2965/2965/2965
f 1156/1156/1156 3205/3205/3205 3204/3204/3204
f 1156/1156/1156 3204/3204/3204 1128/1128/1128
f 2211/2211/2211 268/268/268 2212/2212/2212
f 2211/2211/2211 2212/2212/2212 3302/3302/3302
f 3160/3160/3160 1992/1992/1992 3185/3185/3185
f 3160/3160/3160 3185/3185/3185 3561/3561/3561
f 2594/2594/2594 1117/1117/1117 2607/2607/2607
f 2594/2594/2594 2607/2607/2607 3365/3365/3365
f 3479/3479/3479 711/711/711 3196/3196/3196
f 3479/3479/3479 3196/3196/3196 3666/3666/3666
f 1115/1115/1115 2583/2583/2583 2398/2398/2398
f 1115/1115/1115 2398/2398/2398 759/759/759
f 1836/1836/1836 2372/2372/2372 2640/2640/2640
f 1836/1836/1836 2640/2640/2640 1844/1844/1844
f 274/274/274 2231/2231/2231 3235/3235/3235
f 274/274/274 3235/3235/3235 2120/2120/2120
f 464/464/464 1408/1408/1408 2656/2656/2656
f 464/464/464 2656/2656/2656 1387/1387/1387
f 3578/3578/3578 2427/2427/2427 296/296/296
f 3578/3578/3578 296/296/296 1191/1191/1191
f 3623/3623/3623 3586/3586/3586 3588/3588/3588
f 3623/3623/3623 3588/3588/3588 3624/3624/3624
f 1135/1135/1135 2711/2711/2711 3416/3416/3416
f 1135/1135/1135 3416/3416/3416 1147/1147/1147
f 2025/2025/2025 2037/2037/2037 3520/3520/3520
f 2025/2025/2025 3520/3520/3520 3524/3524/3524
f 455/455/455 2689/2689/2689 3420/3420/3420
f 455/455/455 3420/3420/3420 1501/1501/1501
f 2214/2214/2214 2115/2115/2115 2106/2106/2106
f 2214/2214/2214 2106/2106/2106 2213/2213/2213
f 1082/1082/1082 2445/2445/2445 3565/3565/3565
f 1082/1082/1082 3565/3565/3565 2012/2012/2012
f 2060/2060/2060 199/199/199 3134/3134/3134
f 2060/2060/2060 3134/3134/3134 3540/3540/3540
f 1149/1149/1149 3213/3213/3213 3208/3208/3208
f 1149/1149/1149 3208/3208/3208 1131/1131/1131
f 2635/2635/2635 3414/3414/3414 3415/3415/3415
f 2635/2635/2635 3415/3415/3415 2678/2678/2678
f 2455/2455/2455 1084/1084/1084 2429/2429/2429
f 2455/2455/2455 2429/2429/2429 3335/3335/3335
f 2378/2378/2378 294/294/294 1187/1187/1187
f 2378/2378/2378 1187/1187/1187 3350/3350/3350
f 3312/3312/3312 2151/2151/2151 224/224/224
f 3312/3312/3312 224/224/224 2122/2122/2122
f 2056/2056/2056 195/195/195 3141/3141/3141
f 2056/2056/2056 3141/3141/3141 3542/3542/3542
f 855/855/855 967/967/967 966/966/966
f 855/855/855 966/966/966 863/863/863
f 2033/2033/2033 3230/3230/3230 3231/3231/3231
f 2033/2033/2033 3231/3231/3231 2035/2035/2035
f 1941/1941/1941 211/211/211 266/266/266
f 1941/1941/1941 266/266/266 1944/1944/1944
f 2409/2409/2409 473/473/473 1493/1493/1493
f 2409/2409/2409 1493/1493/1493 3413/3413/3413
f 2055/2055/2055 194/194/194 3139/3139/3139
f 2055/2055/2055 3139/3139/3139 3539/3539/3539
f 2221/2221/2221 2258/2258/2258 3310/3310/3310
f 2221/2221/2221 3310/3310/3310 3305/3305/3305
f 1905/1905/1905 3059/3059/3059 3571/3571/3571
f 1905/1905/1905 3571/3571/3571 3037/3037/3037
f 759/759/759 2398/2398/2398 3348/3348/3348
f 759/759/759 3348/3348/3348 2401/2401/2401
f 1917/1917/1917 3052/3052/3052 3446/3446/3446
f 1917/1917/1917 3446/3446/3446 3006/3006/3006
f 3539/3539/3539 3139/3139/3139 1939/1939/1939
f 3539/3539/3539 1939/1939/1939 3096/3096/3096
f 3166/3166/3166 1973/1973/1973 3184/3184/3184
f 3166/3166/3166 3184/3184/3184 3553/3553/3553
f 2232/2232/2232 3259/3259/3259 2231/2231/2231
f 2232/2232/2232 2231/2231/2231 274/274/274
f 3491/3491/3491 3086/3086/3086 1929/1929/1929
f 3491/3491/3491 1929/1929/1929 3082/3082/3082
f 3346/3346/3346 2407/2407/2407 1079/1079/1079
f 3346/3346/3346 1079/1079/1079 3221/3221/3221
f 3548/3548/3548 3177/3177/3177 1951/1951/1951
f 3548/3548/3548 1951/1951/1951 3149/3149/3149
f 1948/1948/1948 1941/1941/1941 3182/3182/3182
f 1948/1948/1948 3182/3182/3182 3194/3194/3194
f 2636/2636/2636 2679/2679/2679 2732/2732/2732
f 2636/2636/2636 2732/2732/2732 3563/3563/3563
f 1633/1633/1633 1772/1772/1772 2876/2876/2876
f 1633/1633/1633 2876/2876/2876 2810/2810/2810
f 282/282/282 213/213/213 3136/3136/3136
f 282/282/282 3136/3136/3136 3142/3142/3142
f 3141/3141/3141 3541/3541/3541 3100/3100/3100
f 3141/3141/3141 3100/3100/3100 1937/1937/1937
f 2741/2741/2741 481/481/481 1491/1491/1491
f 2741/2741/2741 1491/1491/1491 3430/3430/3430
f 2724/2724/2724 2605/2605/2605 3366/3366/3366
f 2724/2724/2724 3366/3366/3366 3372/3372/3372
f 1949/1949/1949 3216/3216/3216 1953/1953/1953
f 1949/1949/1949 1953/1953/1953 3145/3145/3145
f 3548/3548/3548 3401/3401/3401 2618/2618/2618
f 3548/3548/3548 2618/2618/2618 3177/3177/3177
f 3404/3404/3404 2620/2620/2620 2721/2721/2721
f 3404/3404/3404 2721/2721/2721 3329/3329/3329
f 1433/1433/1433 2563/2563/2563 3408/3408/3408
f 1433/1433/1433 3408/3408/3408 2725/2725/2725
f 711/711/711 706/706/706 3197/3197/3197
f 711/711/711 3197/3197/3197 3196/3196/3196
f 1949/1949/1949 3145/3145/3145 1956/1956/1956
f 3036/3036/3036 1900/1900/1900 3014/3014/3014
f 3036/3036/3036 3014/3014/3014 3456/3456/3456
f 2237/2237/2237 279/279/279 2239/2239/2239
f 2237/2237/2237 2239/2239/2239 3303/3303/3303
f 3544/3544/3544 3116/3116/3116 1943/1943/1943
f 3544/3544/3544 1943/1943/1943 3120/3120/3120
f 3229/3229/3229 2031/2031/2031 2043/2043/2043
f 3229/3229/3229 2043/2043/2043 3253/3253/3253
f 1146/1146/1146 1130/1130/1130 1143/1143/1143
f 308/308/308 1211/1211/1211 2868/2868/2868
f 308/308/308 2868/2868/2868 1780/1780/1780
f 3541/3541/3541 3140/3140/3140 1936/1936/1936
f 3541/3541/3541 1936/1936/1936 3100/3100/3100
f 1616/1616/1616 2919/2919/2919 3599/3599/3599
f 1616/1616/1616 3599/3599/3599 3570/3570/3570
f 1115/1115/1115 2594/2594/2594 3365/3365/3365
f 1115/1115/1115 3365/3365/3365 2604/2604/2604
f 3182/3182/3182 1967/1967/1967 1990/1990/1990
f 3182/3182/3182 1990/1990/1990 3194/3194/3194
f 1926/1926/1926 3081/3081/3081 3530/3530/3530
f 1926/1926/1926 3530/3530/3530 3127/3127/3127
f 3288/3288/3288 2148/2148/2148 2146/2146/2146
f 3288/3288/3288 2146/2146/2146 3289/3289/3289
f 3084/3084/3084 1930/1930/1930 3131/3131/3131
f 3084/3084/3084 3131/3131/3131 3534/3534/3534
f 2377/2377/2377 1125/1125/1125 3203/3203/3203
f 2377/2377/2377 3203/3203/3203 3564/3564/3564
f 3050/3050/3050 1918/1918/1918 3005/3005/3005
f 3050/3050/3050 3005/3005/3005 3442/3442/3442
f 2401/2401/2401 3348/3348/3348 2468/2468/2468
f 2401/2401/2401 2468/2468/2468 1092/1092/1092
f 2228/2228/2228 273/273/273 2221/2221/2221
f 2228/2228/2228 2221/2221/2221 3305/3305/3305
f 3318/3318/3318 1199/1199/1199 303/303/303
f 3318/3318/3318 303/303/303 2425/2425/2425
f 1488/1488/1488 3669/3669/3669 481/481/481
f 1488/1488/1488 481/481/481 2741/2741/2741
f 3178/3178/3178 2387/2387/2387 3551/3551/3551
f 3335/3335/3335 2429/2429/2429 772/772/772
f 3335/3335/3335 772/772/772 2412/2412/2412
f 2731/2731/2731 1823/1823/1823 2791/2791/2791
f 2731/2731/2731 2791/2791/2791 3436/3436/3436
f 3302/3302/3302 2212/2212/2212 269/269/269
f 3302/3302/3302 269/269/269 2258/2258/2258
f 2423/2423/2423 753/753/753 2441/2441/2441
f 2423/2423/2423 2441/2441/2441 3552/3552/3552
f 3438/3438/3438 1492/1492/1492 468/468/468
f 3438/3438/3438 468/468/468 2740/2740/2740
f 3026/3026/3026 3555/3555/3555 3187/3187/3187
f 3026/3026/3026 3187/3187/3187 1897/1897/1897
f 3012/3012/3012 3443/3443/3443 2988/2988/2988
f 3012/3012/3012 2988/2988/2988 1883/1883/1883
f 3004/3004/3004 3557/3557/3557 3191/3191/3191
f 3004/3004/3004 3191/3191/3191 1876/1876/1876
f 3061/3061/3061 3611/3611/3611 3609/3609/3609
f 3061/3061/3061 3609/3609/3609 3573/3573/3573
f 3433/3433/3433 2694/2694/2694 1178/1178/1178
f 3433/3433/3433 1178/1178/1178 2632/2632/2632
f 2659/2659/2659 1855/1855/1855 2824/2824/2824
f 1134/1134/1134 3437/3437/3437 2828/2828/2828
f 2066/2066/2066 177/177/177 2149/2149/2149
f 2066/2066/2066 2149/2149/2149 3259/3259/3259
f 2230/2230/2230 3546/3546/3546 3544/3544/3544
f 2230/2230/2230 3544/3544/3544 2117/2117/2117
f 2093/2093/2093 2092/2092/2092 3248/3248/3248
f 2093/2093/2093 3248/3248/3248 3287/3287/3287
f 3070/3070/3070 3077/3077/3077 3523/3523/3523
f 3070/3070/3070 3523/3523/3523 3528/3528/3528
f 2740/2740/2740 468/468/468 486/486/486
f 2740/2740/2740 486/486/486 2737/2737/2737
f 3344/3344/3344 1193/1193/1193 298/298/298
f 3344/3344/3344 298/298/298 2385/2385/2385
f 3494/3494/3494 3096/3096/3096 1939/1939/1939
f 3494/3494/3494 1939/1939/1939 3095/3095/3095
f 1926/1926/1926 3127/3127/3127 3531/3531/3531
f 1926/1926/1926 3531/3531/3531 3119/3119/3119
f 260/260/260 2205/2205/2205 2204/2204/2204
f 260/260/260 2204/2204/2204 2189/2189/2189
f 2691/2691/2691 2673/2673/2673 1851/1851/1851
f 2691/2691/2691 1851/1851/1851 2782/2782/2782
f 191/191/191 2099/2099/2099 3258/3258/3258
f 191/191/191 3258/3258/3258 2065/2065/2065
f 3345/3345/3345 2442/2442/2442 1070/1070/1070
f 3345/3345/3345 1070/1070/1070 2384/2384/2384
f 3657/3657/3657 3644/3644/3644 1952/1952/1952
f 3657/3657/3657 1952/1952/1952 3151/3151/3151
f 740/740/740 2395/2395/2395 774/774/774
f 1127/1127/1127 2617/2617/2617 2395/2395/2395
f 1127/1127/1127 2395/2395/2395 740/740/740
f 3298/3298/3298 2201/2201/2201 2195/2195/2195
f 3298/3298/3298 2195/2195/2195 2255/2255/2255
f 1142/1142/1142 2649/2649/2649 3418/3418/3418
f 1142/1142/1142 3418/3418/3418 1135/1135/1135
f 1863/1863/1863 1861/1861/1861 749/749/749
f 1863/1863/1863 749/749/749 745/745/745
f 3085/3085/3085 1931/1931/1931 3086/3086/3086
f 3085/3085/3085 3086/3086/3086 3491/3491/3491
f 273/273/273 2222/2222/2222 3260/3260/3260
f 273/273/273 3260/3260/3260 2221/2221/2221
f 2782/2782/2782 1851/1851/1851 2661/2661/2661
f 3015/3015/3015 1882/1882/1882 2987/2987/2987
f 3015/3015/3015 2987/2987/2987 3454/3454/3454
f 2131/2131/2131 3269/3269/3269 3266/3266/3266
f 2131/2131/2131 3266/3266/3266 2129/2129/2129
f 3568/3568/3568 3621/3621/3621 3619/3619/3619
f 3568/3568/3568 3619/3619/3619 3211/3211/3211
f 1907/1907/1907 3060/3060/3060 3572/3572/3572
f 1907/1907/1907 3572/3572/3572 3039/3039/3039
f 3265/3265/3265 2165/2165/2165 2163/2163/2163
f 3265/3265/3265 2163/2163/2163 3262/3262/3262
f 544/544/544 1554/1554/1554 3444/3444/3444
f 544/544/544 3444/3444/3444 3048/3048/3048
f 2232/2232/2232 274/274/274 3288/3288/3288
f 2232/2232/2232 3288/3288/3288 3289/3289/3289
f 2141/2141/2141 2252/2252/2252 3583/3583/3583
f 2141/2141/2141 3583/3583/3583 3315/3315/3315
f 2383/2383/2383 3578/3578/3578 1191/1191/1191
f 2383/2383/2383 1191/1191/1191 297/297/297
f 2233/2233/2233 3246/3246/3246 2075/2075/2075
f 2233/2233/2233 2075/2075/2075 179/179/179
f 3147/3147/3147 3551/3551/3551 3179/3179/3179
f 3147/3147/3147 3179/3179/3179 1958/1958/1958
f 1116/1116/1116 2583/2583/2583 3378/3378/3378
f 1116/1116/1116 3378/3378/3378 2584/2584/2584
f 1982/1982/1982 1985/1985/1985 3167/3167/3167
f 1141/1141/1141 3433/3433/3433 2632/2632/2632
f 1141/1141/1141 2632/2632/2632 1148/1148/1148
f 2217/2217/2217 3550/3550/3550 3215/3215/3215
f 2217/2217/2217 3215/3215/3215 267/267/267
f 1850/1850/1850 2969/2969/2969 3394/3394/3394
f 1850/1850/1850 3394/3394/3394 2660/2660/2660
f 3330/3330/3330 2467/2467/2467 1089/1089/1089
f 3330/3330/3330 1089/1089/1089 2474/2474/2474
f 2058/2058/2058 197/197/197 3140/3140/3140
f 2058/2058/2058 3140/3140/3140 3541/3541/3541
f 2240/2240/2240 277/277/277 2254/2254/2254
f 2240/2240/2240 2254/2254/2254 3256/3256/3256
f 540/540/540 3004/3004/3004 3050/3050/3050
f 540/540/540 3050/3050/3050 596/596/596
f 3160/3160/3160 3561/3561/3561 3195/3195/3195
f 3160/3160/3160 3195/3195/3195 1995/1995/1995
f 3658/3658/3658 3657/3657/3657 3151/3151/3151
f 3658/3658/3658 3151/3151/3151 3154/3154/3154
f 2159/2159/2159 2161/2161/2161 2191/2191/2191
f 2159/2159/2159 2191/2191/2191 2190/2190/2190
f 3080/3080/3080 1926/1926/1926 3119/3119/3119
f 3080/3080/3080 3119/3119/3119 3518/3518/3518
f 3037/3037/3037 3571/3571/3571 3210/3210/3210
f 3037/3037/3037 3210/3210/3210 1901/1901/1901
f 2376/2376/2376 746/746/746 748/748/748
f 2376/2376/2376 748/748/748 2389/2389/2389
f 3570/3570/3570 3599/3599/3599 3597/3597/3597
f 3570/3570/3570 3597/3597/3597 3063/3063/3063
f 3464/3464/3464 1877/1877/1877 3058/3058/3058
f 3662/3662/3662 3650/3650/3650 1972/1972/1972
f 3662/3662/3662 1972/1972/1972 3165/3165/3165
f 3339/3339/3339 2396/2396/2396 755/755/755
f 3339/3339/3339 755/755/755 2391/2391/2391
f 3240/3240/3240 2044/2044/2044 188/188/188
f 3240/3240/3240 188/188/188 2071/2071/2071
f 2442/2442/2442 3356/3356/3356 2452/2452/2452
f 2442/2442/2442 2452/2452/2452 1070/1070/1070
f 3441/3441/3441 2976/2976/2976 1864/1864/1864
f 3441/3441/3441 1864/1864/1864 2971/2971/2971
f 1968/1968/1968 3649/3649/3649 3662/3662/3662
f 1968/1968/1968 3662/3662/3662 3165/3165/3165
f 261/261/261 2203/2203/2203 2191/2191/2191
f 2009/2009/2009 1986/1986/1986 1987/1987/1987
f 3024/3024/3024 3554/3554/3554 3183/3183/3183
f 3024/3024/3024 3183/3183/3183 1871/1871/1871
f 1423/1423/1423 2714/2714/2714 1175/1175/1175
f 1423/1423/1423 1175/1175/1175 445/445/445
f 1108/1108/1108 1919/1919/1919 1074/1074/1074
f 3033/3033/3033 3569/3569/3569 3064/3064/3064
f 3033/3033/3033 3064/3064/3064 1903/1903/1903
f 3127/3127/3127 3530/3530/3530 2044/2044/2044
f 3127/3127/3127 2044/2044/2044 179/179/179
f 3428/3428/3428 1496/1496/1496 462/462/462
f 3428/3428/3428 462/462/462 2790/2790/2790
f 2406/2406/2406 741/741/741 2407/2407/2407
f 2406/2406/2406 2407/2407/2407 3346/3346/3346
f 487/487/487 289/289/289 2979/2979/2979
f 487/487/487 2979/2979/2979 1361/1361/1361
f 2404/2404/2404 754/754/754 2474/2474/2474
f 2404/2404/2404 2474/2474/2474 3347/3347/3347
f 3542/3542/3542 3141/3141/3141 1937/1937/1937
f 3542/3542/3542 1937/1937/1937 3098/3098/3098
f 3315/3315/3315 2243/2243/2243 237/237/237
f 3315/3315/3315 237/237/237 2141/2141/2141
f 2398/2398/2398 761/761/761 2403/2403/2403
f 2398/2398/2398 2403/2403/2403 3348/3348/3348
f 3266/3266/3266 2158/2158/2158 2250/2250/2250
f 3266/3266/3266 2250/2250/2250 3306/3306/3306
f 590/590/590 3625/3625/3625 3622/3622/3622
f 3142/3142/3142 3136/3136/3136 1940/1940/1940
f 3142/3142/3142 1940/1940/1940 1946/1946/1946
f 773/773/773 2439/2439/2439 3320/3320/3320
f 773/773/773 3320/3320/3320 2452/2452/2452
f 625/625/625 3089/3089/3089 3492/3492/3492
f 625/625/625 3492/3492/3492 1658/1658/1658
f 2701/2701/2701 2732/2732/2732 2749/2749/2749
f 2701/2701/2701 2749/2749/2749 3427/3427/3427
f 3635/3635/3635 3610/3610/3610 3612/3612/3612
f 3635/3635/3635 3612/3612/3612 3636/3636/3636
f 2454/2454/2454 3353/3353/3353 2431/2431/2431
f 2454/2454/2454 2431/2431/2431 1109/1109/1109
f 3543/3543/3543 3125/3125/3125 1942/1942/1942
f 3543/3543/3543 1942/1942/1942 3111/3111/3111
f 3664/3664/3664 3647/3647/3647 1999/1999/1999
f 3664/3664/3664 1999/1999/1999 3172/3172/3172
f 1451/1451/1451 2746/2746/2746 1179/1179/1179
f 1451/1451/1451 1179/1179/1179 449/449/449
f 3345/3345/3345 2578/2578/2578 1107/1107/1107
f 3345/3345/3345 1107/1107/1107 2449/2449/2449
f 2001/2001/2001 3652/3652/3652 3653/3653/3653
f 2001/2001/2001 3653/3653/3653 1988/1988/1988
f 2218/2218/2218 270/270/270 1945/1945/1945
f 2218/2218/2218 1945/1945/1945 1947/1947/1947
f 3398/3398/3398 3385/3385/3385 2596/2596/2596
f 3398/3398/3398 2596/2596/2596 2627/2627/2627
f 3274/3274/3274 3272/3272/3272 3309/3309/3309
f 3274/3274/3274 3309/3309/3309 2203/2203/2203
f 1977/1977/1977 1975/1975/1975 3170/3170/3170
f 1977/1977/1977 3170/3170/3170 3198/3198/3198
f 1876/1876/1876 2991/2991/2991 3051/3051/3051
f 1876/1876/1876 3051/3051/3051 1918/1918/1918
f 1147/1147/1147 2717/2717/2717 3424/3424/3424
f 1147/1147/1147 3424/3424/3424 1140/1140/1140
f 1997/1997/1997 1990/1990/1990 1996/1996/1996
f 1997/1997/1997 1996/1996/1996 3155/3155/3155
f 1417/1417/1417 2698/2698/2698 1181/1181/1181
f 1417/1417/1417 1181/1181/1181 451/451/451
f 1198/1198/1198 2748/2748/2748 1510/1510/1510
f 1198/1198/1198 1510/1510/1510 477/477/477
f 1382/1382/1382 3671/3671/3671 3670/3670/3670
f 1382/1382/1382 3670/3670/3670 2496/2496/2496
f 3058/3058/3058 1877/1877/1877 3049/3049/3049
f 3058/3058/3058 3049/3049/3049 3463/3463/3463
f 3319/3319/3319 3219/3219/3219 1100/1100/1100
f 3319/3319/3319 1100/1100/1100 2420/2420/2420
f 2098/2098/2098 213/213/213 2108/2108/2108
f 2098/2098/2098 2108/2108/2108 3255/3255/3255
f 742/742/742 2386/2386/2386 2382/2382/2382
f 742/742/742 2382/2382/2382 1073/1073/1073
f 3638/3638/3638 3616/3616/3616 3618/3618/3618
f 3638/3638/3638 3618/3618/3618 3639/3639/3639
f 3236/3236/3236 2099/2099/2099 191/191/191
f 3236/3236/3236 191/191/191 2063/2063/2063
f 3107/3107/3107 3522/3522/3522 3126/3126/3126
f 3107/3107/3107 3126/3126/3126 1925/1925/1925
f 1924/1924/1924 3124/3124/3124 3547/3547/3547
f 1924/1924/1924 3547/3547/3547 3110/3110/3110
f 301/301/301 1195/1195/1195 2506/2506/2506
f 301/301/301 2506/2506/2506 1263/1263/1263
f 1872/1872/1872 3024/3024/3024 3054/3054/3054
f 1872/1872/1872 3054/3054/3054 1870/1870/1870
f 1148/1148/1148 3423/3423/3423 2736/2736/2736
f 1148/1148/1148 2736/2736/2736 1137/1137/1137
f 3301/3301/3301 2223/2223/2223 2224/2224/2224
f 3301/3301/3301 2224/2224/2224 3279/3279/3279
f 2241/2241/2241 3297/3297/3297 2254/2254/2254
f 2241/2241/2241 2254/2254/2254 277/277/277
f 2785/2785/2785 2799/2799/2799 2663/2663/2663
f 2785/2785/2785 2663/2663/2663 2638/2638/2638
f 2138/2138/2138 3268/3268/3268 3265/3265/3265
f 2138/2138/2138 3265/3265/3265 2136/2136/2136
f 3663/3663/3663 3651/3651/3651 1983/1983/1983
f 3663/3663/3663 1983/1983/1983 3168/3168/3168
f 2613/2613/2613 2615/2615/2615 3576/3576/3576
f 2613/2613/2613 3576/3576/3576 3577/3577/3577
f 1873/1873/1873 3023/3023/3023 3053/3053/3053
f 1873/1873/1873 3053/3053/3053 1865/1865/1865
f 1990/1990/1990 1993/1993/1993 3158/3158/3158
f 3320/3320/3320 2439/2439/2439 301/301/301
f 3320/3320/3320 301/301/301 1194/1194/1194
f 600/600/600 1635/1635/1635 2400/2400/2400
f 600/600/600 2400/2400/2400 727/727/727
f 1635/1635/1635 599/599/599 1636/1636/1636
f 1635/1635/1635 1636/1636/1636 2400/2400/2400
f 2811/2811/2811 2400/2400/2400 1636/1636/1636
f 2811/2811/2811 1636/1636/1636 1624/1624/1624
f 578/578/578 1616/1616/1616 3570/3570/3570
f 578/578/578 3570/3570/3570 3035/3035/3035
f 2662/2662/2662 2602/2602/2602 3389/3389/3389
f 2662/2662/2662 3389/3389/3389 3409/3409/3409
f 3127/3127/3127 179/179/179 2075/2075/2075
f 3127/3127/3127 2075/2075/2075 3531/3531/3531
f 3194/3194/3194 3144/3144/3144 1948/1948/1948
f 261/261/261 2192/2192/2192 2203/2203/2203
f 2080/2080/2080 208/208/208 2082/2082/2082
f 2080/2080/2080 2082/2082/2082 3241/3241/3241
f 3280/3280/3280 2225/2225/2225 2226/2226/2226
f 3280/3280/3280 2226/2226/2226 3281/3281/3281
f 3409/3409/3409 3389/3389/3389 2600/2600/2600
f 3409/3409/3409 2600/2600/2600 2723/2723/2723
f 1135/1135/1135 3418/3418/3418 2711/2711/2711
f 1916/1916/1916 3181/3181/3181 3180/3180/3180
f 1916/1916/1916 3180/3180/3180 743/743/743
f 590/590/590 3632/3632/3632 3633/3633/3633
f 3054/3054/3054 1875/1875/1875 3009/3009/3009
f 3054/3054/3054 3009/3009/3009 3448/3448/3448
f 3275/3275/3275 2199/2199/2199 2188/2188/2188
f 3275/3275/3275 2188/2188/2188 2204/2204/2204
f 3064/3064/3064 3593/3593/3593 3621/3621/3621
f 3064/3064/3064 3621/3621/3621 3568/3568/3568
f 1918/1918/1918 3051/3051/3051 3445/3445/3445
f 1918/1918/1918 3445/3445/3445 3005/3005/3005
f 2234/2234/2234 275/275/275 2243/2243/2243
f 2234/2234/2234 2243/2243/2243 3315/3315/3315
f 3169/3169/3169 3555/3555/3555 3184/3184/3184
f 3169/3169/3169 3184/3184/3184 1973/1973/1973
f 2111/2111/2111 214/214/214 2099/2099/2099
f 2111/2111/2111 2099/2099/2099 3236/3236/3236
f 1140/1140/1140 2718/2718/2718 3437/3437/3437
f 1140/1140/1140 3437/3437/3437 1134/1134/1134
f 3440/3440/3440 2744/2744/2744 1828/1828/1828
f 3440/3440/3440 1828/1828/1828 2715/2715/2715
f 590/590/590 3638/3638/3638 3639/3639/3639
f 3151/3151/3151 1952/1952/1952 1947/1947/1947
f 3151/3151/3151 1947/1947/1947 3642/3642/3642
f 3303/3303/3303 2239/2239/2239 278/278/278
f 3303/3303/3303 278/278/278 2236/2236/2236
f 1971/1971/1971 1974/1974/1974 3164/3164/3164
f 1844/1844/1844 2640/2640/2640 3429/3429/3429
f 1844/1844/1844 3429/3429/3429 2758/2758/2758
f 2834/2834/2834 2826/2826/2826 1694/1694/1694
f 2834/2834/2834 1694/1694/1694 1715/1715/1715
f 3173/3173/3173 3558/3558/3558 3191/3191/3191
f 3173/3173/3173 3191/3191/3191 1981/1981/1981
f 3252/3252/3252 3231/3231/3231 2113/2113/2113
f 3252/3252/3252 2113/2113/2113 2105/2105/2105
f 3358/3358/3358 2410/2410/2410 1103/1103/1103
f 3358/3358/3358 1103/1103/1103 2451/2451/2451
f 2562/2562/2562 3407/3407/3407 2621/2621/2621
f 2562/2562/2562 2621/2621/2621 1353/1353/1353
f 214/214/214 2152/2152/2152 3313/3313/3313
f 214/214/214 3313/3313/3313 2210/2210/2210
f 2458/2458/2458 1098/1098/1098 2421/2421/2421
f 2458/2458/2458 2421/2421/2421 3332/3332/3332
f 1126/1126/1126 2967/2967/2967 2389/2389/2389
f 2390/2390/2390 3334/3334/3334 2441/2441/2441
f 2390/2390/2390 2441/2441/2441 753/753/753
f 2893/2893/2893 3576/3576/3576 2615/2615/2615
f 2893/2893/2893 2615/2615/2615 1347/1347/1347
f 2828/2828/2828 1182/1182/1182 2795/2795/2795
f 2828/2828/2828 2795/2795/2795 3422/3422/3422
f 3166/3166/3166 3553/3553/3553 3183/3183/3183
f 3166/3166/3166 3183/3183/3183 1969/1969/1969
f 2555/2555/2555 1429/1429/1429 2721/2721/2721
f 2555/2555/2555 2721/2721/2721 3400/3400/3400
f 2678/2678/2678 3415/3415/3415 2973/2973/2973
f 2678/2678/2678 2973/2973/2973 1167/1167/1167
f 3243/3243/3243 2067/2067/2067 205/205/205
f 3243/3243/3243 205/205/205 2088/2088/2088
f 1510/1510/1510 2748/2748/2748 1520/1520/1520
f 1510/1510/1510 1520/1520/1520 500/500/500
f 2583/2583/2583 1115/1115/1115 2604/2604/2604
f 2583/2583/2583 2604/2604/2604 3378/3378/3378
f 3641/3641/3641 3154/3154/3154 3151/3151/3151
f 3641/3641/3641 3151/3151/3151 3642/3642/3642
f 3660/3660/3660 3648/3648/3648 1991/1991/1991
f 3660/3660/3660 1991/1991/1991 3159/3159/3159
f 3066/3066/3066 1922/1922/1922 3143/3143/3143
f 3066/3066/3066 3143/3143/3143 3467/3467/3467
f 2649/2649/2649 1473/1473/1473 2647/2647/2647
f 2649/2649/2649 2647/2647/2647 3418/3418/3418
f 2200/2200/2200 3275/3275/3275 242/242/242
f 2200/2200/2200 242/242/242 2202/2202/2202
f 3070/3070/3070 3528/3528/3528 3529/3529/3529
f 3070/3070/3070 3529/3529/3529 3071/3071/3071
f 3077/3077/3077 1925/1925/1925 3126/3126/3126
f 3077/3077/3077 3126/3126/3126 3523/3523/3523
f 3665/3665/3665 3652/3652/3652 2001/2001/2001
f 3665/3665/3665 2001/2001/2001 3175/3175/3175
f 1499/1499/1499 3439/3439/3439 2790/2790/2790
f 1499/1499/1499 2790/2790/2790 462/462/462
f 2618/2618/2618 1127/1127/1127 740/740/740
f 2618/2618/2618 740/740/740 2387/2387/2387
f 3223/3223/3223 2591/2591/2591 1123/1123/1123
f 3223/3223/3223 1123/1123/1123 2020/2020/2020
f 3241/3241/3241 2082/2082/2082 207/207/207
f 3241/3241/3241 207/207/207 2079/2079/2079
f 1102/1102/1102 2435/2435/2435 3336/3336/3336
f 1102/1102/1102 3336/3336/3336 2447/2447/2447
f 281/281/281 283/283/283 2236/2236/2236
f 281/281/281 2236/2236/2236 3256/3256/3256
f 2112/2112/2112 210/210/210 2023/2023/2023
f 2112/2112/2112 2023/2023/2023 3234/3234/3234
f 3352/3352/3352 2633/2633/2633 1473/1473/1473
f 3352/3352/3352 1473/1473/1473 2649/2649/2649
f 3307/3307/3307 2202/2202/2202 242/242/242
f 3307/3307/3307 242/242/242 3296/3296/3296
f 1911/1911/1911 3062/3062/3062 3574/3574/3574
f 1911/1911/1911 3574/3574/3574 3043/3043/3043
f 2377/2377/2377 3564/3564/3564 3226/3226/3226
f 2377/2377/2377 3226/3226/3226 747/747/747
f 3328/3328/3328 2645/2645/2645 1821/1821/1821
f 3328/3328/3328 1821/1821/1821 2686/2686/2686
f 3334/3334/3334 2434/2434/2434 1076/1076/1076
f 3334/3334/3334 1076/1076/1076 2388/2388/2388
f 726/726/726 727/727/727 2400/2400/2400
f 726/726/726 2400/2400/2400 2811/2811/2811
f 3187/3187/3187 3560/3560/3560 3027/3027/3027
f 3187/3187/3187 3027/3027/3027 1897/1897/1897
f 3559/3559/3559 3078/3078/3078 1923/1923/1923
f 3559/3559/3559 1923/1923/1923 3188/3188/3188
f 3027/3027/3027 1898/1898/1898 1915/1915/1915
f 3027/3027/3027 1915/1915/1915 3057/3057/3057
f 3005/3005/3005 3445/3445/3445 2984/2984/2984
f 3005/3005/3005 2984/2984/2984 1879/1879/1879
f 2010/2010/2010 1945/1945/1945 1921/1921/1921
f 2010/2010/2010 1921/1921/1921 3065/3065/3065
f 3552/3552/3552 2441/2441/2441 751/751/751
f 3552/3552/3552 751/751/751 2979/2979/2979
f 195/195/195 2058/2058/2058 3541/3541/3541
f 195/195/195 3541/3541/3541 3141/3141/3141
f 3173/3173/3173 2000/2000/2000 3192/3192/3192
f 3173/3173/3173 3192/3192/3192 3558/3558/3558
f 2627/2627/2627 2596/2596/2596 3387/3387/3387
f 2627/2627/2627 3387/3387/3387 3397/3397/3397
f 2471/2471/2471 2019/2019/2019 2016/2016/2016
f 2471/2471/2471 2016/2016/2016 3580/3580/3580
f 3182/3182/3182 1941/1941/1941 1944/1944/1944
f 3182/3182/3182 1944/1944/1944 3186/3186/3186
f 451/451/451 1181/1181/1181 2746/2746/2746
f 451/451/451 2746/2746/2746 1451/1451/1451
f 3417/3417/3417 2697/2697/2697 1502/1502/1502
f 3417/3417/3417 1502/1502/1502 2684/2684/2684
f 2170/2170/2170 254/254/254 263/263/263
f 2170/2170/2170 263/263/263 2196/2196/2196
f 169/169/169 2039/2039/2039 3419/3419/3419
f 169/169/169 3419/3419/3419 3088/3088/3088
f 1946/1946/1946 3119/3119/3119 3531/3531/3531
f 1946/1946/1946 3531/3531/3531 3142/3142/3142
f 2782/2782/2782 2970/2970/2970 2691/2691/2691
f 3292/3292/3292 2076/2076/2076 275/275/275
f 3292/3292/3292 275/275/275 2242/2242/2242
f 2895/2895/2895 1191/1191/1191 296/296/296
f 2895/2895/2895 296/296/296 1251/1251/1251
f 1975/1975/1975 3189/3189/3189 3556/3556/3556
f 1975/1975/1975 3556/3556/3556 3170/3170/3170
f 2464/2464/2464 1096/1096/1096 2394/2394/2394
f 2464/2464/2464 2394/2394/2394 3338/3338/3338
f 1146/1146/1146 2747/2747/2747 3399/3399/3399
f 485/485/485 2637/2637/2637 3411/3411/3411
f 485/485/485 3411/3411/3411 1494/1494/1494
f 3456/3456/3456 2992/2992/2992 1886/1886/1886
f 3456/3456/3456 1886/1886/1886 3017/3017/3017
f 3322/3322/3322 3218/3218/3218 766/766/766
f 3322/3322/3322 766/766/766 2566/2566/2566
f 3280/3280/3280 3281/3281/3281 3300/3300/3300
f 3280/3280/3280 3300/3300/3300 3299/3299/3299
f 1641/1641/1641 3171/3171/3171 3197/3197/3197
f 3171/3171/3171 1976/1976/1976 3197/3197/3197
f 3493/3493/3493 3092/3092/3092 1932/1932/1932
f 3493/3493/3493 1932/1932/1932 3089/3089/3089
f 3170/3170/3170 3556/3556/3556 3190/3190/3190
f 3170/3170/3170 3190/3190/3190 1997/1997/1997
f 1365/1365/1365 2634/2634/2634 1476/1476/1476
f 1365/1365/1365 1476/1476/1476 474/474/474
f 2721/2721/2721 1429/1429/1429 2484/2484/2484
f 2721/2721/2721 2484/2484/2484 3329/3329/3329
f 3189/3189/3189 1924/1924/1924 3110/3110/3110
f 3189/3189/3189 3110/3110/3110 3556/3556/3556
f 3206/3206/3206 2014/2014/2014 2013/2013/2013
f 3206/3206/3206 2013/2013/2013 3205/3205/3205
f 1981/1981/1981 3191/3191/3191 3557/3557/3557
f 1981/1981/1981 3557/3557/3557 3200/3200/3200
f 1128/1128/1128 3204/3204/3204 3201/3201/3201
f 1128/1128/1128 3201/3201/3201 1138/1138/1138
f 3531/3531/3531 2075/2075/2075 282/282/282
f 3531/3531/3531 282/282/282 3142/3142/3142
f 754/754/754 2424/2424/2424 3326/3326/3326
f 754/754/754 3326/3326/3326 2392/2392/2392
f 259/259/259 2189/2189/2189 2204/2204/2204
f 3256/3256/3256 2254/2254/2254 286/286/286
f 3256/3256/3256 286/286/286 281/281/281
f 2526/2526/2526 1357/1357/1357 2628/2628/2628
f 2526/2526/2526 2628/2628/2628 3371/3371/3371
f 2153/2153/2153 3282/3282/3282 269/269/269
f 2153/2153/2153 269/269/269 225/225/225
f 3235/3235/3235 2116/2116/2116 220/220/220
f 3235/3235/3235 220/220/220 2123/2123/2123
f 3023/3023/3023 3561/3561/3561 3185/3185/3185
f 3023/3023/3023 3185/3185/3185 1872/1872/1872
f 1146/1146/1146 3399/3399/3399 2968/2968/2968
f 1146/1146/1146 2968/2968/2968 1142/1142/1142
f 3566/3566/3566 3591/3591/3591 2908/2908/2908
f 3566/3566/3566 2908/2908/2908 1814/1814/1814
f 3176/3176/3176 3560/3560/3560 3187/3187/3187
f 3176/3176/3176 3187/3187/3187 1984/1984/1984
f 3653/3653/3653 3645/3645/3645 1957/1957/1957
f 3653/3653/3653 1957/1957/1957 1988/1988/1988
f 3222/3222/3222 1080/1080/1080 739/739/739
f 3222/3222/3222 739/739/739 3207/3207/3207
f 2572/2572/2572 1094/1094/1094 2446/2446/2446
f 2572/2572/2572 2446/2446/2446 3331/3331/3331
f 3528/3528/3528 2030/2030/2030 2032/2032/2032
f 3528/3528/3528 2032/2032/2032 3529/3529/3529
f 3135/3135/3135 190/190/190 2064/2064/2064
f 3135/3135/3135 2064/2064/2064 3538/3538/3538
f 3416/3416/3416 2657/2657/2657 1174/1174/1174
f 3416/3416/3416 1174/1174/1174 2717/2717/2717
f 3062/3062/3062 3615/3615/3615 3613/3613/3613
f 3062/3062/3062 3613/3613/3613 3574/3574/3574
f 1151/1151/1151 1169/1169/1169 2974/2974/2974
f 1151/1151/1151 2974/2974/2974 3206/3206/3206
f 3024/3024/3024 1871/1871/1871 1875/1875/1875
f 3024/3024/3024 1875/1875/1875 3054/3054/3054
f 2057/2057/2057 3254/3254/3254 2102/2102/2102
f 2057/2057/2057 2102/2102/2102 196/196/196
f 3105/3105/3105 1940/1940/1940 1934/1934/1934
f 3105/3105/3105 1934/1934/1934 3093/3093/3093
f 2090/2090/2090 203/203/203 2220/2220/2220
f 2090/2090/2090 2220/2220/2220 3283/3283/3283
f 3484/3484/3484 3070/3070/3070 3071/3071/3071
f 3484/3484/3484 3071/3071/3071 3485/3485/3485
f 3035/3035/3035 3570/3570/3570 3063/3063/3063
f 3035/3035/3035 3063/3063/3063 1867/1867/1867
f 2691/2691/2691 1849/1849/1849 2673/2673/2673
f 3286/3286/3286 2094/2094/2094 2093/2093/2093
f 3286/3286/3286 2093/2093/2093 3287/3287/3287
f 3212/3212/3212 3585/3585/3585 3591/3591/3591
f 3212/3212/3212 3591/3591/3591 3566/3566/3566
f 3668/3668/3668 2788/2788/2788 2728/2728/2728
f 2788/2788/2788 1144/1144/1144 2728/2728/2728
f 2192/2192/2192 261/261/261 249/249/249
f 2192/2192/2192 249/249/249 2162/2162/2162
f 1129/1129/1129 2671/2671/2671 2827/2827/2827
f 1129/1129/1129 2827/2827/2827 1157/1157/1157
f 3483/3483/3483 3069/3069/3069 3068/3068/3068
f 3483/3483/3483 3068/3068/3068 3466/3466/3466
f 233/233/233 2132/2132/2132 3282/3282/3282
f 233/233/233 3282/3282/3282 2153/2153/2153
f 231/231/231 2180/2180/2180 3269/3269/3269
f 231/231/231 3269/3269/3269 2131/2131/2131
f 225/225/225 2112/2112/2112 3234/3234/3234
f 225/225/225 3234/3234/3234 2124/2124/2124
f 1254/1254/1254 2504/2504/2504 1188/1188/1188
f 1254/1254/1254 1188/1188/1188 293/293/293
f 3537/3537/3537 3135/3135/3135 1933/1933/1933
f 3537/3537/3537 1933/1933/1933 3104/3104/3104
f 3229/3229/3229 2115/2115/2115 2114/2114/2114
f 3229/3229/3229 2114/2114/2114 3230/3230/3230
f 1998/1998/1998 3155/3155/3155 3659/3659/3659
f 1998/1998/1998 3659/3659/3659 3647/3647/3647
f 1309/1309/1309 2577/2577/2577 3398/3398/3398
f 1309/1309/1309 3398/3398/3398 2553/2553/2553
f 3218/3218/3218 764/764/764 2427/2427/2427
f 3218/3218/3218 2427/2427/2427 3578/3578/3578
f 2145/2145/2145 3270/3270/3270 2186/2186/2186
f 2145/2145/2145 2186/2186/2186 239/239/239
f 2476/2476/2476 1192/1192/1192 297/297/297
f 2476/2476/2476 297/297/297 1208/1208/1208
f 3197/3197/3197 1976/1976/1976 1978/1978/1978
f 3197/3197/3197 1978/1978/1978 3196/3196/3196
f 3285/3285/3285 2095/2095/2095 2094/2094/2094
f 3285/3285/3285 2094/2094/2094 3286/3286/3286
f 1903/1903/1903 3064/3064/3064 3568/3568/3568
f 1903/1903/1903 3568/3568/3568 3047/3047/3047
f 2144/2144/2144 3267/3267/3267 2185/2185/2185
f 2144/2144/2144 2185/2185/2185 238/238/238
f 2150/2150/2150 3533/3533/3533 3546/3546/3546
f 2150/2150/2150 3546/3546/3546 2230/2230/2230
f 1552/1552/1552 3442/3442/3442 2986/2986/2986
f 1552/1552/1552 2986/2986/2986 551/551/551
f 1644/1644/1644 3489/3489/3489 3080/3080/3080
f 1644/1644/1644 3080/3080/3080 610/610/610
f 2723/2723/2723 2600/2600/2600 3370/3370/3370
f 2723/2723/2723 3370/3370/3370 3408/3408/3408
f 3203/3203/3203 1945/1945/1945 3564/3564/3564
f 726/726/726 2087/2087/2087 2899/2899/2899
f 726/726/726 2899/2899/2899 2084/2084/2084
f 1401/1401/1401 2526/2526/2526 3371/3371/3371
f 1401/1401/1401 3371/3371/3371 2676/2676/2676
f 1094/1094/1094 2464/2464/2464 3338/3338/3338
f 1094/1094/1094 3338/3338/3338 2446/2446/2446
f 590/590/590 3631/3631/3631 3632/3632/3632
f 1952/1952/1952 1953/1953/1953 3216/3216/3216
f 1952/1952/1952 3216/3216/3216 1947/1947/1947
f 280/280/280 2238/2238/2238 3246/3246/3246
f 280/280/280 3246/3246/3246 2233/2233/2233
f 3279/3279/3279 3280/3280/3280 3299/3299/3299
f 3279/3279/3279 3299/3299/3299 3308/3308/3308
f 1136/1136/1136 3426/3426/3426 2784/2784/2784
f 1136/1136/1136 2784/2784/2784 1141/1141/1141
f 1986/1986/1986 3186/3186/3186 1944/1944/1944
f 1986/1986/1986 1944/1944/1944 1949/1949/1949
f 260/260/260 2189/2189/2189 2156/2156/2156
f 260/260/260 2156/2156/2156 246/246/246
f 2380/2380/2380 463/463/463 1496/1496/1496
f 2380/2380/2380 1496/1496/1496 3428/3428/3428
f 3176/3176/3176 2002/2002/2002 3193/3193/3193
f 3176/3176/3176 3193/3193/3193 3560/3560/3560
f 3437/3437/3437 2756/2756/2756 1182/1182/1182
f 3437/3437/3437 1182/1182/1182 2828/2828/2828
f 2034/2034/2034 2040/2040/2040 3521/3521/3521
f 2034/2034/2034 3521/3521/3521 3527/3527/3527
f 500/500/500 487/487/487 1361/1361/1361
f 500/500/500 1361/1361/1361 2976/2976/2976
f 3399/3399/3399 2786/2786/2786 1475/1475/1475
f 3399/3399/3399 1475/1475/1475 2968/2968/2968
f 758/758/758 2381/2381/2381 3355/3355/3355
f 758/758/758 3355/3355/3355 2567/2567/2567
f 3264/3264/3264 2157/2157/2157 245/245/245
f 3264/3264/3264 245/245/245 2184/2184/2184
f 3651/3651/3651 1985/1985/1985 3174/3174/3174
f 3651/3651/3651 3174/3174/3174 3665/3665/3665
f 1985/1985/1985 1982/1982/1982 1986/1986/1986
f 1985/1985/1985 1986/1986/1986 3174/3174/3174
f 2788/2788/2788 1833/1833/1833 2744/2744/2744
f 2788/2788/2788 2744/2744/2744 3440/3440/3440
f 3260/3260/3260 2253/2253/2253 2211/2211/2211
f 3260/3260/3260 2211/2211/2211 3302/3302/3302
f 3170/3170/3170 1997/1997/1997 1998/1998/1998
f 3170/3170/3170 1998/1998/1998 3198/3198/3198
f 3300/3300/3300 2216/2216/2216 2215/2215/2215
f 3300/3300/3300 2215/2215/2215 3299/3299/3299
f 3650/3650/3650 1974/1974/1974 3167/3167/3167
f 3650/3650/3650 3167/3167/3167 3663/3663/3663
f 265/265/265 3277/3277/3277 3311/3311/3311
f 265/265/265 3311/3311/3311 2121/2121/2121
f 3583/3583/3583 3293/3293/3293 288/288/288
f 1461/1461/1461 2757/2757/2757 1364/1364/1364
f 1461/1461/1461 1364/1364/1364 460/460/460
f 1157/1157/1157 2827/2827/2827 1158/1158/1158
f 1157/1157/1157 1158/1158/1158 1152/1152/1152
f 3356/3356/3356 2432/2432/2432 1085/1085/1085
f 3356/3356/3356 1085/1085/1085 2405/2405/2405
f 2632/2632/2632 1178/1178/1178 2745/2745/2745
f 2632/2632/2632 2745/2745/2745 3423/3423/3423
f 2594/2594/2594 1115/1115/1115 759/759/759
f 2594/2594/2594 759/759/759 2418/2418/2418
f 3518/3518/3518 3119/3119/3119 1946/1946/1946
f 3518/3518/3518 1946/1946/1946 3118/3118/3118
f 1986/1986/1986 2009/2009/2009 3174/3174/3174
f 3308/3308/3308 2214/2214/2214 2213/2213/2213
f 3308/3308/3308 2213/2213/2213 3284/3284/3284
f 2472/2472/2472 1199/1199/1199 300/300/300
f 2472/2472/2472 300/300/300 1267/1267/1267
f 2505/2505/2505 1254/1254/1254 293/293/293
f 2505/2505/2505 293/293/293 1187/1187/1187
f 341/341/341 1209/1209/1209 2472/2472/2472
f 341/341/341 2472/2472/2472 1267/1267/1267
f 1209/1209/1209 343/343/343 1250/1250/1250
f 1209/1209/1209 1250/1250/1250 2472/2472/2472
f 2472/2472/2472 1250/1250/1250 303/303/303
f 2472/2472/2472 303/303/303 1199/1199/1199
f 306/306/306 340/340/340 1220/1220/1220
f 1214/1214/1214 307/307/307 314/314/314
f 2005/2005/2005 738/738/738 394/394/394
f 2005/2005/2005 394/394/394 1323/1323/1323
f 1216/1216/1216 1322/1322/1322 384/384/384
f 1216/1216/1216 384/384/384 321/321/321
f 1322/1322/1322 1216/1216/1216 318/318/318
f 1322/1322/1322 318/318/318 383/383/383
f 1232/1232/1232 1324/1324/1324 383/383/383
f 1232/1232/1232 383/383/383 318/318/318
f 1324/1324/1324 1232/1232/1232 316/316/316
f 1324/1324/1324 316/316/316 382/382/382
f 1222/1222/1222 1335/1335/1335 387/387/387
f 1222/1222/1222 387/387/387 327/327/327
f 1335/1335/1335 1222/1222/1222 321/321/321
f 1335/1335/1335 321/321/321 384/384/384
f 386/386/386 325/325/325 1223/1223/1223
f 386/386/386 1223/1223/1223 1315/1315/1315
f 1315/1315/1315 1223/1223/1223 327/327/327
f 1315/1315/1315 327/327/327 387/387/387
f 385/385/385 323/323/323 1243/1243/1243
f 385/385/385 1243/1243/1243 1338/1338/1338
f 1338/1338/1338 1243/1243/1243 328/328/328
f 1338/1338/1338 328/328/328 388/388/388
f 388/388/388 328/328/328 1242/1242/1242
f 388/388/388 1242/1242/1242 1326/1326/1326
f 1326/1326/1326 1242/1242/1242 325/325/325
f 1326/1326/1326 325/325/325 386/386/386
f 1238/1238/1238 1303/1303/1303 392/392/392
f 1238/1238/1238 392/392/392 336/336/336
f 331/331/331 1857/1857/1857 2473/2473/2473
f 331/331/331 2473/2473/2473 1245/1245/1245
f 1857/1857/1857 333/333/333 1244/1244/1244
f 1857/1857/1857 1244/1244/1244 2473/2473/2473
f 2473/2473/2473 1244/1244/1244 371/371/371
f 2473/2473/2473 371/371/371 1859/1859/1859
f 1245/1245/1245 2473/2473/2473 1859/1859/1859
f 1245/1245/1245 1859/1859/1859 369/369/369
f 1112/1112/1112 2590/2590/2590 3361/3361/3361
f 1112/1112/1112 3361/3361/3361 2586/2586/2586
f 2374/2374/2374 3441/3441/3441 2971/2971/2971
f 2374/2374/2374 2971/2971/2971 1163/1163/1163
f 1303/1303/1303 1238/1238/1238 333/333/333
f 1303/1303/1303 333/333/333 390/390/390
f 1200/1200/1200 1302/1302/1302 391/391/391
f 1200/1200/1200 391/391/391 335/335/335
f 397/397/397 1214/1214/1214 1511/1511/1511
f 1201/1201/1201 2881/2881/2881 1804/1804/1804
f 1201/1201/1201 1804/1804/1804 395/395/395
f 1202/1202/1202 1214/1214/1214 314/314/314
f 1202/1202/1202 314/314/314 313/313/313
f 1302/1302/1302 1200/1200/1200 336/336/336
f 1302/1302/1302 336/336/336 392/392/392
f 1211/1211/1211 1207/1207/1207 340/340/340
f 1211/1211/1211 340/340/340 306/306/306
f 339/339/339 1276/1276/1276 2475/2475/2475
f 339/339/339 2475/2475/2475 1263/1263/1263
f 1276/1276/1276 341/341/341 1267/1267/1267
f 1276/1276/1276 1267/1267/1267 2475/2475/2475
f 1203/1203/1203 2505/2505/2505 1187/1187/1187
f 1203/1203/1203 1187/1187/1187 294/294/294
f 300/300/300 1194/1194/1194 2475/2475/2475
f 300/300/300 2475/2475/2475 1267/1267/1267
f 332/332/332 1241/1241/1241 2476/2476/2476
f 332/332/332 2476/2476/2476 1208/1208/1208
f 1241/1241/1241 337/337/337 1264/1264/1264
f 1241/1241/1241 1264/1264/1264 2476/2476/2476
f 1210/1210/1210 2506/2506/2506 1195/1195/1195
f 1210/1210/1210 1195/1195/1195 298/298/298
f 299/299/299 1192/1192/1192 2476/2476/2476
f 299/299/299 2476/2476/2476 1264/1264/1264
f 1413/1413/1413 1445/1445/1445 1404/1404/1404
f 1413/1413/1413 1404/1404/1404 1514/1514/1514
f 1470/1470/1470 1422/1422/1422 504/504/504
f 1470/1470/1470 504/504/504 506/506/506
f 1343/1343/1343 307/307/307 1214/1214/1214
f 1343/1343/1343 1214/1214/1214 397/397/397
f 1297/1297/1297 376/376/376 1280/1280/1280
f 1297/1297/1297 1280/1280/1280 2529/2529/2529
f 2477/2477/2477 1298/1298/1298 332/332/332
f 2477/2477/2477 332/332/332 1858/1858/1858
f 1300/1300/1300 2477/2477/2477 1858/1858/1858
f 1300/1300/1300 1858/1858/1858 330/330/330
f 344/344/344 377/377/377 2478/2478/2478
f 344/344/344 2478/2478/2478 1207/1207/1207
f 377/377/377 1272/1272/1272 2478/2478/2478
f 2478/2478/2478 1272/1272/1272 380/380/380
f 2478/2478/2478 380/380/380 1278/1278/1278
f 1207/1207/1207 2478/2478/2478 1278/1278/1278
f 1207/1207/1207 1278/1278/1278 340/340/340
f 2529/2529/2529 1280/1280/1280 356/356/356
f 2529/2529/2529 356/356/356 1229/1229/1229
f 372/372/372 1298/1298/1298 2477/2477/2477
f 372/372/372 2477/2477/2477 1860/1860/1860
f 322/322/322 1246/1246/1246 2479/2479/2479
f 322/322/322 2479/2479/2479 1262/1262/1262
f 1246/1246/1246 330/330/330 1251/1251/1251
f 1246/1246/1246 1251/1251/1251 2479/2479/2479
f 2482/2482/2482 1185/1185/1185 290/290/290
f 2482/2482/2482 290/290/290 1247/1247/1247
f 296/296/296 1190/1190/1190 2479/2479/2479
f 296/296/296 2479/2479/2479 1251/1251/1251
f 329/329/329 1224/1224/1224 2480/2480/2480
f 329/329/329 2480/2480/2480 1261/1261/1261
f 1224/1224/1224 322/322/322 1262/1262/1262
f 1224/1224/1224 1262/1262/1262 2480/2480/2480
f 2481/2481/2481 1186/1186/1186 291/291/291
f 2481/2481/2481 291/291/291 1248/1248/1248
f 1262/1262/1262 292/292/292 1189/1189/1189
f 1262/1262/1262 1189/1189/1189 2480/2480/2480
f 320/320/320 1217/1217/1217 2481/2481/2481
f 320/320/320 2481/2481/2481 1248/1248/1248
f 1217/1217/1217 326/326/326 1203/1203/1203
f 1217/1217/1217 1203/1203/1203 2481/2481/2481
f 1447/1447/1447 2704/2704/2704 1491/1491/1491
f 1447/1447/1447 1491/1491/1491 481/481/481
f 294/294/294 1186/1186/1186 2481/2481/2481
f 294/294/294 2481/2481/2481 1203/1203/1203
f 319/319/319 1228/1228/1228 2482/2482/2482
f 319/319/319 2482/2482/2482 1247/1247/1247
f 1228/1228/1228 320/320/320 1248/1248/1248
f 1228/1228/1228 1248/1248/1248 2482/2482/2482
f 2482/2482/2482 1248/1248/1248 291/291/291
f 2482/2482/2482 291/291/291 1185/1185/1185
f 487/487/487 458/458/458 1523/1523/1523
f 487/487/487 1523/1523/1523 289/289/289
f 726/726/726 2084/2084/2084 727/727/727
f 426/426/426 424/424/424 2483/2483/2483
f 426/426/426 2483/2483/2483 1455/1455/1455
f 424/424/424 1406/1406/1406 2483/2483/2483
f 2483/2483/2483 1406/1406/1406 491/491/491
f 2483/2483/2483 491/491/491 1378/1378/1378
f 1455/1455/1455 2483/2483/2483 1378/1378/1378
f 1455/1455/1455 1378/1378/1378 495/495/495
f 2559/2559/2559 2484/2484/2484 1429/1429/1429
f 2559/2559/2559 1429/1429/1429 1352/1352/1352
f 354/354/354 1269/1269/1269 1281/1281/1281
f 354/354/354 1281/1281/1281 349/349/349
f 1269/1269/1269 313/313/313 314/314/314
f 1269/1269/1269 314/314/314 1281/1281/1281
f 1301/1301/1301 326/326/326 1217/1217/1217
f 1301/1301/1301 1217/1217/1217 2485/2485/2485
f 2485/2485/2485 1217/1217/1217 320/320/320
f 2485/2485/2485 320/320/320 1296/1296/1296
f 363/363/363 1225/1225/1225 2486/2486/2486
f 363/363/363 2486/2486/2486 1304/1304/1304
f 1225/1225/1225 325/325/325 1242/1242/1242
f 1225/1225/1225 1242/1242/1242 2486/2486/2486
f 2486/2486/2486 1242/1242/1242 328/328/328
f 2486/2486/2486 328/328/328 1270/1270/1270
f 1304/1304/1304 2486/2486/2486 1270/1270/1270
f 1304/1304/1304 1270/1270/1270 365/365/365
f 367/367/367 1219/1219/1219 2487/2487/2487
f 367/367/367 2487/2487/2487 1282/1282/1282
f 1219/1219/1219 323/323/323 1235/1235/1235
f 1219/1219/1219 1235/1235/1235 2487/2487/2487
f 2487/2487/2487 1235/1235/1235 331/331/331
f 2487/2487/2487 331/331/331 1245/1245/1245
f 1282/1282/1282 2487/2487/2487 1245/1245/1245
f 1282/1282/1282 1245/1245/1245 369/369/369
f 353/353/353 348/348/348 315/315/315
f 353/353/353 315/315/315 311/311/311
f 1860/1860/1860 2477/2477/2477 1300/1300/1300
f 1860/1860/1860 1300/1300/1300 370/370/370
f 371/371/371 1244/1244/1244 2488/2488/2488
f 371/371/371 2488/2488/2488 1274/1274/1274
f 1244/1244/1244 333/333/333 1238/1238/1238
f 1244/1244/1244 1238/1238/1238 2488/2488/2488
f 2488/2488/2488 1238/1238/1238 336/336/336
f 2488/2488/2488 336/336/336 1271/1271/1271
f 1274/1274/1274 2488/2488/2488 1271/1271/1271
f 1274/1274/1274 1271/1271/1271 373/373/373
f 1215/1215/1215 319/319/319 1265/1265/1265
f 1215/1215/1215 1265/1265/1265 2489/2489/2489
f 2489/2489/2489 1265/1265/1265 317/317/317
f 2489/2489/2489 317/317/317 1213/1213/1213
f 1523/1523/1523 2869/2869/2869 1184/1184/1184
f 1523/1523/1523 1184/1184/1184 289/289/289
f 375/375/375 1239/1239/1239 2490/2490/2490
f 375/375/375 2490/2490/2490 1279/1279/1279
f 1239/1239/1239 335/335/335 1236/1236/1236
f 1239/1239/1239 1236/1236/1236 2490/2490/2490
f 2490/2490/2490 1236/1236/1236 338/338/338
f 2490/2490/2490 338/338/338 1253/1253/1253
f 1279/1279/1279 2490/2490/2490 1253/1253/1253
f 1279/1279/1279 1253/1253/1253 355/355/355
f 1784/1784/1784 534/534/534 1578/1578/1578
f 1784/1784/1784 1578/1578/1578 2870/2870/2870
f 2865/2865/2865 1778/1778/1778 1350/1350/1350
f 2865/2865/2865 1350/1350/1350 2556/2556/2556
f 3577/3577/3577 3203/3203/3203 1125/1125/1125
f 3577/3577/3577 1125/1125/1125 2613/2613/2613
f 373/373/373 1271/1271/1271 2491/2491/2491
f 373/373/373 2491/2491/2491 1259/1259/1259
f 1271/1271/1271 336/336/336 1200/1200/1200
f 1271/1271/1271 1200/1200/1200 2491/2491/2491
f 2491/2491/2491 1200/1200/1200 335/335/335
f 2491/2491/2491 335/335/335 1239/1239/1239
f 1259/1259/1259 2491/2491/2491 1239/1239/1239
f 1259/1259/1259 1239/1239/1239 375/375/375
f 1299/1299/1299 324/324/324 1218/1218/1218
f 1299/1299/1299 1218/1218/1218 2492/2492/2492
f 2492/2492/2492 1218/1218/1218 326/326/326
f 2492/2492/2492 326/326/326 1301/1301/1301
f 365/365/365 1270/1270/1270 2493/2493/2493
f 365/365/365 2493/2493/2493 1288/1288/1288
f 1270/1270/1270 328/328/328 1243/1243/1243
f 1270/1270/1270 1243/1243/1243 2493/2493/2493
f 2493/2493/2493 1243/1243/1243 323/323/323
f 2493/2493/2493 323/323/323 1219/1219/1219
f 1288/1288/1288 2493/2493/2493 1219/1219/1219
f 1288/1288/1288 1219/1219/1219 367/367/367
f 358/358/358 1277/1277/1277 2494/2494/2494
f 358/358/358 2494/2494/2494 1308/1308/1308
f 1277/1277/1277 318/318/318 1216/1216/1216
f 1277/1277/1277 1216/1216/1216 2494/2494/2494
f 2494/2494/2494 1216/1216/1216 321/321/321
f 2494/2494/2494 321/321/321 1221/1221/1221
f 1308/1308/1308 2494/2494/2494 1221/1221/1221
f 1308/1308/1308 1221/1221/1221 360/360/360
f 349/349/349 1281/1281/1281 1231/1231/1231
f 349/349/349 1231/1231/1231 351/351/351
f 1281/1281/1281 314/314/314 307/307/307
f 1281/1281/1281 307/307/307 1231/1231/1231
f 414/414/414 2495/2495/2495 1419/1419/1419
f 414/414/414 417/417/417 1453/1453/1453
f 414/414/414 1453/1453/1453 2495/2495/2495
f 2495/2495/2495 1453/1453/1453 489/489/489
f 2495/2495/2495 489/489/489 1435/1435/1435
f 1419/1419/1419 2495/2495/2495 1435/1435/1435
f 1419/1419/1419 1435/1435/1435 483/483/483
f 2797/2797/2797 1488/1488/1488 2741/2741/2741
f 2797/2797/2797 2741/2741/2741 1832/1832/1832
f 2475/2475/2475 1194/1194/1194 301/301/301
f 2475/2475/2475 301/301/301 1263/1263/1263
f 2496/2496/2496 2898/2898/2898 2086/2086/2086
f 2496/2496/2496 2086/2086/2086 1382/1382/1382
f 1467/1467/1467 1412/1412/1412 1514/1514/1514
f 1521/1521/1521 1803/1803/1803 458/458/458
f 1521/1521/1521 458/458/458 527/527/527
f 329/329/329 1226/1226/1226 2497/2497/2497
f 329/329/329 2497/2497/2497 1224/1224/1224
f 1224/1224/1224 2497/2497/2497 1312/1312/1312
f 1224/1224/1224 1312/1312/1312 322/322/322
f 322/322/322 1312/1312/1312 2498/2498/2498
f 322/322/322 2498/2498/2498 1246/1246/1246
f 1246/1246/1246 2498/2498/2498 1300/1300/1300
f 1246/1246/1246 1300/1300/1300 330/330/330
f 1511/1511/1511 1214/1214/1214 1202/1202/1202
f 1511/1511/1511 1202/1202/1202 396/396/396
f 1349/1349/1349 1220/1220/1220 338/338/338
f 1349/1349/1349 338/338/338 393/393/393
f 1236/1236/1236 1306/1306/1306 393/393/393
f 1236/1236/1236 393/393/393 338/338/338
f 2499/2499/2499 1210/1210/1210 298/298/298
f 2499/2499/2499 298/298/298 1193/1193/1193
f 1208/1208/1208 297/297/297 1191/1191/1191
f 1208/1208/1208 1191/1191/1191 2895/2895/2895
f 259/259/259 2188/2188/2188 2155/2155/2155
f 259/259/259 2155/2155/2155 244/244/244
f 2479/2479/2479 1190/1190/1190 292/292/292
f 2479/2479/2479 292/292/292 1262/1262/1262
f 2504/2504/2504 1261/1261/1261 295/295/295
f 2504/2504/2504 295/295/295 1188/1188/1188
f 2395/2395/2395 772/772/772 2429/2429/2429
f 2395/2395/2395 2429/2429/2429 3353/3353/3353
f 337/337/337 1240/1240/1240 2499/2499/2499
f 337/337/337 2499/2499/2499 1264/1264/1264
f 1240/1240/1240 334/334/334 1210/1210/1210
f 1240/1240/1240 1210/1210/1210 2499/2499/2499
f 1311/1311/1311 343/343/343 1209/1209/1209
f 1311/1311/1311 1209/1209/1209 2500/2500/2500
f 2500/2500/2500 1209/1209/1209 341/341/341
f 2500/2500/2500 341/341/341 1266/1266/1266
f 1306/1306/1306 1236/1236/1236 335/335/335
f 1306/1306/1306 335/335/335 391/391/391
f 1235/1235/1235 1329/1329/1329 389/389/389
f 1235/1235/1235 389/389/389 331/331/331
f 738/738/738 2006/2006/2006 2501/2501/2501
f 738/738/738 2501/2501/2501 1230/1230/1230
f 2006/2006/2006 737/737/737 2004/2004/2004
f 2006/2006/2006 2004/2004/2004 2501/2501/2501
f 2501/2501/2501 2004/2004/2004 351/351/351
f 2501/2501/2501 351/351/351 1231/1231/1231
f 1230/1230/1230 2501/2501/2501 1231/1231/1231
f 1230/1230/1230 1231/1231/1231 307/307/307
f 319/319/319 1215/1215/1215 2502/2502/2502
f 319/319/319 2502/2502/2502 1228/1228/1228
f 1228/1228/1228 2502/2502/2502 1296/1296/1296
f 1228/1228/1228 1296/1296/1296 320/320/320
f 1234/1234/1234 374/374/374 1260/1260/1260
f 1234/1234/1234 1260/1260/1260 2528/2528/2528
f 325/325/325 1225/1225/1225 2503/2503/2503
f 325/325/325 2503/2503/2503 1223/1223/1223
f 1225/1225/1225 363/363/363 1293/1293/1293
f 1225/1225/1225 1293/1293/1293 2503/2503/2503
f 2503/2503/2503 1293/1293/1293 362/362/362
f 2503/2503/2503 362/362/362 1227/1227/1227
f 1223/1223/1223 2503/2503/2503 1227/1227/1227
f 1223/1223/1223 1227/1227/1227 327/327/327
f 2528/2528/2528 1260/1260/1260 376/376/376
f 2528/2528/2528 376/376/376 1297/1297/1297
f 1299/1299/1299 364/364/364 1305/1305/1305
f 1299/1299/1299 1305/1305/1305 2510/2510/2510
f 2510/2510/2510 1305/1305/1305 366/366/366
f 2510/2510/2510 366/366/366 1226/1226/1226
f 368/368/368 1283/1283/1283 2498/2498/2498
f 368/368/368 2498/2498/2498 1312/1312/1312
f 324/324/324 1206/1206/1206 2504/2504/2504
f 324/324/324 2504/2504/2504 1254/1254/1254
f 1206/1206/1206 329/329/329 1261/1261/1261
f 1206/1206/1206 1261/1261/1261 2504/2504/2504
f 326/326/326 1218/1218/1218 2505/2505/2505
f 326/326/326 2505/2505/2505 1203/1203/1203
f 1218/1218/1218 324/324/324 1254/1254/1254
f 1218/1218/1218 1254/1254/1254 2505/2505/2505
f 334/334/334 1237/1237/1237 2506/2506/2506
f 334/334/334 2506/2506/2506 1210/1210/1210
f 1237/1237/1237 339/339/339 1263/1263/1263
f 1237/1237/1237 1263/1263/1263 2506/2506/2506
f 1264/1264/1264 2499/2499/2499 1193/1193/1193
f 1264/1264/1264 1193/1193/1193 299/299/299
f 505/505/505 503/503/503 1196/1196/1196
f 505/505/505 1196/1196/1196 1443/1443/1443
f 3445/3445/3445 3006/3006/3006 1881/1881/1881
f 3445/3445/3445 1881/1881/1881 2984/2984/2984
f 1498/1498/1498 478/478/478 1204/1204/1204
f 1498/1498/1498 1204/1204/1204 2550/2550/2550
f 413/413/413 2507/2507/2507 1512/1512/1512
f 413/413/413 1381/1381/1381 2507/2507/2507
f 2507/2507/2507 1381/1381/1381 472/472/472
f 2507/2507/2507 472/472/472 1366/1366/1366
f 1512/1512/1512 2507/2507/2507 1366/1366/1366
f 1512/1512/1512 1366/1366/1366 475/475/475
f 340/340/340 1278/1278/1278 2508/2508/2508
f 340/340/340 2508/2508/2508 1220/1220/1220
f 1278/1278/1278 380/380/380 1255/1255/1255
f 1278/1278/1278 1255/1255/1255 2508/2508/2508
f 2508/2508/2508 1255/1255/1255 355/355/355
f 2508/2508/2508 355/355/355 1253/1253/1253
f 1220/1220/1220 2508/2508/2508 1253/1253/1253
f 1220/1220/1220 1253/1253/1253 338/338/338
f 2498/2498/2498 1283/1283/1283 370/370/370
f 2498/2498/2498 370/370/370 1300/1300/1300
f 1298/1298/1298 372/372/372 1275/1275/1275
f 1298/1298/1298 1275/1275/1275 2513/2513/2513
f 2513/2513/2513 1275/1275/1275 374/374/374
f 2513/2513/2513 374/374/374 1234/1234/1234
f 1226/1226/1226 366/366/366 1289/1289/1289
f 1226/1226/1226 1289/1289/1289 2497/2497/2497
f 2497/2497/2497 1289/1289/1289 368/368/368
f 2497/2497/2497 368/368/368 1312/1312/1312
f 348/348/348 350/350/350 305/305/305
f 348/348/348 305/305/305 315/315/315
f 327/327/327 1227/1227/1227 2509/2509/2509
f 327/327/327 2509/2509/2509 1222/1222/1222
f 1227/1227/1227 362/362/362 1291/1291/1291
f 1227/1227/1227 1291/1291/1291 2509/2509/2509
f 2509/2509/2509 1291/1291/1291 360/360/360
f 2509/2509/2509 360/360/360 1221/1221/1221
f 1222/1222/1222 2509/2509/2509 1221/1221/1221
f 1222/1222/1222 1221/1221/1221 321/321/321
f 1215/1215/1215 357/357/357 1307/1307/1307
f 1215/1215/1215 1307/1307/1307 2502/2502/2502
f 2502/2502/2502 1307/1307/1307 359/359/359
f 2502/2502/2502 359/359/359 1296/1296/1296
f 381/381/381 1266/1266/1266 2511/2511/2511
f 381/381/381 2511/2511/2511 1256/1256/1256
f 2715/2715/2715 1828/1828/1828 2794/2794/2794
f 2715/2715/2715 2794/2794/2794 3431/3431/3431
f 747/747/747 3226/3226/3226 3565/3565/3565
f 747/747/747 3565/3565/3565 2445/2445/2445
f 382/382/382 316/316/316 2005/2005/2005
f 382/382/382 2005/2005/2005 1323/1323/1323
f 1329/1329/1329 1235/1235/1235 323/323/323
f 1329/1329/1329 323/323/323 385/385/385
f 1330/1330/1330 1857/1857/1857 331/331/331
f 1330/1330/1330 331/331/331 389/389/389
f 324/324/324 1299/1299/1299 2510/2510/2510
f 324/324/324 2510/2510/2510 1206/1206/1206
f 1206/1206/1206 2510/2510/2510 1226/1226/1226
f 1206/1206/1206 1226/1226/1226 329/329/329
f 1266/1266/1266 341/341/341 1276/1276/1276
f 1266/1266/1266 1276/1276/1276 2511/2511/2511
f 2511/2511/2511 1276/1276/1276 339/339/339
f 2511/2511/2511 339/339/339 1229/1229/1229
f 1857/1857/1857 1330/1330/1330 390/390/390
f 1857/1857/1857 390/390/390 333/333/333
f 308/308/308 344/344/344 1207/1207/1207
f 308/308/308 1207/1207/1207 1211/1211/1211
f 318/318/318 1277/1277/1277 2512/2512/2512
f 318/318/318 2512/2512/2512 1232/1232/1232
f 1277/1277/1277 358/358/358 1258/1258/1258
f 1277/1277/1277 1258/1258/1258 2512/2512/2512
f 2512/2512/2512 1258/1258/1258 347/347/347
f 2512/2512/2512 347/347/347 1252/1252/1252
f 1232/1232/1232 2512/2512/2512 1252/1252/1252
f 1232/1232/1232 1252/1252/1252 316/316/316
f 332/332/332 1298/1298/1298 2513/2513/2513
f 332/332/332 2513/2513/2513 1241/1241/1241
f 1241/1241/1241 2513/2513/2513 1234/1234/1234
f 1241/1241/1241 1234/1234/1234 337/337/337
f 2511/2511/2511 1229/1229/1229 356/356/356
f 2511/2511/2511 356/356/356 1256/1256/1256
f 357/357/357 1215/1215/1215 2489/2489/2489
f 357/357/357 2489/2489/2489 1257/1257/1257
f 2489/2489/2489 1213/1213/1213 346/346/346
f 2489/2489/2489 346/346/346 1257/1257/1257
f 364/364/364 1299/1299/1299 2492/2492/2492
f 364/364/364 2492/2492/2492 1292/1292/1292
f 2492/2492/2492 1301/1301/1301 361/361/361
f 2492/2492/2492 361/361/361 1292/1292/1292
f 736/736/736 725/725/725 1808/1808/1808
f 736/736/736 1808/1808/1808 2003/2003/2003
f 382/382/382 1287/1287/1287 2515/2515/2515
f 382/382/382 2515/2515/2515 1324/1324/1324
f 2547/2547/2547 1396/1396/1396 1317/1317/1317
f 2547/2547/2547 1317/1317/1317 2519/2519/2519
f 1357/1357/1357 2526/2526/2526 2514/2514/2514
f 1357/1357/1357 2514/2514/2514 1286/1286/1286
f 1324/1324/1324 2515/2515/2515 1319/1319/1319
f 1324/1324/1324 1319/1319/1319 383/383/383
f 383/383/383 1319/1319/1319 2517/2517/2517
f 383/383/383 2517/2517/2517 1322/1322/1322
f 2526/2526/2526 1401/1401/1401 1318/1318/1318
f 2526/2526/2526 1318/1318/1318 2514/2514/2514
f 1401/1401/1401 2548/2548/2548 2516/2516/2516
f 1401/1401/1401 2516/2516/2516 1318/1318/1318
f 1322/1322/1322 2517/2517/2517 1321/1321/1321
f 1322/1322/1322 1321/1321/1321 384/384/384
f 384/384/384 1321/1321/1321 2518/2518/2518
f 384/384/384 2518/2518/2518 1335/1335/1335
f 2551/2551/2551 1432/1432/1432 1337/1337/1337
f 2551/2551/2551 1337/1337/1337 2534/2534/2534
f 1397/1397/1397 2547/2547/2547 2519/2519/2519
f 1397/1397/1397 2519/2519/2519 1320/1320/1320
f 1335/1335/1335 2518/2518/2518 1316/1316/1316
f 1335/1335/1335 1316/1316/1316 387/387/387
f 386/386/386 1336/1336/1336 2520/2520/2520
f 386/386/386 2520/2520/2520 1326/1326/1326
f 2562/2562/2562 1353/1353/1353 1359/1359/1359
f 2562/2562/2562 1359/1359/1359 2523/2523/2523
f 1432/1432/1432 2527/2527/2527 2521/2521/2521
f 1432/1432/1432 2521/2521/2521 1337/1337/1337
f 1326/1326/1326 2520/2520/2520 1339/1339/1339
f 1326/1326/1326 1339/1339/1339 388/388/388
f 392/392/392 1341/1341/1341 2522/2522/2522
f 392/392/392 2522/2522/2522 1302/1302/1302
f 1285/1285/1285 2546/2546/2546 2530/2530/2530
f 1285/1285/1285 2530/2530/2530 1430/1430/1430
f 1433/1433/1433 2562/2562/2562 2523/2523/2523
f 1433/1433/1433 2523/2523/2523 1342/1342/1342
f 1302/1302/1302 2522/2522/2522 1358/1358/1358
f 1302/1302/1302 1358/1358/1358 391/391/391
f 390/390/390 1331/1331/1331 2524/2524/2524
f 390/390/390 2524/2524/2524 1303/1303/1303
f 2560/2560/2560 1357/1357/1357 1286/1286/1286
f 2560/2560/2560 1286/1286/1286 2537/2537/2537
f 1431/1431/1431 2563/2563/2563 2525/2525/2525
f 1431/1431/1431 2525/2525/2525 1332/1332/1332
f 1303/1303/1303 2524/2524/2524 1341/1341/1341
f 1303/1303/1303 1341/1341/1341 392/392/392
f 337/337/337 1234/1234/1234 2528/2528/2528
f 337/337/337 2528/2528/2528 1240/1240/1240
f 1240/1240/1240 2528/2528/2528 1297/1297/1297
f 1240/1240/1240 1297/1297/1297 334/334/334
f 334/334/334 1297/1297/1297 2529/2529/2529
f 334/334/334 2529/2529/2529 1237/1237/1237
f 1237/1237/1237 2529/2529/2529 1229/1229/1229
f 1237/1237/1237 1229/1229/1229 339/339/339
f 2530/2530/2530 2546/2546/2546 1359/1359/1359
f 2530/2530/2530 1359/1359/1359 1353/1353/1353
f 397/397/397 1355/1355/1355 2532/2532/2532
f 397/397/397 2532/2532/2532 1343/1343/1343
f 2563/2563/2563 1433/1433/1433 1342/1342/1342
f 2563/2563/2563 1342/1342/1342 2525/2525/2525
f 2561/2561/2561 2531/2531/2531 1354/1354/1354
f 2561/2561/2561 1354/1354/1354 1325/1325/1325
f 1343/1343/1343 2532/2532/2532 1314/1314/1314
f 1343/1343/1343 1314/1314/1314 394/394/394
f 387/387/387 1316/1316/1316 2533/2533/2533
f 387/387/387 2533/2533/2533 1315/1315/1315
f 2553/2553/2553 1356/1356/1356 1328/1328/1328
f 2553/2553/2553 1328/1328/1328 2540/2540/2540
f 1396/1396/1396 2551/2551/2551 2534/2534/2534
f 1396/1396/1396 2534/2534/2534 1317/1317/1317
f 1315/1315/1315 2533/2533/2533 1336/1336/1336
f 1315/1315/1315 1336/1336/1336 386/386/386
f 361/361/361 1301/1301/1301 2485/2485/2485
f 361/361/361 2485/2485/2485 1290/1290/1290
f 2485/2485/2485 1296/1296/1296 359/359/359
f 2485/2485/2485 359/359/359 1290/1290/1290
f 2500/2500/2500 1266/1266/1266 381/381/381
f 2500/2500/2500 381/381/381 1273/1273/1273
f 396/396/396 1346/1346/1346 2536/2536/2536
f 396/396/396 2536/2536/2536 1511/1511/1511
f 2688/2688/2688 2535/2535/2535 1345/1345/1345
f 2688/2688/2688 1345/1345/1345 1348/1348/1348
f 1511/1511/1511 2536/2536/2536 1355/1355/1355
f 1511/1511/1511 1355/1355/1355 397/397/397
f 394/394/394 1314/1314/1314 2538/2538/2538
f 394/394/394 2538/2538/2538 1323/1323/1323
f 1285/1285/1285 1430/1430/1430 2484/2484/2484
f 1285/1285/1285 2484/2484/2484 2559/2559/2559
f 1428/1428/1428 2560/2560/2560 2537/2537/2537
f 1428/1428/1428 2537/2537/2537 1313/1313/1313
f 1323/1323/1323 2538/2538/2538 1287/1287/1287
f 1323/1323/1323 1287/1287/1287 382/382/382
f 388/388/388 1339/1339/1339 2539/2539/2539
f 388/388/388 2539/2539/2539 1338/1338/1338
f 2564/2564/2564 1431/1431/1431 1332/1332/1332
f 2564/2564/2564 1332/1332/1332 2544/2544/2544
f 1309/1309/1309 2553/2553/2553 2540/2540/2540
f 1309/1309/1309 2540/2540/2540 1340/1340/1340
f 1338/1338/1338 2539/2539/2539 1327/1327/1327
f 1338/1338/1338 1327/1327/1327 385/385/385
f 385/385/385 1327/1327/1327 2541/2541/2541
f 385/385/385 2541/2541/2541 1329/1329/1329
f 2527/2527/2527 1309/1309/1309 1340/1340/1340
f 2527/2527/2527 1340/1340/1340 2521/2521/2521
f 1356/1356/1356 2552/2552/2552 2542/2542/2542
f 1356/1356/1356 2542/2542/2542 1328/1328/1328
f 1329/1329/1329 2541/2541/2541 1333/1333/1333
f 1329/1329/1329 1333/1333/1333 389/389/389
f 1394/1394/1394 2564/2564/2564 2544/2544/2544
f 1394/1394/1394 2544/2544/2544 1334/1334/1334
f 1331/1331/1331 390/390/390 1330/1330/1330
f 1331/1331/1331 1330/1330/1330 2543/2543/2543
f 2543/2543/2543 1330/1330/1330 389/389/389
f 2543/2543/2543 389/389/389 1333/1333/1333
f 2552/2552/2552 1394/1394/1394 1334/1334/1334
f 2552/2552/2552 1334/1334/1334 2542/2542/2542
f 3022/3022/3022 3562/3562/3562 3195/3195/3195
f 3022/3022/3022 3195/3195/3195 1873/1873/1873
f 1284/1284/1284 393/393/393 1306/1306/1306
f 1284/1284/1284 1306/1306/1306 2545/2545/2545
f 2545/2545/2545 1306/1306/1306 391/391/391
f 2545/2545/2545 391/391/391 1358/1358/1358
f 1350/1350/1350 1212/1212/1212 306/306/306
f 1350/1350/1350 306/306/306 398/398/398
f 517/517/517 1392/1392/1392 2549/2549/2549
f 517/517/517 2549/2549/2549 1513/1513/1513
f 1392/1392/1392 521/521/521 1204/1204/1204
f 1392/1392/1392 1204/1204/1204 2549/2549/2549
f 2734/2734/2734 1513/1513/1513 456/456/456
f 2734/2734/2734 456/456/456 1499/1499/1499
f 2403/2403/2403 3354/3354/3354 2466/2466/2466
f 2403/2403/2403 2466/2466/2466 1090/1090/1090
f 521/521/521 1506/1506/1506 2550/2550/2550
f 521/521/521 2550/2550/2550 1204/1204/1204
f 1506/1506/1506 519/519/519 1480/1480/1480
f 1506/1506/1506 1480/1480/1480 2550/2550/2550
f 2628/2628/2628 1357/1357/1357 2560/2560/2560
f 2628/2628/2628 2560/2560/2560 3405/3405/3405
f 1758/1758/1758 2879/2879/2879 1796/1796/1796
f 1758/1758/1758 1796/1796/1796 700/700/700
f 417/417/417 2554/2554/2554 1453/1453/1453
f 417/417/417 413/413/413 1512/1512/1512
f 417/417/417 1512/1512/1512 2554/2554/2554
f 2554/2554/2554 1512/1512/1512 475/475/475
f 2554/2554/2554 475/475/475 1478/1478/1478
f 1453/1453/1453 2554/2554/2554 1478/1478/1478
f 1453/1453/1453 1478/1478/1478 489/489/489
f 2555/2555/2555 2557/2557/2557 1352/1352/1352
f 2555/2555/2555 1352/1352/1352 1429/1429/1429
f 1428/1428/1428 1313/1313/1313 2531/2531/2531
f 1428/1428/1428 2531/2531/2531 2561/2561/2561
f 2624/2624/2624 2866/2866/2866 2557/2557/2557
f 2624/2624/2624 2557/2557/2557 2555/2555/2555
f 2556/2556/2556 1350/1350/1350 398/398/398
f 2556/2556/2556 398/398/398 1351/1351/1351
f 393/393/393 1284/1284/1284 2558/2558/2558
f 393/393/393 2558/2558/2558 1349/1349/1349
f 1349/1349/1349 2558/2558/2558 1351/1351/1351
f 1349/1349/1349 1351/1351/1351 398/398/398
f 307/307/307 1343/1343/1343 394/394/394
f 2446/2446/2446 3338/3338/3338 2419/2419/2419
f 2446/2446/2446 2419/2419/2419 762/762/762
f 1906/1906/1906 3038/3038/3038 3457/3457/3457
f 1906/1906/1906 3457/3457/3457 3018/3018/3018
f 221/221/221 3120/3120/3120 3519/3519/3519
f 221/221/221 3519/3519/3519 2054/2054/2054
f 3462/3462/3462 3048/3048/3048 1877/1877/1877
f 3462/3462/3462 1877/1877/1877 3464/3464/3464
f 3109/3109/3109 2011/2011/2011 2015/2015/2015
f 3109/3109/3109 2015/2015/2015 2012/2012/2012
f 2261/2261/2261 204/204/204 2232/2232/2232
f 2261/2261/2261 2232/2232/2232 3289/3289/3289
f 1574/1574/1574 3557/3557/3557 3004/3004/3004
f 1574/1574/1574 3004/3004/3004 540/540/540
f 3006/3006/3006 3446/3446/3446 2993/2993/2993
f 3006/3006/3006 2993/2993/2993 1881/1881/1881
f 3262/3262/3262 2163/2163/2163 250/250/250
f 3262/3262/3262 250/250/250 2181/2181/2181
f 3192/3192/3192 3562/3562/3562 3022/3022/3022
f 3192/3192/3192 3022/3022/3022 1874/1874/1874
f 3171/3171/3171 3559/3559/3559 3188/3188/3188
f 3171/3171/3171 3188/3188/3188 1976/1976/1976
f 1947/1947/1947 1945/1945/1945 3203/3203/3203
f 1986/1986/1986 1982/1982/1982 3186/3186/3186
f 2014/2014/2014 2015/2015/2015 2011/2011/2011
f 2014/2014/2014 2011/2011/2011 2013/2013/2013
f 1637/1637/1637 3488/3488/3488 3484/3484/3484
f 1637/1637/1637 3484/3484/3484 1627/1627/1627
f 3049/3049/3049 3443/3443/3443 3012/3012/3012
f 3666/3666/3666 3654/3654/3654 1979/1979/1979
f 3666/3666/3666 1979/1979/1979 3199/3199/3199
f 3181/3181/3181 3193/3193/3193 2002/2002/2002
f 3181/3181/3181 2002/2002/2002 1989/1989/1989
f 485/485/485 1494/1494/1494 2625/2625/2625
f 485/485/485 2625/2625/2625 1369/1369/1369
f 1389/1389/1389 2658/2658/2658 1177/1177/1177
f 1389/1389/1389 1177/1177/1177 447/447/447
f 3233/3233/3233 2074/2074/2074 170/170/170
f 3233/3233/3233 170/170/170 2036/2036/2036
f 1997/1997/1997 3190/3190/3190 3194/3194/3194
f 1997/1997/1997 3194/3194/3194 1990/1990/1990
f 3373/3373/3373 2565/2565/2565 1105/1105/1105
f 3373/3373/3373 1105/1105/1105 2436/2436/2436
f 3511/3511/3511 3108/3108/3108 1927/1927/1927
f 3511/3511/3511 1927/1927/1927 3091/3091/3091
f 758/758/758 2430/2430/2430 3349/3349/3349
f 758/758/758 3349/3349/3349 2381/2381/2381
f 1081/1081/1081 1077/1077/1077 2457/2457/2457
f 1081/1081/1081 2457/2457/2457 2444/2444/2444
f 3550/3550/3550 3300/3300/3300 3281/3281/3281
f 3550/3550/3550 3281/3281/3281 3304/3304/3304
f 2151/2151/2151 228/228/228 2126/2126/2126
f 2151/2151/2151 2126/2126/2126 3314/3314/3314
f 2563/2563/2563 1431/1431/1431 2723/2723/2723
f 2563/2563/2563 2723/2723/2723 3408/3408/3408
f 607/607/607 3076/3076/3076 3488/3488/3488
f 607/607/607 3488/3488/3488 1637/1637/1637
f 2391/2391/2391 755/755/755 1113/1113/1113
f 2391/2391/2391 1113/1113/1113 2590/2590/2590
f 1707/1707/1707 3515/3515/3515 3514/3514/3514
f 1707/1707/1707 3514/3514/3514 1704/1704/1704
f 3563/3563/3563 2981/2981/2981 1164/1164/1164
f 3563/3563/3563 1164/1164/1164 2636/2636/2636
f 2388/2388/2388 1076/1076/1076 2471/2471/2471
f 2388/2388/2388 2471/2471/2471 3580/3580/3580
f 3332/3332/3332 2421/2421/2421 765/765/765
f 3332/3332/3332 765/765/765 2411/2411/2411
f 3296/3296/3296 3273/3273/3273 3309/3309/3309
f 3296/3296/3296 3309/3309/3309 3272/3272/3272
f 3007/3007/3007 3447/3447/3447 2995/2995/2995
f 3007/3007/3007 2995/2995/2995 1887/1887/1887
f 3052/3052/3052 1865/1865/1865 3007/3007/3007
f 3052/3052/3052 3007/3007/3007 3446/3446/3446
f 3279/3279/3279 2224/2224/2224 2225/2225/2225
f 3279/3279/3279 2225/2225/2225 3280/3280/3280
f 2242/2242/2242 275/275/275 2234/2234/2234
f 2242/2242/2242 2234/2234/2234 3257/3257/3257
f 2742/2742/2742 1150/1150/1150 1132/1132/1132
f 2742/2742/2742 1132/1132/1132 2690/2690/2690
f 2565/2565/2565 3374/3374/3374 2456/2456/2456
f 2565/2565/2565 2456/2456/2456 1105/1105/1105
f 3353/3353/3353 2429/2429/2429 1084/1084/1084
f 3353/3353/3353 1084/1084/1084 2431/2431/2431
f 2669/2669/2669 1397/1397/1397 2548/2548/2548
f 2669/2669/2669 2548/2548/2548 3393/3393/3393
f 2440/2440/2440 299/299/299 1193/1193/1193
f 2440/2440/2440 1193/1193/1193 3344/3344/3344
f 577/577/577 3034/3034/3034 3455/3455/3455
f 577/577/577 3455/3455/3455 1567/1567/1567
f 438/438/438 436/436/436 1516/1516/1516
f 438/438/438 1516/1516/1516 1517/1517/1517
f 1517/1517/1517 1516/1516/1516 524/524/524
f 1517/1517/1517 524/524/524 523/523/523
f 3275/3275/3275 2204/2204/2204 2205/2205/2205
f 3275/3275/3275 2205/2205/2205 242/242/242
f 756/756/756 2422/2422/2422 3343/3343/3343
f 756/756/756 3343/3343/3343 2580/2580/2580
f 2244/2244/2244 284/284/284 2237/2237/2237
f 2244/2244/2244 2237/2237/2237 3303/3303/3303
f 3579/3579/3579 3224/3224/3224 2018/2018/2018
f 3579/3579/3579 2018/2018/2018 2470/2470/2470
f 2105/2105/2105 2113/2113/2113 2216/2216/2216
f 2105/2105/2105 2216/2216/2216 2217/2217/2217
f 2254/2254/2254 3297/3297/3297 2246/2246/2246
f 2254/2254/2254 2246/2246/2246 286/286/286
f 3008/3008/3008 3448/3448/3448 2997/2997/2997
f 3008/3008/3008 2997/2997/2997 1889/1889/1889
f 2648/2648/2648 1474/1474/1474 471/471/471
f 2648/2648/2648 471/471/471 1379/1379/1379
f 265/265/265 2210/2210/2210 3313/3313/3313
f 265/265/265 3313/3313/3313 3277/3277/3277
f 1869/1869/1869 3212/3212/3212 3566/3566/3566
f 1869/1869/1869 3566/3566/3566 3031/3031/3031
f 1627/1627/1627 3484/3484/3484 3485/3485/3485
f 1627/1627/1627 3485/3485/3485 1630/1630/1630
f 3413/3413/3413 1493/1493/1493 467/467/467
f 3413/3413/3413 467/467/467 2639/2639/2639
f 3298/3298/3298 3307/3307/3307 3296/3296/3296
f 3298/3298/3298 3296/3296/3296 3272/3272/3272
f 3273/3273/3273 2248/2248/2248 2190/2190/2190
f 3273/3273/3273 2190/2190/2190 3309/3309/3309
f 3025/3025/3025 3553/3553/3553 3184/3184/3184
f 3025/3025/3025 3184/3184/3184 1896/1896/1896
f 3125/3125/3125 222/222/222 2118/2118/2118
f 3125/3125/3125 2118/2118/2118 3522/3522/3522
f 3510/3510/3510 3107/3107/3107 1925/1925/1925
f 3510/3510/3510 1925/1925/1925 3076/3076/3076
f 469/469/469 1472/1472/1472 2642/2642/2642
f 469/469/469 2642/2642/2642 1373/1373/1373
f 2568/2568/2568 764/764/764 3218/3218/3218
f 2568/2568/2568 3218/3218/3218 3322/3322/3322
f 2116/2116/2116 3235/3235/3235 2231/2231/2231
f 2116/2116/2116 2231/2231/2231 2229/2229/2229
f 3406/3406/3406 2593/2593/2593 2623/2623/2623
f 3406/3406/3406 2623/2623/2623 3377/3377/3377
f 3029/3029/3029 3575/3575/3575 3212/3212/3212
f 3029/3029/3029 3212/3212/3212 1869/1869/1869
f 2106/2106/2106 2115/2115/2115 3229/3229/3229
f 2106/2106/2106 3229/3229/3229 3253/3253/3253
f 1184/1184/1184 290/290/290 2423/2423/2423
f 1184/1184/1184 2423/2423/2423 3552/3552/3552
f 2719/2719/2719 2582/2582/2582 3383/3383/3383
f 2719/2719/2719 3383/3383/3383 3405/3405/3405
f 1913/1913/1913 3211/3211/3211 3567/3567/3567
f 1913/1913/1913 3567/3567/3567 3045/3045/3045
f 2070/2070/2070 187/187/187 2045/2045/2045
f 2070/2070/2070 2045/2045/2045 3239/3239/3239
f 654/654/654 3112/3112/3112 3516/3516/3516
f 654/654/654 3516/3516/3516 1711/1711/1711
f 1899/1899/1899 3056/3056/3056 3450/3450/3450
f 1899/1899/1899 3450/3450/3450 3010/3010/3010
f 264/264/264 2198/2198/2198 2200/2200/2200
f 2699/2699/2699 1504/1504/1504 2726/2726/2726
f 2699/2699/2699 2726/2726/2726 3340/3340/3340
f 628/628/628 3103/3103/3103 3515/3515/3515
f 628/628/628 3515/3515/3515 1707/1707/1707
f 1867/1867/1867 3063/3063/3063 3569/3569/3569
f 1867/1867/1867 3569/3569/3569 3033/3033/3033
f 2109/2109/2109 216/216/216 2101/2101/2101
f 2109/2109/2109 2101/2101/2101 3238/3238/3238
f 2570/2570/2570 1121/1121/1121 770/770/770
f 2570/2570/2570 770/770/770 2375/2375/2375
f 1701/1701/1701 3513/3513/3513 3112/3112/3112
f 1701/1701/1701 3112/3112/3112 654/654/654
f 1083/1083/1083 745/745/745 749/749/749
f 1083/1083/1083 749/749/749 1078/1078/1078
f 3312/3312/3312 2128/2128/2128 228/228/228
f 3312/3312/3312 228/228/228 2151/2151/2151
f 2017/2017/2017 728/728/728 2085/2085/2085
f 3120/3120/3120 1943/1943/1943 3113/3113/3113
f 3120/3120/3120 3113/3113/3113 3519/3519/3519
f 3342/3342/3342 2580/2580/2580 1097/1097/1097
f 3342/3342/3342 1097/1097/1097 2465/2465/2465
f 3253/3253/3253 2023/2023/2023 210/210/210
f 3253/3253/3253 210/210/210 2106/2106/2106
f 3203/3203/3203 3577/3577/3577 3642/3642/3642
f 3203/3203/3203 3642/3642/3642 1947/1947/1947
f 3043/3043/3043 3574/3574/3574 3061/3061/3061
f 3043/3043/3043 3061/3061/3061 1909/1909/1909
f 2570/2570/2570 1120/1120/1120 2630/2630/2630
f 2570/2570/2570 2630/2630/2630 3367/3367/3367
f 1140/1140/1140 2733/2733/2733 2742/2742/2742
f 1140/1140/1140 2742/2742/2742 1147/1147/1147
f 1711/1711/1711 3516/3516/3516 3517/3517/3517
f 1711/1711/1711 3517/3517/3517 1714/1714/1714
f 264/264/264 2200/2200/2200 2197/2197/2197
f 2049/2049/2049 180/180/180 2067/2067/2067
f 2049/2049/2049 2067/2067/2067 3243/3243/3243
f 1970/1970/1970 1967/1967/1967 1971/1971/1971
f 1970/1970/1970 1971/1971/1971 3164/3164/3164
f 3020/3020/3020 1892/1892/1892 3000/3000/3000
f 3020/3020/3020 3000/3000/3000 3460/3460/3460
f 490/490/490 1822/1822/1822 2646/2646/2646
f 490/490/490 2646/2646/2646 1377/1377/1377
f 3103/3103/3103 1933/1933/1933 3115/3115/3115
f 3103/3103/3103 3115/3115/3115 3515/3515/3515
f 1778/1778/1778 663/663/663 667/667/667
f 1778/1778/1778 667/667/667 1779/1779/1779
f 1945/1945/1945 3122/3122/3122 3087/3087/3087
f 1945/1945/1945 3087/3087/3087 1921/1921/1921
f 3533/3533/3533 3108/3108/3108 3117/3117/3117
f 3533/3533/3533 3117/3117/3117 3546/3546/3546
f 1755/1755/1755 3498/3498/3498 3658/3658/3658
f 1755/1755/1755 3658/3658/3658 3154/3154/3154
f 492/492/492 1824/1824/1824 2796/2796/2796
f 492/492/492 2796/2796/2796 1486/1486/1486
f 3633/3633/3633 3606/3606/3606 3608/3608/3608
f 3633/3633/3633 3608/3608/3608 3634/3634/3634
f 2062/2062/2062 190/190/190 3135/3135/3135
f 2062/2062/2062 3135/3135/3135 3537/3537/3537
f 1153/1153/1153 2686/2686/2686 3421/3421/3421
f 1153/1153/1153 3421/3421/3421 1136/1136/1136
f 2590/2590/2590 1112/1112/1112 752/752/752
f 2590/2590/2590 752/752/752 2391/2391/2391
f 1147/1147/1147 2742/2742/2742 2690/2690/2690
f 1147/1147/1147 2690/2690/2690 1135/1135/1135
f 2972/2972/2972 1861/1861/1861 1863/1863/1863
f 2972/2972/2972 1863/1863/1863 2975/2975/2975
f 2146/2146/2146 240/240/240 2261/2261/2261
f 2146/2146/2146 2261/2261/2261 3289/3289/3289
f 3076/3076/3076 1925/1925/1925 3077/3077/3077
f 3076/3076/3076 3077/3077/3077 3488/3488/3488
f 1838/1838/1838 2737/2737/2737 2372/2372/2372
f 1838/1838/1838 2372/2372/2372 1836/1836/1836
f 3424/3424/3424 2713/2713/2713 1362/1362/1362
f 3424/3424/3424 1362/1362/1362 2718/2718/2718
f 2397/2397/2397 755/755/755 2396/2396/2396
f 2397/2397/2397 2396/2396/2396 3354/3354/3354
f 3152/3152/3152 3148/3148/3148 3657/3657/3657
f 3152/3152/3152 3657/3657/3657 3658/3658/3658
f 3540/3540/3540 3134/3134/3134 1935/1935/1935
f 3540/3540/3540 1935/1935/1935 3102/3102/3102
f 3522/3522/3522 2118/2118/2118 175/175/175
f 3522/3522/3522 175/175/175 3126/3126/3126
f 1155/1155/1155 2750/2750/2750 3328/3328/3328
f 1155/1155/1155 3328/3328/3328 1153/1153/1153
f 3516/3516/3516 3116/3116/3116 3117/3117/3117
f 3516/3516/3516 3117/3117/3117 3517/3517/3517
f 3263/3263/3263 2176/2176/2176 2174/2174/2174
f 3263/3263/3263 2174/2174/2174 3270/3270/3270
f 2183/2183/2183 243/243/243 2154/2154/2154
f 2183/2183/2183 2154/2154/2154 3271/3271/3271
f 1130/1130/1130 3435/3435/3435 2783/2783/2783
f 1113/1113/1113 2603/2603/2603 3363/3363/3363
f 1113/1113/1113 3363/3363/3363 2588/2588/2588
f 1498/1498/1498 3395/3395/3395 2379/2379/2379
f 1498/1498/1498 2379/2379/2379 478/478/478
f 3088/3088/3088 3419/3419/3419 3143/3143/3143
f 3088/3088/3088 3143/3143/3143 1922/1922/1922
f 2017/2017/2017 3487/3487/3487 3317/3317/3317
f 2017/2017/2017 3317/3317/3317 728/728/728
f 3181/3181/3181 1916/1916/1916 1898/1898/1898
f 3181/3181/3181 1898/1898/1898 3193/3193/3193
f 1642/1642/1642 1772/1772/1772 1633/1633/1633
f 1642/1642/1642 1633/1633/1633 1743/1743/1743
f 2389/2389/2389 748/748/748 741/741/741
f 2099/2099/2099 214/214/214 2210/2210/2210
f 2099/2099/2099 2210/2210/2210 3258/3258/3258
f 3027/3027/3027 3560/3560/3560 3193/3193/3193
f 3027/3027/3027 3193/3193/3193 1898/1898/1898
f 739/739/739 1856/1856/1856 2978/2978/2978
f 739/739/739 2978/2978/2978 3207/3207/3207
f 3041/3041/3041 3573/3573/3573 3060/3060/3060
f 3041/3041/3041 3060/3060/3060 1907/1907/1907
f 3083/3083/3083 1930/1930/1930 3084/3084/3084
f 3083/3083/3083 3084/3084/3084 3490/3490/3490
f 768/768/768 2385/2385/2385 3351/3351/3351
f 768/768/768 3351/3351/3351 2413/2413/2413
f 573/573/573 1563/1563/1563 2772/2772/2772
f 573/573/573 2772/2772/2772 1581/1581/1581
f 3577/3577/3577 3576/3576/3576 3641/3641/3641
f 3577/3577/3577 3641/3641/3641 3642/3642/3642
f 2413/2413/2413 3351/3351/3351 2439/2439/2439
f 2413/2413/2413 2439/2439/2439 773/773/773
f 3625/3625/3625 3590/3590/3590 3584/3584/3584
f 3625/3625/3625 3584/3584/3584 3622/3622/3622
f 3254/3254/3254 2107/2107/2107 217/217/217
f 3254/3254/3254 217/217/217 2102/2102/2102
f 1967/1967/1967 3182/3182/3182 1971/1971/1971
f 752/752/752 2408/2408/2408 3357/3357/3357
f 752/752/752 3357/3357/3357 2453/2453/2453
f 1986/1986/1986 1949/1949/1949 1956/1956/1956
f 1986/1986/1986 1956/1956/1956 1987/1987/1987
f 2712/2712/2712 1837/1837/1837 1845/1845/1845
f 2712/2712/2712 1845/1845/1845 2739/2739/2739
f 590/590/590 3635/3635/3635 3636/3636/3636
f 3122/3122/3122 2072/2072/2072 201/201/201
f 590/590/590 3640/3640/3640 3626/3626/3626
f 1142/1142/1142 2690/2690/2690 3440/3440/3440
f 1142/1142/1142 3440/3440/3440 2715/2715/2715
f 1898/1898/1898 1916/1916/1916 1919/1919/1919
f 1898/1898/1898 1919/1919/1919 1915/1915/1915
f 3661/3661/3661 3649/3649/3649 1968/1968/1968
f 3661/3661/3661 1968/1968/1968 3162/3162/3162
f 1499/1499/1499 462/462/462 1481/1481/1481
f 1499/1499/1499 1481/1481/1481 2734/2734/2734
f 1944/1944/1944 3216/3216/3216 1949/1949/1949
f 2385/2385/2385 298/298/298 1195/1195/1195
f 2385/2385/2385 1195/1195/1195 3351/3351/3351
f 1117/1117/1117 2594/2594/2594 2418/2418/2418
f 1117/1117/1117 2418/2418/2418 762/762/762
f 1834/1834/1834 2637/2637/2637 3438/3438/3438
f 1834/1834/1834 3438/3438/3438 2643/2643/2643
f 3234/3234/3234 2023/2023/2023 176/176/176
f 3234/3234/3234 176/176/176 2119/2119/2119
f 457/457/457 1501/1501/1501 3420/3420/3420
f 457/457/457 3420/3420/3420 2789/2789/2789
f 2660/2660/2660 3394/3394/3394 2379/2379/2379
f 2660/2660/2660 2379/2379/2379 1854/1854/1854
f 3288/3288/3288 274/274/274 2120/2120/2120
f 3288/3288/3288 2120/2120/2120 3314/3314/3314
f 3081/3081/3081 1928/1928/1928 3128/3128/3128
f 3081/3081/3081 3128/3128/3128 3530/3530/3530
f 1852/1852/1852 2789/2789/2789 3420/3420/3420
f 1852/1852/1852 3420/3420/3420 2729/2729/2729
f 1482/1482/1482 2792/2792/2792 1824/1824/1824
f 1482/1482/1482 1824/1824/1824 492/492/492
f 753/753/753 2404/2404/2404 3347/3347/3347
f 753/753/753 3347/3347/3347 2390/2390/2390
f 2628/2628/2628 2463/2463/2463 3360/3360/3360
f 2628/2628/2628 3360/3360/3360 3371/3371/3371
f 661/661/661 1746/1746/1746 665/665/665
f 661/661/661 665/665/665 1831/1831/1831
f 761/761/761 2397/2397/2397 3354/3354/3354
f 761/761/761 3354/3354/3354 2403/2403/2403
f 2124/2124/2124 3234/3234/3234 2119/2119/2119
f 2124/2124/2124 2119/2119/2119 223/223/223
f 3215/3215/3215 3550/3550/3550 3304/3304/3304
f 3215/3215/3215 3304/3304/3304 2219/2219/2219
f 3483/3483/3483 2652/2652/2652 3465/3465/3465
f 3483/3483/3483 3465/3465/3465 3467/3467/3467
f 1983/1983/1983 3651/3651/3651 3665/3665/3665
f 1983/1983/1983 3665/3665/3665 3175/3175/3175
f 3564/3564/3564 1945/1945/1945 3109/3109/3109
f 3564/3564/3564 3109/3109/3109 3226/3226/3226
f 1145/1145/1145 3432/3432/3432 2699/2699/2699
f 1145/1145/1145 2699/2699/2699 1143/1143/1143
f 2968/2968/2968 1475/1475/1475 2633/2633/2633
f 2968/2968/2968 2633/2633/2633 3352/3352/3352
f 3217/3217/3217 767/767/767 1119/1119/1119
f 3217/3217/3217 1119/1119/1119 2598/2598/2598
f 1919/1919/1919 3049/3049/3049 3012/3012/3012
f 1919/1919/1919 3012/3012/3012 1915/1915/1915
f 3326/3326/3326 2424/2424/2424 291/291/291
f 3326/3326/3326 291/291/291 1186/1186/1186
f 1233/1233/1233 2664/2664/2664 1493/1493/1493
f 1233/1233/1233 1493/1493/1493 473/473/473
f 2530/2530/2530 1353/1353/1353 2621/2621/2621
f 2530/2530/2530 2621/2621/2621 3375/3375/3375
f 3060/3060/3060 3607/3607/3607 3605/3605/3605
f 3060/3060/3060 3605/3605/3605 3572/3572/3572
f 3572/3572/3572 3605/3605/3605 3603/3603/3603
f 3572/3572/3572 3603/3603/3603 3059/3059/3059
f 2719/2719/2719 1428/1428/1428 2561/2561/2561
f 2719/2719/2719 2561/2561/2561 3406/3406/3406
f 3556/3556/3556 3110/3110/3110 3547/3547/3547
f 3556/3556/3556 3547/3547/3547 3190/3190/3190
f 2091/2091/2091 203/203/203 2074/2074/2074
f 2091/2091/2091 2074/2074/2074 3233/3233/3233
f 3039/3039/3039 3572/3572/3572 3059/3059/3059
f 3039/3039/3039 3059/3059/3059 1905/1905/1905
f 590/590/590 3634/3634/3634 3635/3635/3635
f 1142/1142/1142 2968/2968/2968 3352/3352/3352
f 3630/3630/3630 3600/3600/3600 3602/3602/3602
f 3630/3630/3630 3602/3602/3602 3631/3631/3631
f 262/262/262 2195/2195/2195 2201/2201/2201
f 478/478/478 2379/2379/2379 3394/3394/3394
f 478/478/478 3394/3394/3394 1500/1500/1500
f 262/262/262 2201/2201/2201 2194/2194/2194
f 1383/1383/1383 2087/2087/2087 2805/2805/2805
f 1383/1383/1383 2805/2805/2805 2807/2807/2807
f 2136/2136/2136 3265/3265/3265 3262/3262/3262
f 2136/2136/2136 3262/3262/3262 2133/2133/2133
f 2223/2223/2223 3247/3247/3247 3285/3285/3285
f 2223/2223/2223 3285/3285/3285 2224/2224/2224
f 3393/3393/3393 3362/3362/3362 2589/2589/2589
f 3393/3393/3393 2589/2589/2589 2669/2669/2669
f 3446/3446/3446 3007/3007/3007 1887/1887/1887
f 3446/3446/3446 1887/1887/1887 2993/2993/2993
f 1896/1896/1896 3026/3026/3026 3056/3056/3056
f 1896/1896/1896 3056/3056/3056 1899/1899/1899
f 3573/3573/3573 3609/3609/3609 3607/3607/3607
f 3573/3573/3573 3607/3607/3607 3060/3060/3060
f 3018/3018/3018 1888/1888/1888 2996/2996/2996
f 3018/3018/3018 2996/2996/2996 3458/3458/3458
f 2020/2020/2020 1123/1123/1123 741/741/741
f 2020/2020/2020 741/741/741 2406/2406/2406
f 3282/3282/3282 3310/3310/3310 2258/2258/2258
f 3282/3282/3282 2258/2258/2258 269/269/269
f 459/459/459 1363/1363/1363 2714/2714/2714
f 459/459/459 2714/2714/2714 1423/1423/1423
f 2223/2223/2223 272/272/272 2220/2220/2220
f 2223/2223/2223 2220/2220/2220 3247/3247/3247
f 2388/2388/2388 3580/3580/3580 3225/3225/3225
f 2388/2388/2388 3225/3225/3225 751/751/751
f 2453/2453/2453 3339/3339/3339 2391/2391/2391
f 2453/2453/2453 2391/2391/2391 752/752/752
f 273/273/273 2228/2228/2228 3312/3312/3312
f 273/273/273 3312/3312/3312 2122/2122/2122
f 3336/3336/3336 2415/2415/2415 769/769/769
f 3336/3336/3336 769/769/769 2375/2375/2375
f 3009/3009/3009 3449/3449/3449 2999/2999/2999
f 3009/3009/3009 2999/2999/2999 1891/1891/1891
f 3334/3334/3334 2388/2388/2388 751/751/751
f 3334/3334/3334 751/751/751 2441/2441/2441
f 265/265/265 2121/2121/2121 3276/3276/3276
f 265/265/265 3276/3276/3276 3278/3278/3278
f 288/288/288 2234/2234/2234 3315/3315/3315
f 288/288/288 3315/3315/3315 3583/3583/3583
f 3407/3407/3407 3368/3368/3368 2631/2631/2631
f 3407/3407/3407 2631/2631/2631 2621/2621/2621
f 2749/2749/2749 2800/2800/2800 3427/3427/3427
f 3053/3053/3053 1870/1870/1870 3008/3008/3008
f 3053/3053/3053 3008/3008/3008 3447/3447/3447
f 3330/3330/3330 2474/2474/2474 754/754/754
f 3330/3330/3330 754/754/754 2392/2392/2392
f 2435/2435/2435 1104/1104/1104 2415/2415/2415
f 2435/2435/2435 2415/2415/2415 3336/3336/3336
f 3447/3447/3447 3008/3008/3008 1889/1889/1889
f 3447/3447/3447 1889/1889/1889 2995/2995/2995
f 2225/2225/2225 3286/3286/3286 3287/3287/3287
f 2225/2225/2225 3287/3287/3287 2226/2226/2226
f 771/771/771 2440/2440/2440 3344/3344/3344
f 771/771/771 3344/3344/3344 2416/2416/2416
f 3325/3325/3325 2437/2437/2437 295/295/295
f 3325/3325/3325 295/295/295 1189/1189/1189
f 1073/1073/1073 2382/2382/2382 3323/3323/3323
f 1073/1073/1073 3323/3323/3323 1106/1106/1106
f 224/224/224 2090/2090/2090 3283/3283/3283
f 224/224/224 3283/3283/3283 2122/2122/2122
f 3217/3217/3217 3319/3319/3319 2420/2420/2420
f 3217/3217/3217 2420/2420/2420 767/767/767
f 476/476/476 2373/2373/2373 3412/3412/3412
f 476/476/476 3412/3412/3412 1526/1526/1526
f 2122/2122/2122 3283/3283/3283 2222/2222/2222
f 2122/2122/2122 2222/2222/2222 273/273/273
f 3569/3569/3569 3595/3595/3595 3593/3593/3593
f 3569/3569/3569 3593/3593/3593 3064/3064/3064
f 3525/3525/3525 3419/3419/3419 2039/2039/2039
f 3525/3525/3525 2039/2039/2039 2029/2029/2029
f 3063/3063/3063 3597/3597/3597 3595/3595/3595
f 3063/3063/3063 3595/3595/3595 3569/3569/3569
f 3436/3436/3436 2791/2791/2791 1825/1825/1825
f 3436/3436/3436 1825/1825/1825 2750/2750/2750
f 3038/3038/3038 1904/1904/1904 3017/3017/3017
f 3038/3038/3038 3017/3017/3017 3457/3457/3457
f 3279/3279/3279 3308/3308/3308 3284/3284/3284
f 3279/3279/3279 3284/3284/3284 3301/3301/3301
f 2669/2669/2669 2589/2589/2589 3364/3364/3364
f 2669/2669/2669 3364/3364/3364 3392/3392/3392
f 229/229/229 2182/2182/2182 3264/3264/3264
f 229/229/229 3264/3264/3264 2127/2127/2127
f 3523/3523/3523 2042/2042/2042 2030/2030/2030
f 3523/3523/3523 2030/2030/2030 3528/3528/3528
f 2738/2738/2738 1841/1841/1841 2753/2753/2753
f 2738/2738/2738 2753/2753/2753 3435/3435/3435
f 2367/2367/2367 2629/2629/2629 120/120/120
f 2367/2367/2367 120/120/120 2368/2368/2368
f 2346/2346/2346 1004/1004/1004 2629/2629/2629
f 2346/2346/2346 2629/2629/2629 2367/2367/2367
f 3343/3343/3343 2568/2568/2568 1099/1099/1099
f 3343/3343/3343 1099/1099/1099 2459/2459/2459
f 2566/2566/2566 3358/3358/3358 2451/2451/2451
f 2566/2566/2566 2451/2451/2451 1101/1101/1101
f 3247/3247/3247 2091/2091/2091 2095/2095/2095
f 3247/3247/3247 2095/2095/2095 3285/3285/3285
f 3283/3283/3283 2220/2220/2220 272/272/272
f 3283/3283/3283 272/272/272 2222/2222/2222
f 3408/3408/3408 3370/3370/3370 2610/2610/2610
f 3408/3408/3408 2610/2610/2610 2725/2725/2725
f 1078/1078/1078 749/749/749 739/739/739
f 1078/1078/1078 739/739/739 1080/1080/1080
f 1130/1130/1130 2738/2738/2738 3435/3435/3435
f 1110/1110/1110 2432/2432/2432 3356/3356/3356
f 1110/1110/1110 3356/3356/3356 2442/2442/2442
f 1854/1854/1854 2379/2379/2379 3395/3395/3395
f 1854/1854/1854 3395/3395/3395 2823/2823/2823
f 2182/2182/2182 247/247/247 2157/2157/2157
f 2182/2182/2182 2157/2157/2157 3264/3264/3264
f 3331/3331/3331 2446/2446/2446 762/762/762
f 3331/3331/3331 762/762/762 2418/2418/2418
f 3636/3636/3636 3612/3612/3612 3614/3614/3614
f 3636/3636/3636 3614/3614/3614 3637/3637/3637
f 2444/2444/2444 2457/2457/2457 748/748/748
f 2444/2444/2444 748/748/748 746/746/746
f 1989/1989/1989 1959/1959/1959 3180/3180/3180
f 1989/1989/1989 3180/3180/3180 3181/3181/3181
f 2967/2967/2967 1124/1124/1124 2376/2376/2376
f 2967/2967/2967 2376/2376/2376 2389/2389/2389
f 2390/2390/2390 3347/3347/3347 2576/2576/2576
f 2390/2390/2390 2576/2576/2576 1087/1087/1087
f 2618/2618/2618 2387/2387/2387 3178/3178/3178
f 2618/2618/2618 3178/3178/3178 3177/3177/3177
f 3354/3354/3354 2396/2396/2396 1088/1088/1088
f 3354/3354/3354 1088/1088/1088 2466/2466/2466
f 2676/2676/2676 2587/2587/2587 3362/3362/3362
f 2676/2676/2676 3362/3362/3362 3393/3393/3393
f 756/756/756 2438/2438/2438 3324/3324/3324
f 756/756/756 3324/3324/3324 2422/2422/2422
f 1111/1111/1111 2591/2591/2591 3223/3223/3223
f 1111/1111/1111 3223/3223/3223 750/750/750
f 474/474/474 1476/1476/1476 2787/2787/2787
f 474/474/474 2787/2787/2787 1477/1477/1477
f 1526/1526/1526 3412/3412/3412 2689/2689/2689
f 1526/1526/1526 2689/2689/2689 455/455/455
f 3313/3313/3313 2137/2137/2137 2135/2135/2135
f 3313/3313/3313 2135/2135/2135 3277/3277/3277
f 2597/2597/2597 1114/1114/1114 757/757/757
f 2597/2597/2597 757/757/757 2411/2411/2411
f 2026/2026/2026 2028/2028/2028 3249/3249/3249
f 2026/2026/2026 3249/3249/3249 3250/3250/3250
f 2598/2598/2598 1118/1118/1118 765/765/765
f 2598/2598/2598 765/765/765 3217/3217/3217
f 1145/1145/1145 2663/2663/2663 2799/2799/2799
f 1145/1145/1145 2799/2799/2799 1137/1137/1137
f 2800/2800/2800 1853/1853/1853 2730/2730/2730
f 2800/2800/2800 2730/2730/2730 3427/3427/3427
f 1136/1136/1136 3421/3421/3421 2751/2751/2751
f 3356/3356/3356 2405/2405/2405 773/773/773
f 3356/3356/3356 773/773/773 2452/2452/2452
f 3627/3627/3627 3594/3594/3594 3596/3596/3596
f 3627/3627/3627 3596/3596/3596 3628/3628/3628
f 3250/3250/3250 3249/3249/3249 2093/2093/2093
f 3250/3250/3250 2093/2093/2093 2094/2094/2094
f 3628/3628/3628 3596/3596/3596 3598/3598/3598
f 3628/3628/3628 3598/3598/3598 3629/3629/3629
f 2617/2617/2617 1122/1122/1122 772/772/772
f 2617/2617/2617 772/772/772 2395/2395/2395
f 1431/1431/1431 2564/2564/2564 3409/3409/3409
f 1431/1431/1431 3409/3409/3409 2723/2723/2723
f 271/271/271 2227/2227/2227 3248/3248/3248
f 271/271/271 3248/3248/3248 2073/2073/2073
f 3316/3316/3316 2143/2143/2143 237/237/237
f 3316/3316/3316 237/237/237 2243/2243/2243
f 2019/2019/2019 3222/3222/3222 3207/3207/3207
f 2019/2019/2019 3207/3207/3207 2016/2016/2016
f 664/664/664 659/659/659 1831/1831/1831
f 664/664/664 1831/1831/1831 665/665/665
f 3396/3396/3396 3379/3379/3379 2605/2605/2605
f 3396/3396/3396 2605/2605/2605 2724/2724/2724
f 1952/1952/1952 3644/3644/3644 3643/3643/3643
f 1952/1952/1952 3643/3643/3643 1953/1953/1953
f 447/447/447 1177/1177/1177 2648/2648/2648
f 447/447/447 2648/2648/2648 1379/1379/1379
f 3196/3196/3196 1978/1978/1978 3654/3654/3654
f 3196/3196/3196 3654/3654/3654 3666/3666/3666
f 1126/1126/1126 2611/2611/2611 3376/3376/3376
f 1126/1126/1126 3376/3376/3376 2622/2622/2622
f 3249/3249/3249 3232/3232/3232 2092/2092/2092
f 3249/3249/3249 2092/2092/2092 2093/2093/2093
f 2085/2085/2085 1820/1820/1820 3582/3582/3582
f 2097/2097/2097 3252/3252/3252 2105/2105/2105
f 2097/2097/2097 2105/2105/2105 212/212/212
f 1754/1754/1754 2624/2624/2624 3410/3410/3410
f 1754/1754/1754 3410/3410/3410 3153/3153/3153
f 2198/2198/2198 264/264/264 257/257/257
f 2198/2198/2198 257/257/257 2175/2175/2175
f 1134/1134/1134 2828/2828/2828 3422/3422/3422
f 1134/1134/1134 3422/3422/3422 1154/1154/1154
f 766/766/766 2417/2417/2417 3358/3358/3358
f 766/766/766 3358/3358/3358 2566/2566/2566
f 763/763/763 2437/2437/2437 3325/3325/3325
f 763/763/763 3325/3325/3325 2399/2399/2399
f 1385/1385/1385 2654/2654/2654 1503/1503/1503
f 1385/1385/1385 1503/1503/1503 479/479/479
f 1142/1142/1142 3352/3352/3352 2649/2649/2649
f 2747/2747/2747 1816/1816/1816 2786/2786/2786
f 2747/2747/2747 2786/2786/2786 3399/3399/3399
f 482/482/482 1505/1505/1505 2654/2654/2654
f 482/482/482 2654/2654/2654 1385/1385/1385
f 3465/3465/3465 3209/3209/3209 3066/3066/3066
f 3465/3465/3465 3066/3066/3066 3467/3467/3467
f 3281/3281/3281 2226/2226/2226 2227/2227/2227
f 3281/3281/3281 2227/2227/2227 3304/3304/3304
f 1865/1865/1865 3053/3053/3053 3447/3447/3447
f 1865/1865/1865 3447/3447/3447 3007/3007/3007
f 1070/1070/1070 2443/2443/2443 3318/3318/3318
f 1070/1070/1070 3318/3318/3318 2384/2384/2384
f 1154/1154/1154 3422/3422/3422 2731/2731/2731
f 1373/1373/1373 2642/2642/2642 1408/1408/1408
f 1373/1373/1373 1408/1408/1408 464/464/464
f 3422/3422/3422 2795/2795/2795 1823/1823/1823
f 3422/3422/3422 1823/1823/1823 2731/2731/2731
f 2453/2453/2453 3357/3357/3357 2433/2433/2433
f 2453/2453/2453 2433/2433/2433 1086/1086/1086
f 2386/2386/2386 740/740/740 774/774/774
f 2386/2386/2386 774/774/774 2382/2382/2382
f 622/622/622 3085/3085/3085 3491/3491/3491
f 622/622/622 3491/3491/3491 1652/1652/1652
f 2599/2599/2599 3388/3388/3388 2598/2598/2598
f 2599/2599/2599 2598/2598/2598 1119/1119/1119
f 1401/1401/1401 2676/2676/2676 3393/3393/3393
f 1401/1401/1401 3393/3393/3393 2548/2548/2548
f 1396/1396/1396 2667/2667/2667 3396/3396/3396
f 1396/1396/1396 3396/3396/3396 2551/2551/2551
f 2527/2527/2527 3372/3372/3372 2577/2577/2577
f 2527/2527/2527 2577/2577/2577 1309/1309/1309
f 2667/2667/2667 1396/1396/1396 2547/2547/2547
f 2667/2667/2667 2547/2547/2547 3392/3392/3392
f 1428/1428/1428 2719/2719/2719 3405/3405/3405
f 1428/1428/1428 3405/3405/3405 2560/2560/2560
f 1433/1433/1433 2725/2725/2725 3407/3407/3407
f 1433/1433/1433 3407/3407/3407 2562/2562/2562
f 1397/1397/1397 2669/2669/2669 3392/3392/3392
f 1397/1397/1397 3392/3392/3392 2547/2547/2547
f 1430/1430/1430 2530/2530/2530 3375/3375/3375
f 1430/1430/1430 3375/3375/3375 2722/2722/2722
f 2724/2724/2724 1432/1432/1432 2551/2551/2551
f 2724/2724/2724 2551/2551/2551 3396/3396/3396
f 1432/1432/1432 2724/2724/2724 3372/3372/3372
f 1432/1432/1432 3372/3372/3372 2527/2527/2527
f 1356/1356/1356 2553/2553/2553 3398/3398/3398
f 1356/1356/1356 3398/3398/3398 2627/2627/2627
f 2484/2484/2484 1430/1430/1430 2722/2722/2722
f 2484/2484/2484 2722/2722/2722 3329/3329/3329
f 3624/3624/3624 3588/3588/3588 3600/3600/3600
f 3624/3624/3624 3600/3600/3600 3630/3630/3630
f 1394/1394/1394 2552/2552/2552 3397/3397/3397
f 1394/1394/1394 3397/3397/3397 2662/2662/2662
f 1205/1205/1205 2702/2702/2702 1496/1496/1496
f 1205/1205/1205 1496/1496/1496 463/463/463
f 457/457/457 1498/1498/1498 2550/2550/2550
f 457/457/457 2550/2550/2550 1480/1480/1480
f 428/428/428 423/423/423 429/429/429
f 428/428/428 429/429/429 1508/1508/1508
f 1514/1514/1514 407/407/407 424/424/424
f 1514/1514/1514 424/424/424 1409/1409/1409
f 1470/1470/1470 1370/1370/1370 1395/1395/1395
f 1470/1470/1470 1395/1395/1395 1489/1489/1489
f 467/467/467 1371/1371/1371 2625/2625/2625
f 467/467/467 2625/2625/2625 1494/1494/1494
f 2664/2664/2664 1371/1371/1371 467/467/467
f 2664/2664/2664 467/467/467 1493/1493/1493
f 476/476/476 1526/1526/1526 2626/2626/2626
f 476/476/476 2626/2626/2626 1197/1197/1197
f 412/412/412 407/407/407 1514/1514/1514
f 412/412/412 1514/1514/1514 1404/1404/1404
f 1414/1414/1414 1404/1404/1404 1445/1445/1445
f 1414/1414/1414 1445/1445/1445 1422/1422/1422
f 236/236/236 2179/2179/2179 3268/3268/3268
f 236/236/236 3268/3268/3268 2138/2138/2138
f 507/507/507 1457/1457/1457 2625/2625/2625
f 507/507/507 2625/2625/2625 1371/1371/1371
f 1457/1457/1457 501/501/501 1369/1369/1369
f 1457/1457/1457 1369/1369/1369 2625/2625/2625
f 478/478/478 1500/1500/1500 2549/2549/2549
f 478/478/478 2549/2549/2549 1204/1204/1204
f 405/405/405 411/411/411 1441/1441/1441
f 405/405/405 1441/1441/1441 1398/1398/1398
f 1398/1398/1398 1441/1441/1441 410/410/410
f 1398/1398/1398 410/410/410 400/400/400
f 1467/1467/1467 1391/1391/1391 522/522/522
f 1467/1467/1467 522/522/522 1393/1393/1393
f 1467/1467/1467 1393/1393/1393 518/518/518
f 3640/3640/3640 3620/3620/3620 3592/3592/3592
f 3640/3640/3640 3592/3592/3592 3626/3626/3626
f 2408/2408/2408 752/752/752 1112/1112/1112
f 2408/2408/2408 1112/1112/1112 2592/2592/2592
f 3423/3423/3423 2745/2745/2745 1180/1180/1180
f 3423/3423/3423 1180/1180/1180 2736/2736/2736
f 2412/2412/2412 772/772/772 1122/1122/1122
f 2412/2412/2412 1122/1122/1122 2574/2574/2574
f 2603/2603/2603 1116/1116/1116 2584/2584/2584
f 2603/2603/2603 2584/2584/2584 3363/3363/3363
f 2691/2691/2691 2755/2755/2755 1849/1849/1849
f 3310/3310/3310 2130/2130/2130 2260/2260/2260
f 3310/3310/3310 2260/2260/2260 3305/3305/3305
f 2590/2590/2590 1113/1113/1113 2588/2588/2588
f 2590/2590/2590 2588/2588/2588 3361/3361/3361
f 431/431/431 1524/1524/1524 2626/2626/2626
f 431/431/431 2626/2626/2626 1410/1410/1410
f 1524/1524/1524 433/433/433 1197/1197/1197
f 1524/1524/1524 1197/1197/1197 2626/2626/2626
f 1249/1249/1249 2803/2803/2803 2801/2801/2801
f 1249/1249/1249 2801/2801/2801 302/302/302
f 466/466/466 486/486/486 1443/1443/1443
f 466/466/466 1443/1443/1443 1196/1196/1196
f 3418/3418/3418 2647/2647/2647 1176/1176/1176
f 3418/3418/3418 1176/1176/1176 2711/2711/2711
f 1495/1495/1495 3429/3429/3429 2640/2640/2640
f 1495/1495/1495 2640/2640/2640 484/484/484
f 3517/3517/3517 3117/3117/3117 3108/3108/3108
f 3517/3517/3517 3108/3108/3108 3511/3511/3511
f 280/280/280 2233/2233/2233 3240/3240/3240
f 280/280/280 3240/3240/3240 2081/2081/2081
f 1137/1137/1137 2736/2736/2736 3417/3417/3417
f 2450/2450/2450 1102/1102/1102 2447/2447/2447
f 2450/2450/2450 2447/2447/2447 3333/3333/3333
f 3306/3306/3306 2182/2182/2182 229/229/229
f 3306/3306/3306 229/229/229 2259/2259/2259
f 3056/3056/3056 1914/1914/1914 3011/3011/3011
f 3056/3056/3056 3011/3011/3011 3450/3450/3450
f 1111/1111/1111 2592/2592/2592 3359/3359/3359
f 1111/1111/1111 3359/3359/3359 2462/2462/2462
f 3392/3392/3392 3364/3364/3364 2585/2585/2585
f 3392/3392/3392 2585/2585/2585 2667/2667/2667
f 1675/1675/1675 3506/3506/3506 3099/3099/3099
f 1675/1675/1675 3099/3099/3099 636/636/636
f 3055/3055/3055 1899/1899/1899 3010/3010/3010
f 3055/3055/3055 3010/3010/3010 3449/3449/3449
f 2717/2717/2717 1174/1174/1174 2713/2713/2713
f 2717/2717/2717 2713/2713/2713 3424/3424/3424
f 2593/2593/2593 3425/3425/3425 3381/3381/3381
f 2593/2593/2593 3381/3381/3381 2623/2623/2623
f 1087/1087/1087 2434/2434/2434 3334/3334/3334
f 1087/1087/1087 3334/3334/3334 2390/2390/2390
f 3247/3247/3247 2220/2220/2220 203/203/203
f 3247/3247/3247 203/203/203 2091/2091/2091
f 2752/2752/2752 3411/3411/3411 2637/2637/2637
f 2752/2752/2752 2637/2637/2637 1834/1834/1834
f 241/241/241 2187/2187/2187 3267/3267/3267
f 241/241/241 3267/3267/3267 2144/2144/2144
f 2667/2667/2667 2585/2585/2585 3379/3379/3379
f 2667/2667/2667 3379/3379/3379 3396/3396/3396
f 2758/2758/2758 3429/3429/3429 2380/2380/2380
f 2758/2758/2758 2380/2380/2380 1842/1842/1842
f 2692/2692/2692 2970/2970/2970 2681/2681/2681
f 2692/2692/2692 2681/2681/2681 2739/2739/2739
f 3271/3271/3271 2154/2154/2154 2176/2176/2176
f 3271/3271/3271 2176/2176/2176 3263/3263/3263
f 2751/2751/2751 1407/1407/1407 2641/2641/2641
f 2751/2751/2751 2641/2641/2641 3426/3426/3426
f 2978/2978/2978 2977/2977/2977 3202/3202/3202
f 2978/2978/2978 3202/3202/3202 2016/2016/2016
f 2591/2591/2591 1111/1111/1111 2462/2462/2462
f 2591/2591/2591 2462/2462/2462 3382/3382/3382
f 1641/1641/1641 1742/1742/1742 3072/3072/3072
f 1641/1641/1641 3072/3072/3072 3171/3171/3171
f 218/218/218 284/284/284 2244/2244/2244
f 218/218/218 2244/2244/2244 2107/2107/2107
f 3631/3631/3631 3602/3602/3602 3604/3604/3604
f 3631/3631/3631 3604/3604/3604 3632/3632/3632
f 2031/2031/2031 3229/3229/3229 3230/3230/3230
f 2031/2031/2031 3230/3230/3230 2033/2033/2033
f 2106/2106/2106 210/210/210 268/268/268
f 2106/2106/2106 268/268/268 2213/2213/2213
f 2024/2024/2024 2026/2026/2026 3250/3250/3250
f 2024/2024/2024 3250/3250/3250 3251/3251/3251
f 1021/1021/1021 2346/2346/2346 2367/2367/2367
f 1021/1021/1021 2367/2367/2367 2352/2352/2352
f 3158/3158/3158 1993/1993/1993 3648/3648/3648
f 3158/3158/3158 3648/3648/3648 3660/3660/3660
f 741/741/741 1123/1123/1123 2611/2611/2611
f 3157/3157/3157 1995/1995/1995 3195/3195/3195
f 3157/3157/3157 3195/3195/3195 3562/3562/3562
f 484/484/484 2640/2640/2640 2372/2372/2372
f 484/484/484 2372/2372/2372 466/466/466
f 3169/3169/3169 1984/1984/1984 3187/3187/3187
f 3169/3169/3169 3187/3187/3187 3555/3555/3555
f 3427/3427/3427 2730/2730/2730 1161/1161/1161
f 3427/3427/3427 1161/1161/1161 2701/2701/2701
f 300/300/300 2443/2443/2443 3320/3320/3320
f 300/300/300 3320/3320/3320 1194/1194/1194
f 2567/2567/2567 3337/3337/3337 2393/2393/2393
f 2567/2567/2567 2393/2393/2393 758/758/758
f 3498/3498/3498 1753/1753/1753 3152/3152/3152
f 3498/3498/3498 3152/3152/3152 3658/3658/3658
f 766/766/766 2383/2383/2383 3321/3321/3321
f 766/766/766 3321/3321/3321 2417/2417/2417
f 3421/3421/3421 2655/2655/2655 1407/1407/1407
f 3421/3421/3421 1407/1407/1407 2751/2751/2751
f 2399/2399/2399 3325/3325/3325 2438/2438/2438
f 2399/2399/2399 2438/2438/2438 756/756/756
f 1832/1832/1832 2741/2741/2741 3430/3430/3430
f 1832/1832/1832 3430/3430/3430 2743/2743/2743
f 1817/1817/1817 2727/2727/2727 1434/1434/1434
f 1817/1817/1817 1434/1434/1434 488/488/488
f 3295/3295/3295 2171/2171/2171 2257/2257/2257
f 3295/3295/3295 2257/2257/2257 3294/3294/3294
f 2196/2196/2196 263/263/263 2202/2202/2202
f 2196/2196/2196 2202/2202/2202 3307/3307/3307
f 3426/3426/3426 2641/2641/2641 1471/1471/1471
f 3426/3426/3426 1471/1471/1471 2784/2784/2784
f 2417/2417/2417 771/771/771 2410/2410/2410
f 2417/2417/2417 2410/2410/2410 3358/3358/3358
f 2103/2103/2103 218/218/218 2107/2107/2107
f 2103/2103/2103 2107/2107/2107 3254/3254/3254
f 1143/1143/1143 1130/1130/1130 2663/2663/2663
f 1143/1143/1143 2663/2663/2663 1145/1145/1145
f 2688/2688/2688 3425/3425/3425 2593/2593/2593
f 2688/2688/2688 2593/2593/2593 1325/1325/1325
f 2692/2692/2692 1843/1843/1843 2755/2755/2755
f 2692/2692/2692 2755/2755/2755 2691/2691/2691
f 2691/2691/2691 2970/2970/2970 2692/2692/2692
f 2743/2743/2743 3430/3430/3430 2409/2409/2409
f 2743/2743/2743 2409/2409/2409 1827/1827/1827
f 2260/2260/2260 230/230/230 2228/2228/2228
f 2260/2260/2260 2228/2228/2228 3305/3305/3305
f 1145/1145/1145 2684/2684/2684 3432/3432/3432
f 3529/3529/3529 3527/3527/3527 3073/3073/3073
f 3529/3529/3529 3073/3073/3073 3071/3071/3071
f 3211/3211/3211 3619/3619/3619 3617/3617/3617
f 3211/3211/3211 3617/3617/3617 3567/3567/3567
f 2732/2732/2732 2701/2701/2701 3563/3563/3563
f 1997/1997/1997 3155/3155/3155 1998/1998/1998
f 276/276/276 2235/2235/2235 3297/3297/3297
f 276/276/276 3297/3297/3297 2241/2241/2241
f 3397/3397/3397 3387/3387/3387 2602/2602/2602
f 3397/3397/3397 2602/2602/2602 2662/2662/2662
f 1093/1093/1093 2469/2469/2469 3337/3337/3337
f 1093/1093/1093 3337/3337/3337 2567/2567/2567
f 2893/2893/2893 2965/2965/2965 3641/3641/3641
f 2893/2893/2893 3641/3641/3641 3576/3576/3576
f 1861/1861/1861 1856/1856/1856 739/739/739
f 1861/1861/1861 739/739/739 749/749/749
f 3514/3514/3514 3114/3114/3114 3111/3111/3111
f 3514/3514/3514 3111/3111/3111 3512/3512/3512
f 3210/3210/3210 3589/3589/3589 3587/3587/3587
f 3210/3210/3210 3587/3587/3587 3575/3575/3575
f 3489/3489/3489 3081/3081/3081 1926/1926/1926
f 3489/3489/3489 1926/1926/1926 3080/3080/3080
f 3072/3072/3072 3486/3486/3486 3559/3559/3559
f 3072/3072/3072 3559/3559/3559 3171/3171/3171
f 3031/3031/3031 3566/3566/3566 1814/1814/1814
f 3031/3031/3031 1814/1814/1814 718/718/718
f 2571/2571/2571 1119/1119/1119 767/767/767
f 2571/2571/2571 767/767/767 2414/2414/2414
f 1154/1154/1154 1155/1155/1155 1159/1159/1159
f 1154/1154/1154 1159/1159/1159 1158/1158/1158
f 3324/3324/3324 2438/2438/2438 292/292/292
f 3324/3324/3324 292/292/292 1190/1190/1190
f 2214/2214/2214 2215/2215/2215 2114/2114/2114
f 2214/2214/2214 2114/2114/2114 2115/2115/2115
f 3069/3069/3069 3143/3143/3143 3419/3419/3419
f 3069/3069/3069 3419/3419/3419 3525/3525/3525
f 1996/1996/1996 1990/1990/1990 3158/3158/3158
f 3184/3184/3184 3555/3555/3555 3026/3026/3026
f 3184/3184/3184 3026/3026/3026 1896/1896/1896
f 590/590/590 3636/3636/3636 3637/3637/3637
f 744/744/744 2015/2015/2015 2014/2014/2014
f 744/744/744 2014/2014/2014 1862/1862/1862
f 3622/3622/3622 3584/3584/3584 3586/3586/3586
f 3622/3622/3622 3586/3586/3586 3623/3623/3623
f 3195/3195/3195 3561/3561/3561 3023/3023/3023
f 3195/3195/3195 3023/3023/3023 1873/1873/1873
f 2250/2250/2250 247/247/247 2182/2182/2182
f 2250/2250/2250 2182/2182/2182 3306/3306/3306
f 1130/1130/1130 3434/3434/3434 2638/2638/2638
f 1130/1130/1130 2638/2638/2638 2663/2663/2663
f 3004/3004/3004 1876/1876/1876 1918/1918/1918
f 3004/3004/3004 1918/1918/1918 3050/3050/3050
f 3432/3432/3432 2653/2653/2653 1504/1504/1504
f 3432/3432/3432 1504/1504/1504 2699/2699/2699
f 643/643/643 3094/3094/3094 3497/3497/3497
f 643/643/643 3497/3497/3497 1671/1671/1671
f 1387/1387/1387 2656/2656/2656 1822/1822/1822
f 1387/1387/1387 1822/1822/1822 490/490/490
f 3202/3202/3202 751/751/751 3225/3225/3225
f 2892/2892/2892 1813/1813/1813 2902/2902/2902
f 2892/2892/2892 2902/2902/2902 2904/2904/2904
f 742/742/742 3179/3179/3179 3551/3551/3551
f 742/742/742 3551/3551/3551 2386/2386/2386
f 2754/2754/2754 3428/3428/3428 2790/2790/2790
f 2754/2754/2754 2790/2790/2790 1848/1848/1848
f 1900/1900/1900 3028/3028/3028 3452/3452/3452
f 1900/1900/1900 3452/3452/3452 3014/3014/3014
f 2261/2261/2261 240/240/240 2143/2143/2143
f 2261/2261/2261 2143/2143/2143 3316/3316/3316
f 3323/3323/3323 2454/2454/2454 1109/1109/1109
f 3323/3323/3323 1109/1109/1109 2448/2448/2448
f 620/620/620 3083/3083/3083 3490/3490/3490
f 620/620/620 3490/3490/3490 1648/1648/1648
f 2686/2686/2686 1821/1821/1821 2655/2655/2655
f 2686/2686/2686 2655/2655/2655 3421/3421/3421
f 2732/2732/2732 2679/2679/2679 1168/1168/1168
f 2732/2732/2732 1168/1168/1168 1159/1159/1159
f 2015/2015/2015 744/744/744 1082/1082/1082
f 2015/2015/2015 1082/1082/1082 2012/2012/2012
f 590/590/590 3633/3633/3633 3634/3634/3634
f 1415/1415/1415 2695/2695/2695 1472/1472/1472
f 1415/1415/1415 1472/1472/1472 469/469/469
f 1155/1155/1155 1153/1153/1153 2687/2687/2687
f 1155/1155/1155 2687/2687/2687 2749/2749/2749
f 2970/2970/2970 2687/2687/2687 1153/1153/1153
f 2970/2970/2970 1153/1153/1153 1136/1136/1136
f 3297/3297/3297 2235/2235/2235 287/287/287
f 3297/3297/3297 287/287/287 2246/2246/2246
f 3304/3304/3304 2227/2227/2227 271/271/271
f 3304/3304/3304 271/271/271 2219/2219/2219
f 590/590/590 3626/3626/3626 3627/3627/3627
f 3177/3177/3177 3178/3178/3178 1955/1955/1955
f 3177/3177/3177 1955/1955/1955 1951/1951/1951
f 590/590/590 3637/3637/3637 3638/3638/3638
f 3458/3458/3458 2996/2996/2996 1890/1890/1890
f 3458/3458/3458 1890/1890/1890 3019/3019/3019
f 590/590/590 3629/3629/3629 2953/2953/2953
f 2053/2053/2053 170/170/170 2074/2074/2074
f 2053/2053/2053 2074/2074/2074 3245/3245/3245
f 408/408/408 419/419/419 1414/1414/1414
f 408/408/408 1414/1414/1414 1489/1489/1489
f 2665/2665/2665 2666/2666/2666 1522/1522/1522
f 2665/2665/2665 1522/1522/1522 1521/1521/1521
f 1420/1420/1420 2700/2700/2700 1454/1454/1454
f 1420/1420/1420 1454/1454/1454 1440/1440/1440
f 411/411/411 418/418/418 1448/1448/1448
f 411/411/411 1448/1448/1448 1441/1441/1441
f 1441/1441/1441 1448/1448/1448 421/421/421
f 1441/1441/1441 421/421/421 410/410/410
f 1818/1818/1818 2898/2898/2898 2496/2496/2496
f 1818/1818/1818 2496/2496/2496 1497/1497/1497
f 1802/1802/1802 1815/1815/1815 1622/1622/1622
f 1802/1802/1802 1622/1622/1622 719/719/719
f 2704/2704/2704 1233/1233/1233 473/473/473
f 2704/2704/2704 473/473/473 1491/1491/1491
f 3032/3032/3032 1902/1902/1902 3015/3015/3015
f 3032/3032/3032 3015/3015/3015 3454/3454/3454
f 590/590/590 3628/3628/3628 3629/3629/3629
f 2617/2617/2617 1127/1127/1127 2619/2619/2619
f 2617/2617/2617 2619/2619/2619 3403/3403/3403
f 429/429/429 423/423/423 442/442/442
f 429/429/429 442/442/442 437/437/437
f 1454/1454/1454 1490/1490/1490 1391/1391/1391
f 1454/1454/1454 1391/1391/1391 1409/1409/1409
f 1412/1412/1412 1413/1413/1413 1514/1514/1514
f 1446/1446/1446 1443/1443/1443 486/486/486
f 1446/1446/1446 486/486/486 468/468/468
f 2702/2702/2702 1481/1481/1481 462/462/462
f 2702/2702/2702 462/462/462 1496/1496/1496
f 1500/1500/1500 456/456/456 1513/1513/1513
f 1500/1500/1500 1513/1513/1513 2549/2549/2549
f 496/496/496 1484/1484/1484 2664/2664/2664
f 496/496/496 2664/2664/2664 1233/1233/1233
f 1484/1484/1484 507/507/507 1371/1371/1371
f 1484/1484/1484 1371/1371/1371 2664/2664/2664
f 416/416/416 408/408/408 1489/1489/1489
f 416/416/416 1489/1489/1489 1395/1395/1395
f 1489/1489/1489 1414/1414/1414 1422/1422/1422
f 1489/1489/1489 1422/1422/1422 1470/1470/1470
f 513/513/513 505/505/505 1443/1443/1443
f 513/513/513 1443/1443/1443 1446/1446/1446
f 401/401/401 1444/1444/1444 2705/2705/2705
f 401/401/401 2705/2705/2705 417/417/417
f 1368/1368/1368 2880/2880/2880 1440/1440/1440
f 1368/1368/1368 1440/1440/1440 1403/1403/1403
f 1367/1367/1367 1402/1402/1402 2666/2666/2666
f 1367/1367/1367 2666/2666/2666 2665/2665/2665
f 2665/2665/2665 1521/1521/1521 527/527/527
f 2665/2665/2665 527/527/527 1515/1515/1515
f 1367/1367/1367 2665/2665/2665 1515/1515/1515
f 1367/1367/1367 1515/1515/1515 434/434/434
f 503/503/503 511/511/511 1372/1372/1372
f 503/503/503 1372/1372/1372 1196/1196/1196
f 1492/1492/1492 485/485/485 1369/1369/1369
f 1492/1492/1492 1369/1369/1369 2720/2720/2720
f 1402/1402/1402 438/438/438 1517/1517/1517
f 1402/1402/1402 1517/1517/1517 2666/2666/2666
f 2666/2666/2666 1517/1517/1517 523/523/523
f 2666/2666/2666 523/523/523 1522/1522/1522
f 417/417/417 414/414/414 401/401/401
f 3311/3311/3311 2153/2153/2153 225/225/225
f 3311/3311/3311 225/225/225 2121/2121/2121
f 3574/3574/3574 3613/3613/3613 3611/3611/3611
f 3574/3574/3574 3611/3611/3611 3061/3061/3061
f 3580/3580/3580 2016/2016/2016 3225/3225/3225
f 2067/2067/2067 3244/3244/3244 2089/2089/2089
f 2067/2067/2067 2089/2089/2089 205/205/205
f 1391/1391/1391 1467/1467/1467 1514/1514/1514
f 1391/1391/1391 1514/1514/1514 1409/1409/1409
f 1391/1391/1391 1490/1490/1490 520/520/520
f 1391/1391/1391 520/520/520 1507/1507/1507
f 1391/1391/1391 1507/1507/1507 522/522/522
f 406/406/406 418/418/418 2668/2668/2668
f 406/406/406 2668/2668/2668 1421/1421/1421
f 418/418/418 1426/1426/1426 2668/2668/2668
f 2668/2668/2668 1426/1426/1426 446/446/446
f 2668/2668/2668 446/446/446 1390/1390/1390
f 1421/1421/1421 2668/2668/2668 1390/1390/1390
f 1421/1421/1421 1390/1390/1390 448/448/448
f 2579/2579/2579 3463/3463/3463 1919/1919/1919
f 2579/2579/2579 1919/1919/1919 1108/1108/1108
f 1492/1492/1492 3438/3438/3438 2637/2637/2637
f 1492/1492/1492 2637/2637/2637 485/485/485
f 590/590/590 3624/3624/3624 3630/3630/3630
f 2567/2567/2567 3355/3355/3355 2573/2573/2573
f 2567/2567/2567 2573/2573/2573 1093/1093/1093
f 408/408/408 2670/2670/2670 1442/1442/1442
f 408/408/408 416/416/416 1405/1405/1405
f 408/408/408 1405/1405/1405 2670/2670/2670
f 2670/2670/2670 1405/1405/1405 480/480/480
f 2670/2670/2670 480/480/480 1418/1418/1418
f 1442/1442/1442 2670/2670/2670 1418/1418/1418
f 1442/1442/1442 1418/1418/1418 452/452/452
f 2749/2749/2749 2687/2687/2687 2659/2659/2659
f 2749/2749/2749 2659/2659/2659 2800/2800/2800
f 2393/2393/2393 3350/3350/3350 2430/2430/2430
f 2393/2393/2393 2430/2430/2430 758/758/758
f 2635/2635/2635 1163/1163/1163 2971/2971/2971
f 2635/2635/2635 2971/2971/2971 3414/3414/3414
f 3026/3026/3026 1897/1897/1897 1914/1914/1914
f 3026/3026/3026 1914/1914/1914 3056/3056/3056
f 189/189/189 2098/2098/2098 3255/3255/3255
f 189/189/189 3255/3255/3255 2055/2055/2055
f 467/467/467 1494/1494/1494 3411/3411/3411
f 467/467/467 3411/3411/3411 2639/2639/2639
f 1412/1412/1412 516/516/516 1460/1460/1460
f 1413/1413/1413 1412/1412/1412 1460/1460/1460
f 1413/1413/1413 1460/1460/1460 510/510/510
f 413/413/413 406/406/406 2674/2674/2674
f 413/413/413 2674/2674/2674 1381/1381/1381
f 406/406/406 1421/1421/1421 2674/2674/2674
f 2674/2674/2674 1421/1421/1421 448/448/448
f 2674/2674/2674 448/448/448 1380/1380/1380
f 1381/1381/1381 2674/2674/2674 1380/1380/1380
f 1381/1381/1381 1380/1380/1380 472/472/472
f 2382/2382/2382 774/774/774 2454/2454/2454
f 2382/2382/2382 2454/2454/2454 3323/3323/3323
f 204/204/204 2066/2066/2066 3259/3259/3259
f 204/204/204 3259/3259/3259 2232/2232/2232
f 1154/1154/1154 2731/2731/2731 3436/3436/3436
f 1154/1154/1154 3436/3436/3436 1155/1155/1155
f 3/3/3 1657/1657/1657 2675/2675/2675
f 3/3/3 2675/2675/2675 793/793/793
f 1657/1657/1657 603/603/603 1744/1744/1744
f 1657/1657/1657 1744/1744/1744 2675/2675/2675
f 2842/2842/2842 783/783/783 793/793/793
f 2842/2842/2842 793/793/793 2675/2675/2675
f 1629/1629/1629 2845/2845/2845 2840/2840/2840
f 1629/1629/1629 2840/2840/2840 1640/1640/1640
f 2089/2089/2089 204/204/204 2076/2076/2076
f 2089/2089/2089 2076/2076/2076 3292/3292/3292
f 278/278/278 2240/2240/2240 3256/3256/3256
f 278/278/278 3256/3256/3256 2236/2236/2236
f 3109/3109/3109 2010/2010/2010 2011/2011/2011
f 3414/3414/3414 2971/2971/2971 1864/1864/1864
f 3414/3414/3414 1864/1864/1864 2977/2977/2977
f 519/519/519 1437/1437/1437 2677/2677/2677
f 519/519/519 2677/2677/2677 1480/1480/1480
f 1437/1437/1437 431/431/431 1410/1410/1410
f 1437/1437/1437 1410/1410/1410 2677/2677/2677
f 1526/1526/1526 455/455/455 1410/1410/1410
f 1526/1526/1526 1410/1410/1410 2626/2626/2626
f 3239/3239/3239 2045/2045/2045 184/184/184
f 3239/3239/3239 184/184/184 2069/2069/2069
f 2835/2835/2835 1716/1716/1716 657/657/657
f 2835/2835/2835 657/657/657 1718/1718/1718
f 2799/2799/2799 2785/2785/2785 2712/2712/2712
f 2799/2799/2799 2712/2712/2712 2693/2693/2693
f 424/424/424 407/407/407 2680/2680/2680
f 424/424/424 2680/2680/2680 1406/1406/1406
f 407/407/407 1456/1456/1456 2680/2680/2680
f 2680/2680/2680 1456/1456/1456 465/465/465
f 2680/2680/2680 465/465/465 1388/1388/1388
f 1406/1406/1406 2680/2680/2680 1388/1388/1388
f 1406/1406/1406 1388/1388/1388 491/491/491
f 457/457/457 1480/1480/1480 2677/2677/2677
f 457/457/457 2677/2677/2677 1501/1501/1501
f 2127/2127/2127 3264/3264/3264 2184/2184/2184
f 2127/2127/2127 2184/2184/2184 227/227/227
f 768/768/768 2413/2413/2413 3374/3374/3374
f 768/768/768 3374/3374/3374 2565/2565/2565
f 3443/3443/3443 2982/2982/2982 1885/1885/1885
f 3443/3443/3443 1885/1885/1885 2988/2988/2988
f 238/238/238 2185/2185/2185 3295/3295/3295
f 238/238/238 3295/3295/3295 2142/2142/2142
f 3348/3348/3348 2403/2403/2403 1090/1090/1090
f 3348/3348/3348 1090/1090/1090 2468/2468/2468
f 405/405/405 425/425/425 2682/2682/2682
f 405/405/405 2682/2682/2682 1509/1509/1509
f 425/425/425 1439/1439/1439 2682/2682/2682
f 2682/2682/2682 1439/1439/1439 493/493/493
f 2682/2682/2682 493/493/493 1487/1487/1487
f 1509/1509/1509 2682/2682/2682 1487/1487/1487
f 1509/1509/1509 1487/1487/1487 454/454/454
f 2413/2413/2413 773/773/773 2405/2405/2405
f 2413/2413/2413 2405/2405/2405 3374/3374/3374
f 1119/1119/1119 2571/2571/2571 3369/3369/3369
f 1119/1119/1119 3369/3369/3369 2599/2599/2599
f 419/419/419 2683/2683/2683 1360/1360/1360
f 419/419/419 408/408/408 1442/1442/1442
f 419/419/419 1442/1442/1442 2683/2683/2683
f 2683/2683/2683 1442/1442/1442 452/452/452
f 2683/2683/2683 452/452/452 1452/1452/1452
f 1360/1360/1360 2683/2683/2683 1452/1452/1452
f 1360/1360/1360 1452/1452/1452 450/450/450
f 2571/2571/2571 1121/1121/1121 2609/2609/2609
f 2571/2571/2571 2609/2609/2609 3369/3369/3369
f 173/173/173 2096/2096/2096 1948/1948/1948
f 173/173/173 1948/1948/1948 3144/3144/3144
f 1124/1124/1124 2967/2967/2967 3380/3380/3380
f 1124/1124/1124 3380/3380/3380 2612/2612/2612
f 1782/1782/1782 694/694/694 709/709/709
f 1782/1782/1782 709/709/709 1794/1794/1794
f 418/418/418 411/411/411 2685/2685/2685
f 418/418/418 2685/2685/2685 1426/1426/1426
f 411/411/411 1427/1427/1427 2685/2685/2685
f 2685/2685/2685 1427/1427/1427 461/461/461
f 2685/2685/2685 461/461/461 1424/1424/1424
f 1426/1426/1426 2685/2685/2685 1424/1424/1424
f 1426/1426/1426 1424/1424/1424 446/446/446
f 1072/1072/1072 2426/2426/2426 3464/3464/3464
f 1072/1072/1072 3464/3464/3464 3058/3058/3058
f 3010/3010/3010 3450/3450/3450 3001/3001/3001
f 3010/3010/3010 3001/3001/3001 1893/1893/1893
f 3485/3485/3485 3071/3071/3071 3073/3073/3073
f 3485/3485/3485 3073/3073/3073 3486/3486/3486
f 1564/1564/1564 549/549/549 2985/2985/2985
f 1564/1564/1564 2985/2985/2985 3453/3453/3453
f 765/765/765 2421/2421/2421 3319/3319/3319
f 765/765/765 3319/3319/3319 3217/3217/3217
f 1325/1325/1325 1354/1354/1354 2535/2535/2535
f 1325/1325/1325 2535/2535/2535 2688/2688/2688
f 3089/3089/3089 1932/1932/1932 3090/3090/3090
f 3089/3089/3089 3090/3090/3090 3492/3492/3492
f 3390/3390/3390 2630/2630/2630 1120/1120/1120
f 3390/3390/3390 1120/1120/1120 2574/2574/2574
f 3626/3626/3626 3592/3592/3592 3594/3594/3594
f 3626/3626/3626 3594/3594/3594 3627/3627/3627
f 3290/3290/3290 2078/2078/2078 277/277/277
f 3290/3290/3290 277/277/277 2240/2240/2240
f 1137/1137/1137 3417/3417/3417 2684/2684/2684
f 1137/1137/1137 2684/2684/2684 1145/1145/1145
f 2041/2041/2041 2035/2035/2035 3231/3231/3231
f 2041/2041/2041 3231/3231/3231 3252/3252/3252
f 1977/1977/1977 3198/3198/3198 3664/3664/3664
f 1977/1977/1977 3664/3664/3664 3655/3655/3655
f 2215/2215/2215 2216/2216/2216 2113/2113/2113
f 2215/2215/2215 2113/2113/2113 2114/2114/2114
f 3431/3431/3431 1146/1146/1146 1142/1142/1142
f 3431/3431/3431 1142/1142/1142 2715/2715/2715
f 3450/3450/3450 3011/3011/3011 1895/1895/1895
f 3450/3450/3450 1895/1895/1895 3001/3001/3001
f 3268/3268/3268 2167/2167/2167 2165/2165/2165
f 3268/3268/3268 2165/2165/2165 3265/3265/3265
f 3451/3451/3451 3012/3012/3012 1883/1883/1883
f 3451/3451/3451 1883/1883/1883 3003/3003/3003
f 1091/1091/1091 2467/2467/2467 3330/3330/3330
f 1091/1091/1091 3330/3330/3330 2569/2569/2569
f 471/471/471 1474/1474/1474 2634/2634/2634
f 471/471/471 2634/2634/2634 1365/1365/1365
f 407/407/407 2696/2696/2696 1456/1456/1456
f 407/407/407 412/412/412 1469/1469/1469
f 407/407/407 1469/1469/1469 2696/2696/2696
f 2696/2696/2696 1469/1469/1469 470/470/470
f 2696/2696/2696 470/470/470 1374/1374/1374
f 1456/1456/1456 2696/2696/2696 1374/1374/1374
f 1456/1456/1456 1374/1374/1374 465/465/465
f 725/725/725 1803/1803/1803 1521/1521/1521
f 725/725/725 1521/1521/1521 1522/1522/1522
f 1440/1440/1440 430/430/430 439/439/439
f 1440/1440/1440 439/439/439 1403/1403/1403
f 1440/1440/1440 2880/2880/2880 1420/1420/1420
f 3327/3327/3327 2423/2423/2423 290/290/290
f 3327/3327/3327 290/290/290 1185/1185/1185
f 3333/3333/3333 2447/2447/2447 770/770/770
f 3333/3333/3333 770/770/770 2414/2414/2414
f 3013/3013/3013 1878/1878/1878 2983/2983/2983
f 3013/3013/3013 2983/2983/2983 3452/3452/3452
f 3345/3345/3345 2449/2449/2449 1110/1110/1110
f 3345/3345/3345 1110/1110/1110 2442/2442/2442
f 2197/2197/2197 263/263/263 254/254/254
f 2197/2197/2197 254/254/254 2172/2172/2172
f 2700/2700/2700 1420/1420/1420 432/432/432
f 2700/2700/2700 432/432/432 1438/1438/1438
f 1490/1490/1490 2700/2700/2700 1438/1438/1438
f 1490/1490/1490 1438/1438/1438 520/520/520
f 2672/2672/2672 3439/3439/3439 2969/2969/2969
f 2672/2672/2672 2969/2969/2969 1850/1850/1850
f 2129/2129/2129 3266/3266/3266 3306/3306/3306
f 2129/2129/2129 3306/3306/3306 2259/2259/2259
f 2452/2452/2452 3320/3320/3320 2443/2443/2443
f 2452/2452/2452 2443/2443/2443 1070/1070/1070
f 1477/1477/1477 2787/2787/2787 1817/1817/1817
f 1477/1477/1477 1817/1817/1817 488/488/488
f 3185/3185/3185 3554/3554/3554 3024/3024/3024
f 3185/3185/3185 3024/3024/3024 1872/1872/1872
f 509/509/509 1459/1459/1459 2702/2702/2702
f 509/509/509 2702/2702/2702 1205/1205/1205
f 1459/1459/1459 515/515/515 1481/1481/1481
f 1459/1459/1459 1481/1481/1481 2702/2702/2702
f 3045/3045/3045 3567/3567/3567 3062/3062/3062
f 3045/3045/3045 3062/3062/3062 1911/1911/1911
f 2592/2592/2592 1111/1111/1111 750/750/750
f 2592/2592/2592 750/750/750 2408/2408/2408
f 2110/2110/2110 215/215/215 2100/2100/2100
f 2110/2110/2110 2100/2100/2100 3237/3237/3237
f 2460/2460/2460 3390/3390/3390 2574/2574/2574
f 2460/2460/2460 2574/2574/2574 1122/1122/1122
f 3164/3164/3164 1974/1974/1974 3650/3650/3650
f 3164/3164/3164 3650/3650/3650 3662/3662/3662
f 3042/3042/3042 1908/1908/1908 3019/3019/3019
f 3042/3042/3042 3019/3019/3019 3459/3459/3459
f 511/511/511 1463/1463/1463 2703/2703/2703
f 511/511/511 2703/2703/2703 1372/1372/1372
f 1463/1463/1463 509/509/509 1205/1205/1205
f 1463/1463/1463 1205/1205/1205 2703/2703/2703
f 484/484/484 466/466/466 1196/1196/1196
f 484/484/484 1196/1196/1196 1372/1372/1372
f 498/498/498 1449/1449/1449 2704/2704/2704
f 498/498/498 2704/2704/2704 1447/1447/1447
f 1449/1449/1449 496/496/496 1233/1233/1233
f 1449/1449/1449 1233/1233/1233 2704/2704/2704
f 1993/1993/1993 1990/1990/1990 1967/1967/1967
f 1993/1993/1993 1967/1967/1967 3161/3161/3161
f 1100/1100/1100 2450/2450/2450 3333/3333/3333
f 1100/1100/1100 3333/3333/3333 2420/2420/2420
f 414/414/414 416/416/416 1395/1395/1395
f 414/414/414 1395/1395/1395 401/401/401
f 426/426/426 1454/1454/1454 1409/1409/1409
f 426/426/426 1409/1409/1409 424/424/424
f 2705/2705/2705 1444/1444/1444 508/508/508
f 2705/2705/2705 508/508/508 1485/1485/1485
f 1425/1425/1425 2705/2705/2705 1485/1485/1485
f 1425/1425/1425 1485/1485/1485 497/497/497
f 3669/3669/3669 1497/1497/1497 2496/2496/2496
f 3669/3669/3669 2496/2496/2496 3670/3670/3670
f 406/406/406 413/413/413 1411/1411/1411
f 1370/1370/1370 1470/1470/1470 506/506/506
f 1370/1370/1370 506/506/506 514/514/514
f 455/455/455 1501/1501/1501 2677/2677/2677
f 455/455/455 2677/2677/2677 1410/1410/1410
f 1508/1508/1508 429/429/429 425/425/425
f 427/427/427 1806/1806/1806 1807/1807/1807
f 427/427/427 1807/1807/1807 422/422/422
f 1413/1413/1413 510/510/510 1464/1464/1464
f 1445/1445/1445 1413/1413/1413 1464/1464/1464
f 1445/1445/1445 1464/1464/1464 512/512/512
f 401/401/401 1395/1395/1395 1370/1370/1370
f 401/401/401 1370/1370/1370 2708/2708/2708
f 1422/1422/1422 1445/1445/1445 512/512/512
f 1422/1422/1422 512/512/512 504/504/504
f 2806/2806/2806 2807/2807/2807 1626/1626/1626
f 2806/2806/2806 1626/1626/1626 1744/1744/1744
f 416/416/416 2706/2706/2706 1405/1405/1405
f 416/416/416 414/414/414 1419/1419/1419
f 416/416/416 1419/1419/1419 2706/2706/2706
f 2706/2706/2706 1419/1419/1419 483/483/483
f 2706/2706/2706 483/483/483 1386/1386/1386
f 1405/1405/1405 2706/2706/2706 1386/1386/1386
f 1405/1405/1405 1386/1386/1386 480/480/480
f 412/412/412 2707/2707/2707 1469/1469/1469
f 412/412/412 419/419/419 1360/1360/1360
f 412/412/412 1360/1360/1360 2707/2707/2707
f 2707/2707/2707 1360/1360/1360 450/450/450
f 2707/2707/2707 450/450/450 1416/1416/1416
f 1469/1469/1469 2707/2707/2707 1416/1416/1416
f 1469/1469/1469 1416/1416/1416 470/470/470
f 418/418/418 406/406/406 1411/1411/1411
f 418/418/418 1411/1411/1411 1448/1448/1448
f 1448/1448/1448 1411/1411/1411 404/404/404
f 1448/1448/1448 404/404/404 421/421/421
f 401/401/401 2708/2708/2708 1468/1468/1468
f 2720/2720/2720 1446/1446/1446 468/468/468
f 2720/2720/2720 468/468/468 1492/1492/1492
f 1468/1468/1468 2708/2708/2708 1376/1376/1376
f 1468/1468/1468 1376/1376/1376 502/502/502
f 2708/2708/2708 1370/1370/1370 514/514/514
f 2708/2708/2708 514/514/514 1376/1376/1376
f 430/430/430 429/429/429 437/437/437
f 430/430/430 437/437/437 439/439/439
f 401/401/401 2709/2709/2709 1444/1444/1444
f 401/401/401 1468/1468/1468 2709/2709/2709
f 2709/2709/2709 1468/1468/1468 502/502/502
f 2709/2709/2709 502/502/502 1458/1458/1458
f 1444/1444/1444 2709/2709/2709 1458/1458/1458
f 1444/1444/1444 1458/1458/1458 508/508/508
f 425/425/425 426/426/426 2710/2710/2710
f 425/425/425 2710/2710/2710 1439/1439/1439
f 426/426/426 1455/1455/1455 2710/2710/2710
f 2710/2710/2710 1455/1455/1455 495/495/495
f 2710/2710/2710 495/495/495 1483/1483/1483
f 1439/1439/1439 2710/2710/2710 1483/1483/1483
f 1439/1439/1439 1483/1483/1483 493/493/493
f 453/453/453 1183/1183/1183 2757/2757/2757
f 453/453/453 2757/2757/2757 1461/1461/1461
f 1434/1434/1434 2727/2727/2727 1505/1505/1505
f 1434/1434/1434 1505/1505/1505 482/482/482
f 1875/1875/1875 3055/3055/3055 3449/3449/3449
f 1875/1875/1875 3449/3449/3449 3009/3009/3009
f 3015/3015/3015 1902/1902/1902 3046/3046/3046
f 3015/3015/3015 3046/3046/3046 3461/3461/3461
f 3453/3453/3453 2985/2985/2985 1878/1878/1878
f 3453/3453/3453 1878/1878/1878 3013/3013/3013
f 3634/3634/3634 3608/3608/3608 3610/3610/3610
f 3634/3634/3634 3610/3610/3610 3635/3635/3635
f 3294/3294/3294 3261/3261/3261 2139/2139/2139
f 3294/3294/3294 2139/2139/2139 2251/2251/2251
f 3011/3011/3011 3451/3451/3451 3003/3003/3003
f 3011/3011/3011 3003/3003/3003 1895/1895/1895
f 2020/2020/2020 2406/2406/2406 3346/3346/3346
f 2020/2020/2020 3346/3346/3346 3224/3224/3224
f 3204/3204/3204 2010/2010/2010 3201/3201/3201
f 2606/2606/2606 1114/1114/1114 2595/2595/2595
f 2606/2606/2606 2595/2595/2595 3384/3384/3384
f 3174/3174/3174 2009/2009/2009 3652/3652/3652
f 3174/3174/3174 3652/3652/3652 3665/3665/3665
f 3463/3463/3463 3049/3049/3049 1919/1919/1919
f 2729/2729/2729 3420/3420/3420 2689/2689/2689
f 2729/2729/2729 2689/2689/2689 1160/1160/1160
f 3014/3014/3014 1880/1880/1880 2992/2992/2992
f 3014/3014/3014 2992/2992/2992 3456/3456/3456
f 3649/3649/3649 1970/1970/1970 3164/3164/3164
f 3649/3649/3649 3164/3164/3164 3662/3662/3662
f 3454/3454/3454 2987/2987/2987 1884/1884/1884
f 3454/3454/3454 1884/1884/1884 3016/3016/3016
f 3455/3455/3455 2989/2989/2989 556/556/556
f 3455/3455/3455 556/556/556 1567/1567/1567
f 3457/3457/3457 2994/2994/2994 1888/1888/1888
f 3457/3457/3457 1888/1888/1888 3018/3018/3018
f 2638/2638/2638 1847/1847/1847 1839/1839/1839
f 2638/2638/2638 1839/1839/1839 2785/2785/2785
f 3442/3442/3442 3005/3005/3005 1879/1879/1879
f 3442/3442/3442 1879/1879/1879 2986/2986/2986
f 3293/3293/3293 3583/3583/3583 2252/2252/2252
f 3293/3293/3293 2252/2252/2252 2140/2140/2140
f 3567/3567/3567 3617/3617/3617 3615/3615/3615
f 3567/3567/3567 3615/3615/3615 3062/3062/3062
f 3284/3284/3284 2211/2211/2211 2253/2253/2253
f 3284/3284/3284 2253/2253/2253 3301/3301/3301
f 590/590/590 3627/3627/3627 3628/3628/3628
f 3435/3435/3435 2753/2753/2753 1835/1835/1835
f 3435/3435/3435 1835/1835/1835 2783/2783/2783
f 299/299/299 2440/2440/2440 3321/3321/3321
f 299/299/299 3321/3321/3321 1192/1192/1192
f 2827/2827/2827 1154/1154/1154 1158/1158/1158
f 2692/2692/2692 2759/2759/2759 1843/1843/1843
f 713/713/713 3479/3479/3479 3666/3666/3666
f 713/713/713 3666/3666/3666 3199/3199/3199
f 2152/2152/2152 235/235/235 2137/2137/2137
f 2152/2152/2152 2137/2137/2137 3313/3313/3313
f 3459/3459/3459 2998/2998/2998 1892/1892/1892
f 3459/3459/3459 1892/1892/1892 3020/3020/3020
f 2583/2583/2583 1116/1116/1116 761/761/761
f 2583/2583/2583 761/761/761 2398/2398/2398
f 3524/3524/3524 3067/3067/3067 3068/3068/3068
f 3524/3524/3524 3068/3068/3068 3526/3526/3526
f 1510/1510/1510 500/500/500 2976/2976/2976
f 1510/1510/1510 2976/2976/2976 3441/3441/3441
f 1155/1155/1155 3436/3436/3436 2750/2750/2750
f 3013/3013/3013 1868/1868/1868 3030/3030/3030
f 3013/3013/3013 3030/3030/3030 3453/3453/3453
f 3452/3452/3452 2983/2983/2983 1880/1880/1880
f 3452/3452/3452 1880/1880/1880 3014/3014/3014
f 2771/2771/2771 1133/1133/1133 3209/3209/3209
f 2771/2771/2771 3209/3209/3209 3465/3465/3465
f 1092/1092/1092 2572/2572/2572 3331/3331/3331
f 1092/1092/1092 3331/3331/3331 2401/2401/2401
f 2180/2180/2180 248/248/248 2160/2160/2160
f 2180/2180/2180 2160/2160/2160 3269/3269/3269
f 3461/3461/3461 3002/3002/3002 1882/1882/1882
f 3461/3461/3461 1882/1882/1882 3015/3015/3015
f 3314/3314/3314 2126/2126/2126 2148/2148/2148
f 3314/3314/3314 2148/2148/2148 3288/3288/3288
f 2185/2185/2185 255/255/255 2171/2171/2171
f 2185/2185/2185 2171/2171/2171 3295/3295/3295
f 3655/3655/3655 3664/3664/3664 3172/3172/3172
f 3655/3655/3655 3172/3172/3172 1980/1980/1980
f 3028/3028/3028 1868/1868/1868 3013/3013/3013
f 3028/3028/3028 3013/3013/3013 3452/3452/3452
f 3274/3274/3274 2203/2203/2203 2192/2192/2192
f 3274/3274/3274 2192/2192/2192 2193/2193/2193
f 1908/1908/1908 3040/3040/3040 3458/3458/3458
f 1908/1908/1908 3458/3458/3458 3019/3019/3019
f 3019/3019/3019 1890/1890/1890 2998/2998/2998
f 3019/3019/3019 2998/2998/2998 3459/3459/3459
f 2643/2643/2643 3438/3438/3438 2740/2740/2740
f 2643/2643/2643 2740/2740/2740 1846/1846/1846
f 2976/2976/2976 1361/1361/1361 1864/1864/1864
f 301/301/301 2439/2439/2439 3351/3351/3351
f 301/301/301 3351/3351/3351 1195/1195/1195
f 3122/3122/3122 2021/2021/2021 167/167/167
f 3122/3122/3122 167/167/167 3087/3087/3087
f 3467/3467/3467 3143/3143/3143 3069/3069/3069
f 3467/3467/3467 3069/3069/3069 3483/3483/3483
f 261/261/261 2191/2191/2191 2161/2161/2161
f 261/261/261 2161/2161/2161 249/249/249
f 2139/2139/2139 3261/3261/3261 2178/2178/2178
f 2139/2139/2139 2178/2178/2178 234/234/234
f 1991/1991/1991 3648/3648/3648 3661/3661/3661
f 1991/1991/1991 3661/3661/3661 3162/3162/3162
f 2982/2982/2982 3444/3444/3444 2990/2990/2990
f 2982/2982/2982 2990/2990/2990 1885/1885/1885
f 3460/3460/3460 3000/3000/3000 1894/1894/1894
f 3460/3460/3460 1894/1894/1894 3021/3021/3021
f 3434/3434/3434 2644/2644/2644 1847/1847/1847
f 3434/3434/3434 1847/1847/1847 2638/2638/2638
f 3448/3448/3448 3009/3009/3009 1891/1891/1891
f 3448/3448/3448 1891/1891/1891 2997/2997/2997
f 2193/2193/2193 2192/2192/2192 2162/2162/2162
f 2193/2193/2193 2162/2162/2162 2164/2164/2164
f 3449/3449/3449 3010/3010/3010 1893/1893/1893
f 3449/3449/3449 1893/1893/1893 2999/2999/2999
f 1956/1956/1956 3145/3145/3145 3656/3656/3656
f 1956/1956/1956 3656/3656/3656 3645/3645/3645
f 466/466/466 2372/2372/2372 2737/2737/2737
f 466/466/466 2737/2737/2737 486/486/486
f 174/174/174 2041/2041/2041 3252/3252/3252
f 174/174/174 3252/3252/3252 2097/2097/2097
f 2069/2069/2069 3242/3242/3242 2083/2083/2083
f 2069/2069/2069 2083/2083/2083 207/207/207
f 202/202/202 2092/2092/2092 3232/3232/3232
f 202/202/202 3232/3232/3232 2022/2022/2022
f 1648/1648/1648 3490/3490/3490 3079/3079/3079
f 1648/1648/1648 3079/3079/3079 615/615/615
f 2189/2189/2189 259/259/259 244/244/244
f 2189/2189/2189 244/244/244 2156/2156/2156
f 571/571/571 592/592/592 598/598/598
f 571/571/571 598/598/598 593/593/593
f 411/411/411 405/405/405 2716/2716/2716
f 411/411/411 2716/2716/2716 1427/1427/1427
f 405/405/405 1509/1509/1509 2716/2716/2716
f 2716/2716/2716 1509/1509/1509 454/454/454
f 2716/2716/2716 454/454/454 1462/1462/1462
f 1427/1427/1427 2716/2716/2716 1462/1462/1462
f 1427/1427/1427 1462/1462/1462 461/461/461
f 2107/2107/2107 2244/2244/2244 283/283/283
f 2107/2107/2107 283/283/283 217/217/217
f 2235/2235/2235 3257/3257/3257 2247/2247/2247
f 2235/2235/2235 2247/2247/2247 287/287/287
f 1717/1717/1717 3518/3518/3518 3118/3118/3118
f 1717/1717/1717 3118/3118/3118 658/658/658
f 658/658/658 3118/3118/3118 3105/3105/3105
f 658/658/658 3105/3105/3105 647/647/647
f 3490/3490/3490 3084/3084/3084 1928/1928/1928
f 3490/3490/3490 1928/1928/1928 3079/3079/3079
f 2417/2417/2417 3321/3321/3321 2440/2440/2440
f 2417/2417/2417 2440/2440/2440 771/771/771
f 3122/3122/3122 201/201/201 2021/2021/2021
f 612/612/612 3091/3091/3091 3493/3493/3493
f 612/612/612 3493/3493/3493 1662/1662/1662
f 3057/3057/3057 1915/1915/1915 3012/3012/3012
f 3057/3057/3057 3012/3012/3012 3451/3451/3451
f 288/288/288 3293/3293/3293 2152/2152/2152
f 288/288/288 2152/2152/2152 214/214/214
f 2140/2140/2140 235/235/235 2152/2152/2152
f 2140/2140/2140 2152/2152/2152 3293/3293/3293
f 304/304/304 1612/1612/1612 3462/3462/3462
f 1412/1412/1412 1467/1467/1467 518/518/518
f 1412/1412/1412 518/518/518 1400/1400/1400
f 1412/1412/1412 1400/1400/1400 516/516/516
f 400/400/400 428/428/428 1508/1508/1508
f 400/400/400 1508/1508/1508 1398/1398/1398
f 1398/1398/1398 1508/1508/1508 425/425/425
f 1398/1398/1398 425/425/425 405/405/405
f 1495/1495/1495 484/484/484 1372/1372/1372
f 1495/1495/1495 1372/1372/1372 2703/2703/2703
f 463/463/463 1495/1495/1495 2703/2703/2703
f 463/463/463 2703/2703/2703 1205/1205/1205
f 1404/1404/1404 1414/1414/1414 419/419/419
f 1404/1404/1404 419/419/419 412/412/412
f 2201/2201/2201 3274/3274/3274 2193/2193/2193
f 2201/2201/2201 2193/2193/2193 2194/2194/2194
f 501/501/501 1375/1375/1375 2720/2720/2720
f 501/501/501 2720/2720/2720 1369/1369/1369
f 1375/1375/1375 513/513/513 1446/1446/1446
f 1375/1375/1375 1446/1446/1446 2720/2720/2720
f 286/286/286 2246/2246/2246 2110/2110/2110
f 286/286/286 2110/2110/2110 216/216/216
f 3051/3051/3051 1917/1917/1917 3006/3006/3006
f 3051/3051/3051 3006/3006/3006 3445/3445/3445
f 3551/3551/3551 2387/2387/2387 740/740/740
f 3551/3551/3551 740/740/740 2386/2386/2386
f 1933/1933/1933 3135/3135/3135 3538/3538/3538
f 1933/1933/1933 3538/3538/3538 3115/3115/3115
f 3244/3244/3244 2066/2066/2066 204/204/204
f 3244/3244/3244 204/204/204 2089/2089/2089
f 3023/3023/3023 1872/1872/1872 1870/1870/1870
f 3023/3023/3023 1870/1870/1870 3053/3053/3053
f 3349/3349/3349 1188/1188/1188 295/295/295
f 3349/3349/3349 295/295/295 2437/2437/2437
f 1866/1866/1866 3032/3032/3032 3454/3454/3454
f 1866/1866/1866 3454/3454/3454 3016/3016/3016
f 590/590/590 3630/3630/3630 3631/3631/3631
f 1846/1846/1846 2740/2740/2740 2737/2737/2737
f 1846/1846/1846 2737/2737/2737 1838/1838/1838
f 3497/3497/3497 3098/3098/3098 1937/1937/1937
f 3497/3497/3497 1937/1937/1937 3097/3097/3097
f 2088/2088/2088 205/205/205 2077/2077/2077
f 2088/2088/2088 2077/2077/2077 3291/3291/3291
f 3093/3093/3093 1934/1934/1934 3096/3096/3096
f 3093/3093/3093 3096/3096/3096 3494/3494/3494
f 283/283/283 281/281/281 2109/2109/2109
f 283/283/283 2109/2109/2109 217/217/217
f 2725/2725/2725 2610/2610/2610 3368/3368/3368
f 2725/2725/2725 3368/3368/3368 3407/3407/3407
f 1940/1940/1940 3136/3136/3136 3137/3137/3137
f 1940/1940/1940 3137/3137/3137 1934/1934/1934
f 2194/2194/2194 2193/2193/2193 2164/2164/2164
f 2194/2194/2194 2164/2164/2164 2166/2166/2166
f 3410/3410/3410 3400/3400/3400 3402/3402/3402
f 3410/3410/3410 3402/3402/3402 3549/3549/3549
f 269/269/269 2212/2212/2212 2112/2112/2112
f 269/269/269 2112/2112/2112 225/225/225
f 3487/3487/3487 3067/3067/3067 3075/3075/3075
f 3487/3487/3487 3075/3075/3075 3317/3317/3317
f 2681/2681/2681 1141/1141/1141 1148/1148/1148
f 2681/2681/2681 1148/1148/1148 2693/2693/2693
f 457/457/457 2789/2789/2789 3395/3395/3395
f 457/457/457 3395/3395/3395 1498/1498/1498
f 2980/2980/2980 3412/3412/3412 2373/2373/2373
f 2980/2980/2980 2373/2373/2373 1162/1162/1162
f 2375/2375/2375 769/769/769 1120/1120/1120
f 2375/2375/2375 1120/1120/1120 2570/2570/2570
f 2028/2028/2028 2038/2038/2038 3232/3232/3232
f 2028/2028/2028 3232/3232/3232 3249/3249/3249
f 3337/3337/3337 2569/2569/2569 760/760/760
f 3337/3337/3337 760/760/760 2393/2393/2393
f 3147/3147/3147 1955/1955/1955 3178/3178/3178
f 3147/3147/3147 3178/3178/3178 3551/3551/3551
f 294/294/294 2378/2378/2378 3326/3326/3326
f 294/294/294 3326/3326/3326 1186/1186/1186
f 515/515/515 1399/1399/1399 2734/2734/2734
f 515/515/515 2734/2734/2734 1481/1481/1481
f 1399/1399/1399 517/517/517 1513/1513/1513
f 1399/1399/1399 1513/1513/1513 2734/2734/2734
f 1411/1411/1411 2735/2735/2735 1479/1479/1479
f 1411/1411/1411 1479/1479/1479 415/415/415
f 2735/2735/2735 1425/1425/1425 497/497/497
f 2735/2735/2735 497/497/497 1450/1450/1450
f 1479/1479/1479 2735/2735/2735 1450/1450/1450
f 1479/1479/1479 1450/1450/1450 499/499/499
f 1914/1914/1914 3057/3057/3057 3451/3451/3451
f 1914/1914/1914 3451/3451/3451 3011/3011/3011
f 3513/3513/3513 3113/3113/3113 1943/1943/1943
f 3513/3513/3513 1943/1943/1943 3112/3112/3112
f 1361/1361/1361 2979/2979/2979 751/751/751
f 1361/1361/1361 751/751/751 3202/3202/3202
f 3632/3632/3632 3604/3604/3604 3606/3606/3606
f 3632/3632/3632 3606/3606/3606 3633/3633/3633
f 526/526/526 311/311/311 315/315/315
f 526/526/526 315/315/315 524/524/524
f 3644/3644/3644 1950/1950/1950 1954/1954/1954
f 3644/3644/3644 1954/1954/1954 3643/3643/3643
f 3439/3439/3439 1499/1499/1499 456/456/456
f 3439/3439/3439 456/456/456 2969/2969/2969
f 2054/2054/2054 3519/3519/3519 3121/3121/3121
f 2054/2054/2054 3121/3121/3121 171/171/171
f 1147/1147/1147 3416/3416/3416 2717/2717/2717
f 2068/2068/2068 3243/3243/3243 2088/2088/2088
f 2068/2068/2068 2088/2088/2088 206/206/206
f 3431/3431/3431 2794/2794/2794 1841/1841/1841
f 3431/3431/3431 1841/1841/1841 2738/2738/2738
f 3425/3425/3425 2616/2616/2616 2614/2614/2614
f 3425/3425/3425 2614/2614/2614 3381/3381/3381
f 3106/3106/3106 1942/1942/1942 3107/3107/3107
f 3106/3106/3106 3107/3107/3107 3510/3510/3510
f 3074/3074/3074 1920/1920/1920 3113/3113/3113
f 3074/3074/3074 3113/3113/3113 3513/3513/3513
f 1901/1901/1901 3210/3210/3210 3575/3575/3575
f 1901/1901/1901 3575/3575/3575 3029/3029/3029
f 2231/2231/2231 3259/3259/3259 2149/2149/2149
f 2231/2231/2231 2149/2149/2149 2229/2229/2229
f 182/182/182 2049/2049/2049 3243/3243/3243
f 182/182/182 3243/3243/3243 2068/2068/2068
f 2701/2701/2701 1161/1161/1161 2981/2981/2981
f 2701/2701/2701 2981/2981/2981 3563/3563/3563
f 1132/1132/1132 1144/1144/1144 2690/2690/2690
f 1167/1167/1167 2973/2973/2973 2972/2972/2972
f 1167/1167/1167 2972/2972/2972 1165/1165/1165
f 3400/3400/3400 2721/2721/2721 2620/2620/2620
f 3400/3400/3400 2620/2620/2620 3402/3402/3402
f 2102/2102/2102 3238/3238/3238 2059/2059/2059
f 2102/2102/2102 2059/2059/2059 196/196/196
f 3040/3040/3040 1906/1906/1906 3018/3018/3018
f 3040/3040/3040 3018/3018/3018 3458/3458/3458
f 1198/1198/1198 434/434/434 1515/1515/1515
f 1198/1198/1198 1515/1515/1515 2748/2748/2748
f 2748/2748/2748 1515/1515/1515 527/527/527
f 2748/2748/2748 527/527/527 1520/1520/1520
f 2228/2228/2228 230/230/230 2128/2128/2128
f 2228/2228/2228 2128/2128/2128 3312/3312/3312
f 2224/2224/2224 3285/3285/3285 3286/3286/3286
f 2224/2224/2224 3286/3286/3286 2225/2225/2225
f 3512/3512/3512 3111/3111/3111 1942/1942/1942
f 3512/3512/3512 1942/1942/1942 3106/3106/3106
f 3112/3112/3112 1943/1943/1943 3116/3116/3116
f 3112/3112/3112 3116/3116/3116 3516/3516/3516
f 2078/2078/2078 3291/3291/3291 2241/2241/2241
f 2078/2078/2078 2241/2241/2241 277/277/277
f 500/500/500 1520/1520/1520 458/458/458
f 500/500/500 458/458/458 487/487/487
f 1520/1520/1520 527/527/527 458/458/458
f 3571/3571/3571 3601/3601/3601 3589/3589/3589
f 3571/3571/3571 3589/3589/3589 3210/3210/3210
f 1141/1141/1141 2784/2784/2784 3433/3433/3433
f 2195/2195/2195 262/262/262 252/252/252
f 2195/2195/2195 252/252/252 2169/2169/2169
f 2051/2051/2051 177/177/177 2066/2066/2066
f 2051/2051/2051 2066/2066/2066 3244/3244/3244
f 3216/3216/3216 3214/3214/3214 2218/2218/2218
f 3216/3216/3216 2218/2218/2218 1947/1947/1947
f 436/436/436 441/441/441 1519/1519/1519
f 436/436/436 1519/1519/1519 1516/1516/1516
f 1516/1516/1516 1519/1519/1519 526/526/526
f 1516/1516/1516 526/526/526 524/524/524
f 524/524/524 315/315/315 305/305/305
f 524/524/524 305/305/305 523/523/523
f 463/463/463 2380/2380/2380 3429/3429/3429
f 463/463/463 3429/3429/3429 1495/1495/1495
f 2785/2785/2785 1839/1839/1839 1837/1837/1837
f 2785/2785/2785 1837/1837/1837 2712/2712/2712
f 3405/3405/3405 3383/3383/3383 2463/2463/2463
f 3405/3405/3405 2463/2463/2463 2628/2628/2628
f 2977/2977/2977 1864/1864/1864 1361/1361/1361
f 2977/2977/2977 1361/1361/1361 3202/3202/3202
f 3267/3267/3267 2173/2173/2173 255/255/255
f 3267/3267/3267 255/255/255 2185/2185/2185
f 1994/1994/1994 3646/3646/3646 3660/3660/3660
f 1994/1994/1994 3660/3660/3660 3159/3159/3159
f 3048/3048/3048 3444/3444/3444 2982/2982/2982
f 3048/3048/3048 2982/2982/2982 1877/1877/1877
f 2222/2222/2222 272/272/272 2253/2253/2253
f 2222/2222/2222 2253/2253/2253 3260/3260/3260
f 3535/3535/3535 3133/3133/3133 183/183/183
f 3535/3535/3535 183/183/183 2048/2048/2048
f 1658/1658/1658 3492/3492/3492 3085/3085/3085
f 1658/1658/1658 3085/3085/3085 622/622/622
f 1811/1811/1811 2892/2892/2892 2904/2904/2904
f 1811/1811/1811 2904/2904/2904 2906/2906/2906
f 2891/2891/2891 1618/1618/1618 2933/2933/2933
f 2891/2891/2891 2933/2933/2933 2935/2935/2935
f 1603/1603/1603 2760/2760/2760 1550/1550/1550
f 1603/1603/1603 1550/1550/1550 597/597/597
f 1551/1551/1551 550/550/550 1531/1531/1531
f 1551/1551/1551 1531/1531/1531 2760/2760/2760
f 2760/2760/2760 1531/1531/1531 546/546/546
f 2760/2760/2760 546/546/546 1550/1550/1550
f 542/542/542 1602/1602/1602 2761/2761/2761
f 542/542/542 2761/2761/2761 1527/1527/1527
f 3136/3136/3136 213/213/213 2098/2098/2098
f 1561/1561/1561 553/553/553 1533/1533/1533
f 1561/1561/1561 1533/1533/1533 2761/2761/2761
f 2761/2761/2761 1533/1533/1533 555/555/555
f 2761/2761/2761 555/555/555 1527/1527/1527
f 595/595/595 1551/1551/1551 2760/2760/2760
f 595/595/595 2760/2760/2760 1603/1603/1603
f 1786/1786/1786 535/535/535 1577/1577/1577
f 1786/1786/1786 1577/1577/1577 2871/2871/2871
f 1578/1578/1578 569/569/569 1785/1785/1785
f 1578/1578/1578 1785/1785/1785 2870/2870/2870
f 1619/1619/1619 2891/2891/2891 2935/2935/2935
f 1619/1619/1619 2935/2935/2935 2937/2937/2937
f 2890/2890/2890 1617/1617/1617 2929/2929/2929
f 2890/2890/2890 2929/2929/2929 2931/2931/2931
f 1618/1618/1618 2890/2890/2890 2931/2931/2931
f 1618/1618/1618 2931/2931/2931 2933/2933/2933
f 2889/2889/2889 1614/1614/1614 2925/2925/2925
f 2889/2889/2889 2925/2925/2925 2927/2927/2927
f 1617/1617/1617 2889/2889/2889 2927/2927/2927
f 1617/1617/1617 2927/2927/2927 2929/2929/2929
f 2888/2888/2888 1811/1811/1811 2906/2906/2906
f 2888/2888/2888 2906/2906/2906 2923/2923/2923
f 1614/1614/1614 2888/2888/2888 2923/2923/2923
f 1614/1614/1614 2923/2923/2923 2925/2925/2925
f 2887/2887/2887 1620/1620/1620 2916/2916/2916
f 2887/2887/2887 2916/2916/2916 2918/2918/2918
f 1602/1602/1602 1561/1561/1561 2761/2761/2761
f 1527/1527/1527 555/555/555 1535/1535/1535
f 1527/1527/1527 1535/1535/1535 2762/2762/2762
f 2762/2762/2762 1535/1535/1535 557/557/557
f 2762/2762/2762 557/557/557 1553/1553/1553
f 1615/1615/1615 2887/2887/2887 2918/2918/2918
f 1615/1615/1615 2918/2918/2918 2920/2920/2920
f 2886/2886/2886 1621/1621/1621 2912/2912/2912
f 2886/2886/2886 2912/2912/2912 2914/2914/2914
f 1620/1620/1620 2886/2886/2886 2914/2914/2914
f 1620/1620/1620 2914/2914/2914 2916/2916/2916
f 2885/2885/2885 1812/1812/1812 2941/2941/2941
f 2885/2885/2885 2941/2941/2941 2943/2943/2943
f 1796/1796/1796 536/536/536 1576/1576/1576
f 1796/1796/1796 1576/1576/1576 2878/2878/2878
f 1577/1577/1577 534/534/534 1784/1784/1784
f 1577/1577/1577 1784/1784/1784 2871/2871/2871
f 1793/1793/1793 537/537/537 1575/1575/1575
f 1793/1793/1793 1575/1575/1575 2879/2879/2879
f 1576/1576/1576 535/535/535 1786/1786/1786
f 1576/1576/1576 1786/1786/1786 2878/2878/2878
f 1792/1792/1792 541/541/541 1536/1536/1536
f 1792/1792/1792 1536/1536/1536 2875/2875/2875
f 1575/1575/1575 536/536/536 1796/1796/1796
f 1575/1575/1575 1796/1796/1796 2879/2879/2879
f 1573/1573/1573 539/539/539 1549/1549/1549
f 1573/1573/1573 1549/1549/1549 2874/2874/2874
f 1536/1536/1536 537/537/537 1793/1793/1793
f 1536/1536/1536 1793/1793/1793 2875/2875/2875
f 1630/1630/1630 3072/3072/3072 1742/1742/1742
f 1785/1785/1785 569/569/569 1579/1579/1579
f 1785/1785/1785 1579/1579/1579 2872/2872/2872
f 1549/1549/1549 541/541/541 1792/1792/1792
f 1549/1549/1549 1792/1792/1792 2874/2874/2874
f 1604/1604/1604 2763/2763/2763 1555/1555/1555
f 1604/1604/1604 1555/1555/1555 594/594/594
f 1550/1550/1550 546/546/546 1529/1529/1529
f 1550/1550/1550 1529/1529/1529 2763/2763/2763
f 2763/2763/2763 1529/1529/1529 548/548/548
f 2763/2763/2763 548/548/548 1555/1555/1555
f 543/543/543 1601/1601/1601 2762/2762/2762
f 543/543/543 2762/2762/2762 1553/1553/1553
f 1605/1605/1605 2764/2764/2764 1556/1556/1556
f 1605/1605/1605 1556/1556/1556 528/528/528
f 1555/1555/1555 548/548/548 1538/1538/1538
f 1555/1555/1555 1538/1538/1538 2764/2764/2764
f 2764/2764/2764 1538/1538/1538 560/560/560
f 2764/2764/2764 560/560/560 1556/1556/1556
f 597/597/597 1550/1550/1550 2763/2763/2763
f 597/597/597 2763/2763/2763 1604/1604/1604
f 1606/1606/1606 2765/2765/2765 1557/1557/1557
f 1606/1606/1606 1557/1557/1557 533/533/533
f 1556/1556/1556 560/560/560 1540/1540/1540
f 1556/1556/1556 1540/1540/1540 2765/2765/2765
f 2765/2765/2765 1540/1540/1540 562/562/562
f 2765/2765/2765 562/562/562 1557/1557/1557
f 594/594/594 1555/1555/1555 2764/2764/2764
f 594/594/594 2764/2764/2764 1605/1605/1605
f 1607/1607/1607 2766/2766/2766 1558/1558/1558
f 1607/1607/1607 1558/1558/1558 538/538/538
f 1557/1557/1557 562/562/562 1542/1542/1542
f 1557/1557/1557 1542/1542/1542 2766/2766/2766
f 2766/2766/2766 1542/1542/1542 564/564/564
f 2766/2766/2766 564/564/564 1558/1558/1558
f 528/528/528 1556/1556/1556 2765/2765/2765
f 528/528/528 2765/2765/2765 1606/1606/1606
f 1608/1608/1608 2767/2767/2767 1559/1559/1559
f 1608/1608/1608 1559/1559/1559 572/572/572
f 1558/1558/1558 564/564/564 1544/1544/1544
f 1558/1558/1558 1544/1544/1544 2767/2767/2767
f 2767/2767/2767 1544/1544/1544 566/566/566
f 2767/2767/2767 566/566/566 1559/1559/1559
f 533/533/533 1557/1557/1557 2766/2766/2766
f 533/533/533 2766/2766/2766 1607/1607/1607
f 1609/1609/1609 2768/2768/2768 1560/1560/1560
f 1609/1609/1609 1560/1560/1560 591/591/591
f 1559/1559/1559 566/566/566 1546/1546/1546
f 1559/1559/1559 1546/1546/1546 2768/2768/2768
f 2768/2768/2768 1546/1546/1546 568/568/568
f 2768/2768/2768 568/568/568 1560/1560/1560
f 538/538/538 1558/1558/1558 2767/2767/2767
f 538/538/538 2767/2767/2767 1608/1608/1608
f 1610/1610/1610 2769/2769/2769 1561/1561/1561
f 1610/1610/1610 1561/1561/1561 592/592/592
f 1560/1560/1560 568/568/568 1548/1548/1548
f 1560/1560/1560 1548/1548/1548 2769/2769/2769
f 2769/2769/2769 1548/1548/1548 553/553/553
f 2769/2769/2769 553/553/553 1561/1561/1561
f 572/572/572 1559/1559/1559 2768/2768/2768
f 572/572/572 2768/2768/2768 1609/1609/1609
f 2032/2032/2032 2034/2034/2034 3527/3527/3527
f 2032/2032/2032 3527/3527/3527 3529/3529/3529
f 2248/2248/2248 260/260/260 246/246/246
f 2248/2248/2248 246/246/246 2249/2249/2249
f 2772/2772/2772 1563/1563/1563 547/547/547
f 2772/2772/2772 547/547/547 1528/1528/1528
f 1562/1562/1562 2772/2772/2772 1528/1528/1528
f 1562/1562/1562 1528/1528/1528 545/545/545
f 2773/2773/2773 1562/1562/1562 545/545/545
f 2773/2773/2773 545/545/545 1530/1530/1530
f 1564/1564/1564 2773/2773/2773 1530/1530/1530
f 1564/1564/1564 1530/1530/1530 549/549/549
f 2774/2774/2774 1566/1566/1566 554/554/554
f 2774/2774/2774 554/554/554 1532/1532/1532
f 1565/1565/1565 2774/2774/2774 1532/1532/1532
f 1565/1565/1565 1532/1532/1532 552/552/552
f 2775/2775/2775 1567/1567/1567 556/556/556
f 2775/2775/2775 556/556/556 1534/1534/1534
f 1566/1566/1566 2775/2775/2775 1534/1534/1534
f 1566/1566/1566 1534/1534/1534 554/554/554
f 2776/2776/2776 1568/1568/1568 559/559/559
f 2776/2776/2776 559/559/559 1537/1537/1537
f 1563/1563/1563 2776/2776/2776 1537/1537/1537
f 1563/1563/1563 1537/1537/1537 547/547/547
f 2777/2777/2777 1569/1569/1569 561/561/561
f 2777/2777/2777 561/561/561 1539/1539/1539
f 1568/1568/1568 2777/2777/2777 1539/1539/1539
f 1568/1568/1568 1539/1539/1539 559/559/559
f 2778/2778/2778 1570/1570/1570 563/563/563
f 2778/2778/2778 563/563/563 1541/1541/1541
f 1569/1569/1569 2778/2778/2778 1541/1541/1541
f 1569/1569/1569 1541/1541/1541 561/561/561
f 2779/2779/2779 1571/1571/1571 565/565/565
f 2779/2779/2779 565/565/565 1543/1543/1543
f 1570/1570/1570 2779/2779/2779 1543/1543/1543
f 1570/1570/1570 1543/1543/1543 563/563/563
f 2780/2780/2780 1572/1572/1572 567/567/567
f 2780/2780/2780 567/567/567 1545/1545/1545
f 1571/1571/1571 2780/2780/2780 1545/1545/1545
f 1571/1571/1571 1545/1545/1545 565/565/565
f 2781/2781/2781 1565/1565/1565 552/552/552
f 2781/2781/2781 552/552/552 1547/1547/1547
f 1572/1572/1572 2781/2781/2781 1547/1547/1547
f 1572/1572/1572 1547/1547/1547 567/567/567
f 3246/3246/3246 2238/2238/2238 285/285/285
f 3246/3246/3246 285/285/285 2245/2245/2245
f 2221/2221/2221 3260/3260/3260 3302/3302/3302
f 2221/2221/2221 3302/3302/3302 2258/2258/2258
f 1788/1788/1788 570/570/570 1580/1580/1580
f 1788/1788/1788 1580/1580/1580 2877/2877/2877
f 1579/1579/1579 570/570/570 1788/1788/1788
f 1579/1579/1579 1788/1788/1788 2872/2872/2872
f 1782/1782/1782 1794/1794/1794 571/571/571
f 1782/1782/1782 571/571/571 593/593/593
f 1580/1580/1580 571/571/571 1794/1794/1794
f 1580/1580/1580 1794/1794/1794 2877/2877/2877
f 1562/1562/1562 2773/2773/2773 1583/1583/1583
f 1562/1562/1562 1583/1583/1583 531/531/531
f 1581/1581/1581 2772/2772/2772 1562/1562/1562
f 1581/1581/1581 1562/1562/1562 531/531/531
f 529/529/529 1566/1566/1566 2774/2774/2774
f 529/529/529 2774/2774/2774 1585/1585/1585
f 1583/1583/1583 2773/2773/2773 1564/1564/1564
f 1583/1583/1583 1564/1564/1564 717/717/717
f 577/577/577 1567/1567/1567 2775/2775/2775
f 577/577/577 2775/2775/2775 1587/1587/1587
f 1585/1585/1585 2774/2774/2774 1565/1565/1565
f 1585/1585/1585 1565/1565/1565 575/575/575
f 580/580/580 1568/1568/1568 2776/2776/2776
f 580/580/580 2776/2776/2776 1589/1589/1589
f 1587/1587/1587 2775/2775/2775 1566/1566/1566
f 1587/1587/1587 1566/1566/1566 529/529/529
f 582/582/582 1569/1569/1569 2777/2777/2777
f 582/582/582 2777/2777/2777 1591/1591/1591
f 1589/1589/1589 2776/2776/2776 1563/1563/1563
f 1589/1589/1589 1563/1563/1563 573/573/573
f 584/584/584 1570/1570/1570 2778/2778/2778
f 584/584/584 2778/2778/2778 1593/1593/1593
f 1591/1591/1591 2777/2777/2777 1568/1568/1568
f 1591/1591/1591 1568/1568/1568 580/580/580
f 586/586/586 1571/1571/1571 2779/2779/2779
f 586/586/586 2779/2779/2779 1595/1595/1595
f 1593/1593/1593 2778/2778/2778 1569/1569/1569
f 1593/1593/1593 1569/1569/1569 582/582/582
f 588/588/588 1572/1572/1572 2780/2780/2780
f 588/588/588 2780/2780/2780 1597/1597/1597
f 1595/1595/1595 2779/2779/2779 1570/1570/1570
f 1595/1595/1595 1570/1570/1570 584/584/584
f 1565/1565/1565 2781/2781/2781 1599/1599/1599
f 1565/1565/1565 1599/1599/1599 575/575/575
f 1597/1597/1597 2780/2780/2780 1571/1571/1571
f 1597/1597/1597 1571/1571/1571 586/586/586
f 279/279/279 2080/2080/2080 3241/3241/3241
f 279/279/279 3241/3241/3241 2239/2239/2239
f 1599/1599/1599 2781/2781/2781 1572/1572/1572
f 1599/1599/1599 1572/1572/1572 588/588/588
f 1621/1621/1621 2885/2885/2885 2943/2943/2943
f 1621/1621/1621 2943/2943/2943 2912/2912/2912
f 2884/2884/2884 1619/1619/1619 2937/2937/2937
f 2884/2884/2884 2937/2937/2937 2939/2939/2939
f 1812/1812/1812 2884/2884/2884 2939/2939/2939
f 1812/1812/1812 2939/2939/2939 2941/2941/2941
f 1904/1904/1904 3036/3036/3036 3456/3456/3456
f 1904/1904/1904 3456/3456/3456 3017/3017/3017
f 192/192/192 2103/2103/2103 3254/3254/3254
f 192/192/192 3254/3254/3254 2057/2057/2057
f 2578/2578/2578 3345/3345/3345 2384/2384/2384
f 2578/2578/2578 2384/2384/2384 1071/1071/1071
f 3148/3148/3148 1950/1950/1950 3644/3644/3644
f 3148/3148/3148 3644/3644/3644 3657/3657/3657
f 3327/3327/3327 1185/1185/1185 291/291/291
f 3327/3327/3327 291/291/291 2424/2424/2424
f 3092/3092/3092 1927/1927/1927 3130/3130/3130
f 3092/3092/3092 3130/3130/3130 3532/3532/3532
f 189/189/189 2055/2055/2055 3539/3539/3539
f 189/189/189 3539/3539/3539 3137/3137/3137
f 180/180/180 2051/2051/2051 3244/3244/3244
f 180/180/180 3244/3244/3244 2067/2067/2067
f 1077/1077/1077 1079/1079/1079 2407/2407/2407
f 1077/1077/1077 2407/2407/2407 2457/2457/2457
f 3190/3190/3190 3547/3547/3547 3144/3144/3144
f 3190/3190/3190 3144/3144/3144 3194/3194/3194
f 2251/2251/2251 2142/2142/2142 3295/3295/3295
f 2251/2251/2251 3295/3295/3295 3294/3294/3294
f 2684/2684/2684 1502/1502/1502 2653/2653/2653
f 2684/2684/2684 2653/2653/2653 3432/3432/3432
f 3371/3371/3371 3360/3360/3360 2587/2587/2587
f 3371/3371/3371 2587/2587/2587 2676/2676/2676
f 3242/3242/3242 2068/2068/2068 206/206/206
f 3242/3242/3242 206/206/206 2083/2083/2083
f 1842/1842/1842 2380/2380/2380 3428/3428/3428
f 1842/1842/1842 3428/3428/3428 2754/2754/2754
f 1974/1974/1974 1971/1971/1971 1982/1982/1982
f 1974/1974/1974 1982/1982/1982 3167/3167/3167
f 3341/3341/3341 2650/2650/2650 3227/3227/3227
f 3341/3341/3341 3227/3227/3227 3581/3581/3581
f 1072/1072/1072 3058/3058/3058 3463/3463/3463
f 1072/1072/1072 3463/3463/3463 2579/2579/2579
f 2187/2187/2187 258/258/258 2173/2173/2173
f 2187/2187/2187 2173/2173/2173 3267/3267/3267
f 3030/3030/3030 717/717/717 1564/1564/1564
f 3030/3030/3030 1564/1564/1564 3453/3453/3453
f 1945/1945/1945 2010/2010/2010 3109/3109/3109
f 3388/3388/3388 2601/2601/2601 1118/1118/1118
f 3388/3388/3388 1118/1118/1118 2598/2598/2598
f 2967/2967/2967 1126/1126/1126 2622/2622/2622
f 2967/2967/2967 2622/2622/2622 3380/3380/3380
f 1972/1972/1972 3650/3650/3650 3663/3663/3663
f 1972/1972/1972 3663/3663/3663 3168/3168/3168
f 1697/1697/1697 3512/3512/3512 3106/3106/3106
f 1697/1697/1697 3106/3106/3106 650/650/650
f 656/656/656 1695/1695/1695 719/719/719
f 656/656/656 602/602/602 1656/1656/1656
f 656/656/656 1656/1656/1656 1721/1721/1721
f 1721/1721/1721 1656/1656/1656 2/2/2
f 1721/1721/1721 2/2/2 776/776/776
f 1721/1721/1721 776/776/776 36/36/36
f 2082/2082/2082 3239/3239/3239 2069/2069/2069
f 2082/2082/2082 2069/2069/2069 207/207/207
f 2133/2133/2133 3262/3262/3262 2181/2181/2181
f 2133/2133/2133 2181/2181/2181 232/232/232
f 1652/1652/1652 3491/3491/3491 3082/3082/3082
f 1652/1652/1652 3082/3082/3082 618/618/618
f 2693/2693/2693 2712/2712/2712 2739/2739/2739
f 2693/2693/2693 2739/2739/2739 2681/2681/2681
f 2991/2991/2991 1874/1874/1874 1917/1917/1917
f 2991/2991/2991 1917/1917/1917 3051/3051/3051
f 3237/3237/3237 2100/2100/2100 200/200/200
f 3237/3237/3237 200/200/200 2061/2061/2061
f 2256/2256/2256 2170/2170/2170 2196/2196/2196
f 2256/2256/2256 2196/2196/2196 2255/2255/2255
f 2784/2784/2784 1471/1471/1471 2694/2694/2694
f 2784/2784/2784 2694/2694/2694 3433/3433/3433
f 3287/3287/3287 3248/3248/3248 2227/2227/2227
f 3287/3287/3287 2227/2227/2227 2226/2226/2226
f 2438/2438/2438 3325/3325/3325 1189/1189/1189
f 2438/2438/2438 1189/1189/1189 292/292/292
f 1140/1140/1140 3424/3424/3424 2718/2718/2718
f 3223/3223/3223 2020/2020/2020 3224/3224/3224
f 3223/3223/3223 3224/3224/3224 3579/3579/3579
f 1134/1134/1134 2671/2671/2671 2733/2733/2733
f 1134/1134/1134 2733/2733/2733 1140/1140/1140
f 3086/3086/3086 1931/1931/1931 3133/3133/3133
f 3086/3086/3086 3133/3133/3133 3535/3535/3535
f 2652/2652/2652 3483/3483/3483 3466/3466/3466
f 2652/2652/2652 3466/3466/3466 3228/3228/3228
f 2065/2065/2065 3258/3258/3258 3278/3278/3278
f 2065/2065/2065 3278/3278/3278 2209/2209/2209
f 3257/3257/3257 2234/2234/2234 288/288/288
f 3257/3257/3257 288/288/288 2247/2247/2247
f 1117/1117/1117 2606/2606/2606 3384/3384/3384
f 1117/1117/1117 3384/3384/3384 2607/2607/2607
f 3270/3270/3270 2174/2174/2174 256/256/256
f 3270/3270/3270 256/256/256 2186/2186/2186
f 610/610/610 3080/3080/3080 3518/3518/3518
f 610/610/610 3518/3518/3518 1717/1717/1717
f 3068/3068/3068 3069/3069/3069 3525/3525/3525
f 3068/3068/3068 3525/3525/3525 3526/3526/3526
f 207/207/207 2083/2083/2083 3290/3290/3290
f 207/207/207 3290/3290/3290 2079/2079/2079
f 1114/1114/1114 2597/2597/2597 3386/3386/3386
f 1114/1114/1114 3386/3386/3386 2595/2595/2595
f 212/212/212 2105/2105/2105 2217/2217/2217
f 212/212/212 2217/2217/2217 267/267/267
f 3340/3340/3340 2726/2726/2726 1816/1816/1816
f 3340/3340/3340 1816/1816/1816 2747/2747/2747
f 1601/1601/1601 542/542/542 1527/1527/1527
f 1601/1601/1601 1527/1527/1527 2762/2762/2762
f 2979/2979/2979 289/289/289 1184/1184/1184
f 2979/2979/2979 1184/1184/1184 3552/3552/3552
f 285/285/285 219/219/219 2108/2108/2108
f 285/285/285 2108/2108/2108 2245/2245/2245
f 1923/1923/1923 3078/3078/3078 3521/3521/3521
f 1923/1923/1923 3521/3521/3521 3123/3123/3123
f 1666/1666/1666 3494/3494/3494 3095/3095/3095
f 1666/1666/1666 3095/3095/3095 645/645/645
f 3520/3520/3520 3075/3075/3075 3067/3067/3067
f 3520/3520/3520 3067/3067/3067 3524/3524/3524
f 763/763/763 2399/2399/2399 3342/3342/3342
f 763/763/763 3342/3342/3342 2402/2402/2402
f 2739/2739/2739 1845/1845/1845 2759/2759/2759
f 2739/2739/2739 2759/2759/2759 2692/2692/2692
f 2120/2120/2120 3235/3235/3235 2123/2123/2123
f 2120/2120/2120 2123/2123/2123 224/224/224
f 2577/2577/2577 2608/2608/2608 3385/3385/3385
f 2577/2577/2577 3385/3385/3385 3398/3398/3398
f 215/215/215 2111/2111/2111 3236/3236/3236
f 215/215/215 3236/3236/3236 2100/2100/2100
f 276/276/276 2242/2242/2242 3257/3257/3257
f 276/276/276 3257/3257/3257 2235/2235/2235
f 3486/3486/3486 3073/3073/3073 3078/3078/3078
f 3486/3486/3486 3078/3078/3078 3559/3559/3559
f 1612/1612/1612 544/544/544 3048/3048/3048
f 1612/1612/1612 3048/3048/3048 3462/3462/3462
f 2190/2190/2190 2191/2191/2191 2203/2203/2203
f 2190/2190/2190 2203/2203/2203 3309/3309/3309
f 3145/3145/3145 1953/1953/1953 3643/3643/3643
f 3145/3145/3145 3643/3643/3643 3656/3656/3656
f 1096/1096/1096 2458/2458/2458 3332/3332/3332
f 1096/1096/1096 3332/3332/3332 2394/2394/2394
f 2611/2611/2611 1123/1123/1123 2581/2581/2581
f 2611/2611/2611 2581/2581/2581 3376/3376/3376
f 1931/1931/1931 3090/3090/3090 3536/3536/3536
f 1931/1931/1931 3536/3536/3536 3133/3133/3133
f 1630/1630/1630 3485/3485/3485 3486/3486/3486
f 1630/1630/1630 3486/3486/3486 3072/3072/3072
f 1910/1910/1910 3042/3042/3042 3459/3459/3459
f 1910/1910/1910 3459/3459/3459 3020/3020/3020
f 3245/3245/3245 2074/2074/2074 203/203/203
f 3245/3245/3245 203/203/203 2090/2090/2090
f 3291/3291/3291 2077/2077/2077 276/276/276
f 3291/3291/3291 276/276/276 2241/2241/2241
f 3016/3016/3016 1884/1884/1884 2989/2989/2989
f 3016/3016/3016 2989/2989/2989 3455/3455/3455
f 3163/3163/3163 3554/3554/3554 3185/3185/3185
f 3163/3163/3163 3185/3185/3185 1992/1992/1992
f 1871/1871/1871 3025/3025/3025 3055/3055/3055
f 1871/1871/1871 3055/3055/3055 1875/1875/1875
f 2401/2401/2401 3331/3331/3331 2418/2418/2418
f 2401/2401/2401 2418/2418/2418 759/759/759
f 3430/3430/3430 1491/1491/1491 473/473/473
f 3430/3430/3430 473/473/473 2409/2409/2409
f 2011/2011/2011 2010/2010/2010 2013/2013/2013
f 2402/2402/2402 3342/3342/3342 2465/2465/2465
f 2402/2402/2402 2465/2465/2465 1095/1095/1095
f 3123/3123/3123 3521/3521/3521 2040/2040/2040
f 3123/3123/3123 2040/2040/2040 172/172/172
f 2461/2461/2461 2722/2722/2722 3375/3375/3375
f 2461/2461/2461 3375/3375/3375 3391/3391/3391
f 2430/2430/2430 293/293/293 1188/1188/1188
f 2430/2430/2430 1188/1188/1188 3349/3349/3349
f 3200/3200/3200 3557/3557/3557 1574/1574/1574
f 3200/3200/3200 1574/1574/1574 716/716/716
f 2100/2100/2100 3236/3236/3236 2063/2063/2063
f 2100/2100/2100 2063/2063/2063 200/200/200
f 2121/2121/2121 225/225/225 2124/2124/2124
f 2121/2121/2121 2124/2124/2124 3276/3276/3276
f 2823/2823/2823 3395/3395/3395 2789/2789/2789
f 2823/2823/2823 2789/2789/2789 1852/1852/1852
f 1148/1148/1148 2632/2632/2632 3423/3423/3423
f 2426/2426/2426 304/304/304 3462/3462/3462
f 2426/2426/2426 3462/3462/3462 3464/3464/3464
f 2420/2420/2420 3333/3333/3333 2414/2414/2414
f 2420/2420/2420 2414/2414/2414 767/767/767
f 1929/1929/1929 3086/3086/3086 3535/3535/3535
f 1929/1929/1929 3535/3535/3535 3132/3132/3132
f 2671/2671/2671 1129/1129/1129 1139/1139/1139
f 2671/2671/2671 1139/1139/1139 2733/2733/2733
f 3191/3191/3191 3558/3558/3558 2991/2991/2991
f 3191/3191/3191 2991/2991/2991 1876/1876/1876
f 208/208/208 2070/2070/2070 3239/3239/3239
f 208/208/208 3239/3239/3239 2082/2082/2082
f 1932/1932/1932 3092/3092/3092 3532/3532/3532
f 1932/1932/1932 3532/3532/3532 3129/3129/3129
f 1143/1143/1143 2699/2699/2699 3340/3340/3340
f 590/590/590 3623/3623/3623 3624/3624/3624
f 615/615/615 3079/3079/3079 3489/3489/3489
f 615/615/615 3489/3489/3489 1644/1644/1644
f 2083/2083/2083 206/206/206 2078/2078/2078
f 2083/2083/2083 2078/2078/2078 3290/3290/3290
f 3025/3025/3025 1896/1896/1896 1899/1899/1899
f 3025/3025/3025 1899/1899/1899 3055/3055/3055
f 539/539/539 595/595/595 1603/1603/1603
f 539/539/539 1603/1603/1603 1549/1549/1549
f 1549/1549/1549 1603/1603/1603 597/597/597
f 1549/1549/1549 597/597/597 541/541/541
f 541/541/541 597/597/597 1604/1604/1604
f 541/541/541 1604/1604/1604 1536/1536/1536
f 1536/1536/1536 1604/1604/1604 594/594/594
f 1536/1536/1536 594/594/594 537/537/537
f 537/537/537 594/594/594 1605/1605/1605
f 537/537/537 1605/1605/1605 1575/1575/1575
f 1575/1575/1575 1605/1605/1605 528/528/528
f 1575/1575/1575 528/528/528 536/536/536
f 536/536/536 528/528/528 1606/1606/1606
f 536/536/536 1606/1606/1606 1576/1576/1576
f 1576/1576/1576 1606/1606/1606 533/533/533
f 1576/1576/1576 533/533/533 535/535/535
f 535/535/535 533/533/533 1607/1607/1607
f 535/535/535 1607/1607/1607 1577/1577/1577
f 1577/1577/1577 1607/1607/1607 538/538/538
f 1577/1577/1577 538/538/538 534/534/534
f 534/534/534 538/538/538 1608/1608/1608
f 534/534/534 1608/1608/1608 1578/1578/1578
f 1578/1578/1578 1608/1608/1608 572/572/572
f 1578/1578/1578 572/572/572 569/569/569
f 569/569/569 572/572/572 1609/1609/1609
f 569/569/569 1609/1609/1609 1579/1579/1579
f 1579/1579/1579 1609/1609/1609 591/591/591
f 1579/1579/1579 591/591/591 570/570/570
f 570/570/570 591/591/591 1610/1610/1610
f 570/570/570 1610/1610/1610 1580/1580/1580
f 1580/1580/1580 1610/1610/1610 592/592/592
f 1580/1580/1580 592/592/592 571/571/571
f 710/710/710 692/692/692 691/691/691
f 1350/1350/1350 1778/1778/1778 1779/1779/1779
f 1350/1350/1350 1779/1779/1779 1212/1212/1212
f 309/309/309 593/593/593 598/598/598
f 309/309/309 598/598/598 345/345/345
f 302/302/302 2801/2801/2801 1611/1611/1611
f 2803/2803/2803 1613/1613/1613 542/542/542
f 1611/1611/1611 2801/2801/2801 1601/1601/1601
f 1611/1611/1611 1601/1601/1601 543/543/543
f 378/378/378 345/345/345 598/598/598
f 2217/2217/2217 2216/2216/2216 3300/3300/3300
f 2217/2217/2217 3300/3300/3300 3550/3550/3550
f 2397/2397/2397 761/761/761 1116/1116/1116
f 2397/2397/2397 1116/1116/1116 2603/2603/2603
f 2606/2606/2606 1117/1117/1117 762/762/762
f 2606/2606/2606 762/762/762 2419/2419/2419
f 342/342/342 1310/1310/1310 2802/2802/2802
f 342/342/342 2802/2802/2802 1613/1613/1613
f 1613/1613/1613 2802/2802/2802 1602/1602/1602
f 1613/1613/1613 1602/1602/1602 542/542/542
f 342/342/342 1613/1613/1613 2803/2803/2803
f 342/342/342 2803/2803/2803 1249/1249/1249
f 2718/2718/2718 1362/1362/1362 2756/2756/2756
f 2718/2718/2718 2756/2756/2756 3437/3437/3437
f 2805/2805/2805 2811/2811/2811 1624/1624/1624
f 2805/2805/2805 1624/1624/1624 1625/1625/1625
f 1805/1805/1805 1802/1802/1802 719/719/719
f 1465/1465/1465 2804/2804/2804 1810/1810/1810
f 1465/1465/1465 1810/1810/1810 403/403/403
f 1143/1143/1143 3340/3340/3340 2747/2747/2747
f 1143/1143/1143 2747/2747/2747 1146/1146/1146
f 2233/2233/2233 179/179/179 2044/2044/2044
f 2233/2233/2233 2044/2044/2044 3240/3240/3240
f 1101/1101/1101 3220/3220/3220 3322/3322/3322
f 1101/1101/1101 3322/3322/3322 2566/2566/2566
f 3321/3321/3321 2383/2383/2383 297/297/297
f 3321/3321/3321 297/297/297 1192/1192/1192
f 2804/2804/2804 2806/2806/2806 1623/1623/1623
f 2804/2804/2804 1623/1623/1623 1810/1810/1810
f 719/719/719 1622/1622/1622 602/602/602
f 719/719/719 602/602/602 656/656/656
f 1874/1874/1874 3022/3022/3022 3052/3052/3052
f 1874/1874/1874 3052/3052/3052 1917/1917/1917
f 1704/1704/1704 3514/3514/3514 3512/3512/3512
f 1704/1704/1704 3512/3512/3512 1697/1697/1697
f 3311/3311/3311 2134/2134/2134 233/233/233
f 3311/3311/3311 233/233/233 2153/2153/2153
f 726/726/726 2811/2811/2811 2805/2805/2805
f 726/726/726 2805/2805/2805 2087/2087/2087
f 2807/2807/2807 2806/2806/2806 2804/2804/2804
f 2807/2807/2807 2804/2804/2804 1383/1383/1383
f 2257/2257/2257 2168/2168/2168 3261/3261/3261
f 2257/2257/2257 3261/3261/3261 3294/3294/3294
f 3128/3128/3128 3534/3534/3534 2046/2046/2046
f 3128/3128/3128 2046/2046/2046 188/188/188
f 2055/2055/2055 3255/3255/3255 2104/2104/2104
f 2055/2055/2055 2104/2104/2104 194/194/194
f 2017/2017/2017 3228/3228/3228 3466/3466/3466
f 2017/2017/2017 3466/3466/3466 3487/3487/3487
f 1623/1623/1623 2806/2806/2806 1744/1744/1744
f 1623/1623/1623 1744/1744/1744 603/603/603
f 2079/2079/2079 3290/3290/3290 2240/2240/2240
f 2079/2079/2079 2240/2240/2240 278/278/278
f 443/443/443 1383/1383/1383 2804/2804/2804
f 443/443/443 2804/2804/2804 1465/1465/1465
f 2812/2812/2812 2808/2808/2808 1629/1629/1629
f 2812/2812/2812 1629/1629/1629 1640/1640/1640
f 1628/1628/1628 1631/1631/1631 2809/2809/2809
f 1628/1628/1628 2809/2809/2809 2808/2808/2808
f 2808/2808/2808 2809/2809/2809 1632/1632/1632
f 2808/2808/2808 1632/1632/1632 1629/1629/1629
f 1638/1638/1638 1628/1628/1628 2808/2808/2808
f 1638/1638/1638 2808/2808/2808 2812/2812/2812
f 1631/1631/1631 1743/1743/1743 1633/1633/1633
f 1631/1631/1631 1633/1633/1633 2810/2810/2810
f 1631/1631/1631 2810/2810/2810 2809/2809/2809
f 2809/2809/2809 2810/2810/2810 1634/1634/1634
f 2809/2809/2809 1634/1634/1634 1632/1632/1632
f 779/779/779 2841/2841/2841 2837/2837/2837
f 779/779/779 2837/2837/2837 791/791/791
f 3114/3114/3114 3115/3115/3115 3538/3538/3538
f 3114/3114/3114 3538/3538/3538 3545/3545/3545
f 2101/2101/2101 3237/3237/3237 2061/2061/2061
f 2101/2101/2101 2061/2061/2061 198/198/198
f 2810/2810/2810 2876/2876/2876 1643/1643/1643
f 2810/2810/2810 1643/1643/1643 1634/1634/1634
f 789/789/789 2844/2844/2844 2838/2838/2838
f 789/789/789 2838/2838/2838 795/795/795
f 296/296/296 2427/2427/2427 3324/3324/3324
f 296/296/296 3324/3324/3324 1190/1190/1190
f 608/608/608 1638/1638/1638 2812/2812/2812
f 608/608/608 2812/2812/2812 1639/1639/1639
f 1639/1639/1639 2812/2812/2812 1640/1640/1640
f 1639/1639/1639 1640/1640/1640 606/606/606
f 2416/2416/2416 768/768/768 2565/2565/2565
f 2416/2416/2416 2565/2565/2565 3373/3373/3373
f 615/615/615 1644/1644/1644 2813/2813/2813
f 615/615/615 2813/2813/2813 1645/1645/1645
f 1644/1644/1644 610/610/610 1646/1646/1646
f 1644/1644/1644 1646/1646/1646 2813/2813/2813
f 2813/2813/2813 1646/1646/1646 609/609/609
f 2813/2813/2813 609/609/609 1647/1647/1647
f 1645/1645/1645 2813/2813/2813 1647/1647/1647
f 1645/1645/1645 1647/1647/1647 614/614/614
f 620/620/620 1648/1648/1648 2814/2814/2814
f 620/620/620 2814/2814/2814 1650/1650/1650
f 1648/1648/1648 615/615/615 1645/1645/1645
f 1648/1648/1648 1645/1645/1645 2814/2814/2814
f 2814/2814/2814 1645/1645/1645 614/614/614
f 2814/2814/2814 614/614/614 1651/1651/1651
f 1650/1650/1650 2814/2814/2814 1651/1651/1651
f 1650/1650/1650 1651/1651/1651 617/617/617
f 3118/3118/3118 1946/1946/1946 1940/1940/1940
f 3118/3118/3118 1940/1940/1940 3105/3105/3105
f 623/623/623 1653/1653/1653 2815/2815/2815
f 623/623/623 2815/2815/2815 1654/1654/1654
f 1653/1653/1653 619/619/619 1649/1649/1649
f 1653/1653/1653 1649/1649/1649 2815/2815/2815
f 2815/2815/2815 1649/1649/1649 616/616/616
f 2815/2815/2815 616/616/616 1655/1655/1655
f 1654/1654/1654 2815/2815/2815 1655/1655/1655
f 1654/1654/1654 1655/1655/1655 621/621/621
f 3269/3269/3269 2160/2160/2160 2158/2158/2158
f 3269/3269/3269 2158/2158/2158 3266/3266/3266
f 631/631/631 3093/3093/3093 3494/3494/3494
f 631/631/631 3494/3494/3494 1666/1666/1666
f 626/626/626 1659/1659/1659 2816/2816/2816
f 626/626/626 2816/2816/2816 1660/1660/1660
f 1659/1659/1659 623/623/623 1654/1654/1654
f 1659/1659/1659 1654/1654/1654 2816/2816/2816
f 2816/2816/2816 1654/1654/1654 621/621/621
f 2816/2816/2816 621/621/621 1661/1661/1661
f 1660/1660/1660 2816/2816/2816 1661/1661/1661
f 1660/1660/1660 1661/1661/1661 624/624/624
f 613/613/613 1663/1663/1663 2817/2817/2817
f 613/613/613 2817/2817/2817 1664/1664/1664
f 1663/1663/1663 626/626/626 1660/1660/1660
f 1663/1663/1663 1660/1660/1660 2817/2817/2817
f 2817/2817/2817 1660/1660/1660 624/624/624
f 2817/2817/2817 624/624/624 1665/1665/1665
f 1664/1664/1664 2817/2817/2817 1665/1665/1665
f 1664/1664/1664 1665/1665/1665 611/611/611
f 3355/3355/3355 2402/2402/2402 1095/1095/1095
f 3355/3355/3355 1095/1095/1095 2573/2573/2573
f 631/631/631 1666/1666/1666 2818/2818/2818
f 631/631/631 2818/2818/2818 1667/1667/1667
f 1666/1666/1666 645/645/645 1669/1669/1669
f 1666/1666/1666 1669/1669/1669 2818/2818/2818
f 2818/2818/2818 1669/1669/1669 642/642/642
f 2818/2818/2818 642/642/642 1670/1670/1670
f 1667/1667/1667 2818/2818/2818 1670/1670/1670
f 1667/1667/1667 1670/1670/1670 630/630/630
f 3414/3414/3414 2977/2977/2977 2978/2978/2978
f 3414/3414/3414 2978/2978/2978 3415/3415/3415
f 644/644/644 1672/1672/1672 2819/2819/2819
f 644/644/644 2819/2819/2819 1668/1668/1668
f 1672/1672/1672 640/640/640 1673/1673/1673
f 1672/1672/1672 1673/1673/1673 2819/2819/2819
f 2819/2819/2819 1673/1673/1673 638/638/638
f 2819/2819/2819 638/638/638 1674/1674/1674
f 1668/1668/1668 2819/2819/2819 1674/1674/1674
f 1668/1668/1668 1674/1674/1674 641/641/641
f 640/640/640 1676/1676/1676 2820/2820/2820
f 640/640/640 2820/2820/2820 1673/1673/1673
f 1676/1676/1676 637/637/637 1677/1677/1677
f 1676/1676/1676 1677/1677/1677 2820/2820/2820
f 2820/2820/2820 1677/1677/1677 635/635/635
f 2820/2820/2820 635/635/635 1678/1678/1678
f 1673/1673/1673 2820/2820/2820 1678/1678/1678
f 1673/1673/1673 1678/1678/1678 638/638/638
f 2253/2253/2253 272/272/272 2223/2223/2223
f 2253/2253/2253 2223/2223/2223 3301/3301/3301
f 3648/3648/3648 1993/1993/1993 3161/3161/3161
f 3648/3648/3648 3161/3161/3161 3661/3661/3661
f 637/637/637 1680/1680/1680 2821/2821/2821
f 637/637/637 2821/2821/2821 1677/1677/1677
f 1680/1680/1680 634/634/634 1681/1681/1681
f 1680/1680/1680 1681/1681/1681 2821/2821/2821
f 2821/2821/2821 1681/1681/1681 632/632/632
f 2821/2821/2821 632/632/632 1682/1682/1682
f 1677/1677/1677 2821/2821/2821 1682/1682/1682
f 1677/1677/1677 1682/1682/1682 635/635/635
f 3251/3251/3251 3250/3250/3250 2094/2094/2094
f 3251/3251/3251 2094/2094/2094 2095/2095/2095
f 634/634/634 1684/1684/1684 2822/2822/2822
f 634/634/634 2822/2822/2822 1681/1681/1681
f 1684/1684/1684 629/629/629 1685/1685/1685
f 1684/1684/1684 1685/1685/1685 2822/2822/2822
f 2822/2822/2822 1685/1685/1685 627/627/627
f 2822/2822/2822 627/627/627 1686/1686/1686
f 1681/1681/1681 2822/2822/2822 1686/1686/1686
f 1681/1681/1681 1686/1686/1686 632/632/632
f 3282/3282/3282 2132/2132/2132 2130/2130/2130
f 3282/3282/3282 2130/2130/2130 3310/3310/3310
f 2381/2381/2381 3349/3349/3349 2437/2437/2437
f 2381/2381/2381 2437/2437/2437 763/763/763
f 647/647/647 631/631/631 1667/1667/1667
f 647/647/647 1667/1667/1667 1687/1687/1687
f 1687/1687/1687 1667/1667/1667 630/630/630
f 1687/1687/1687 630/630/630 646/646/646
f 774/774/774 2395/2395/2395 3353/3353/3353
f 774/774/774 3353/3353/3353 2454/2454/2454
f 262/262/262 2194/2194/2194 2166/2166/2166
f 262/262/262 2166/2166/2166 252/252/252
f 651/651/651 1689/1689/1689 2825/2825/2825
f 651/651/651 2825/2825/2825 1690/1690/1690
f 1689/1689/1689 608/608/608 1639/1639/1639
f 1689/1689/1689 1639/1639/1639 2825/2825/2825
f 2825/2825/2825 1639/1639/1639 606/606/606
f 2825/2825/2825 606/606/606 1691/1691/1691
f 1690/1690/1690 2825/2825/2825 1691/1691/1691
f 1690/1690/1690 1691/1691/1691 649/649/649
f 3091/3091/3091 1927/1927/1927 3092/3092/3092
f 3091/3091/3091 3092/3092/3092 3493/3493/3493
f 3155/3155/3155 1996/1996/1996 3646/3646/3646
f 3155/3155/3155 3646/3646/3646 3659/3659/3659
f 2831/2831/2831 2829/2829/2829 1699/1699/1699
f 2831/2831/2831 1699/1699/1699 1706/1706/1706
f 1693/1693/1693 613/613/613 1664/1664/1664
f 1693/1693/1693 1664/1664/1664 2826/2826/2826
f 2826/2826/2826 1664/1664/1664 611/611/611
f 2826/2826/2826 611/611/611 1694/1694/1694
f 1713/1713/1713 1693/1693/1693 2826/2826/2826
f 1713/1713/1713 2826/2826/2826 2834/2834/2834
f 1123/1123/1123 2591/2591/2591 3382/3382/3382
f 1123/1123/1123 3382/3382/3382 2581/2581/2581
f 2832/2832/2832 2831/2831/2831 1706/1706/1706
f 2832/2832/2832 1706/1706/1706 1709/1709/1709
f 1698/1698/1698 651/651/651 1690/1690/1690
f 1698/1698/1698 1690/1690/1690 2829/2829/2829
f 2829/2829/2829 1690/1690/1690 649/649/649
f 2829/2829/2829 649/649/649 1699/1699/1699
f 1705/1705/1705 1698/1698/1698 2829/2829/2829
f 1705/1705/1705 2829/2829/2829 2831/2831/2831
f 600/600/600 1700/1700/1700 2830/2830/2830
f 600/600/600 2830/2830/2830 1635/1635/1635
f 1700/1700/1700 653/653/653 1702/1702/1702
f 1700/1700/1700 1702/1702/1702 2830/2830/2830
f 2830/2830/2830 1702/1702/1702 652/652/652
f 2830/2830/2830 652/652/652 1703/1703/1703
f 1635/1635/1635 2830/2830/2830 1703/1703/1703
f 1635/1635/1635 1703/1703/1703 599/599/599
f 2736/2736/2736 1180/1180/1180 2697/2697/2697
f 2736/2736/2736 2697/2697/2697 3417/3417/3417
f 2348/2348/2348 2306/2306/2306 2330/2330/2330
f 2348/2348/2348 2330/2330/2330 2359/2359/2359
f 1710/1710/1710 1713/1713/1713 2834/2834/2834
f 1710/1710/1710 2834/2834/2834 2833/2833/2833
f 1708/1708/1708 1705/1705/1705 2831/2831/2831
f 1708/1708/1708 2831/2831/2831 2832/2832/2832
f 1928/1928/1928 3084/3084/3084 3534/3534/3534
f 1928/1928/1928 3534/3534/3534 3128/3128/3128
f 2782/2782/2782 2661/2661/2661 1855/1855/1855
f 2782/2782/2782 1855/1855/1855 2659/2659/2659
f 629/629/629 1708/1708/1708 2832/2832/2832
f 629/629/629 2832/2832/2832 1685/1685/1685
f 1685/1685/1685 2832/2832/2832 1709/1709/1709
f 1685/1685/1685 1709/1709/1709 627/627/627
f 3526/3526/3526 3525/3525/3525 2029/2029/2029
f 3526/3526/3526 2029/2029/2029 2027/2027/2027
f 3532/3532/3532 3130/3130/3130 178/178/178
f 3532/3532/3532 178/178/178 2052/2052/2052
f 3094/3094/3094 1938/1938/1938 3098/3098/3098
f 3094/3094/3094 3098/3098/3098 3497/3497/3497
f 981/981/981 979/979/979 899/899/899
f 981/981/981 899/899/899 2292/2292/2292
f 653/653/653 1710/1710/1710 2833/2833/2833
f 653/653/653 2833/2833/2833 1702/1702/1702
f 2833/2833/2833 2834/2834/2834 1715/1715/1715
f 2833/2833/2833 1715/1715/1715 1712/1712/1712
f 900/900/900 980/980/980 2863/2863/2863
f 900/900/900 2863/2863/2863 2850/2850/2850
f 1702/1702/1702 2833/2833/2833 1712/1712/1712
f 1702/1702/1702 1712/1712/1712 652/652/652
f 658/658/658 647/647/647 1687/1687/1687
f 658/658/658 1687/1687/1687 1716/1716/1716
f 1716/1716/1716 1687/1687/1687 646/646/646
f 1716/1716/1716 646/646/646 657/657/657
f 2200/2200/2200 2198/2198/2198 2199/2199/2199
f 2200/2200/2200 2199/2199/2199 3275/3275/3275
f 206/206/206 2088/2088/2088 3291/3291/3291
f 206/206/206 3291/3291/3291 2078/2078/2078
f 115/115/115 2289/2289/2289 986/986/986
f 115/115/115 986/986/986 117/117/117
f 657/657/657 1741/1741/1741 2848/2848/2848
f 657/657/657 2848/2848/2848 1718/1718/1718
f 1717/1717/1717 658/658/658 1716/1716/1716
f 1717/1717/1717 1716/1716/1716 2835/2835/2835
f 610/610/610 1717/1717/1717 2835/2835/2835
f 610/610/610 2835/2835/2835 1646/1646/1646
f 1646/1646/1646 2835/2835/2835 1718/1718/1718
f 1646/1646/1646 1718/1718/1718 609/609/609
f 55/55/55 808/808/808 2836/2836/2836
f 55/55/55 2836/2836/2836 1719/1719/1719
f 808/808/808 5/5/5 1720/1720/1720
f 808/808/808 1720/1720/1720 2836/2836/2836
f 2836/2836/2836 1720/1720/1720 599/599/599
f 2836/2836/2836 599/599/599 1703/1703/1703
f 1719/1719/1719 2836/2836/2836 1703/1703/1703
f 1719/1719/1719 1703/1703/1703 652/652/652
f 766/766/766 3218/3218/3218 3578/3578/3578
f 766/766/766 3578/3578/3578 2383/2383/2383
f 1662/1662/1662 3493/3493/3493 3089/3089/3089
f 1662/1662/1662 3089/3089/3089 625/625/625
f 3099/3099/3099 1936/1936/1936 3102/3102/3102
f 3099/3099/3099 3102/3102/3102 3508/3508/3508
f 184/184/184 2047/2047/2047 3242/3242/3242
f 184/184/184 3242/3242/3242 2069/2069/2069
f 2837/2837/2837 2841/2841/2841 1624/1624/1624
f 2837/2837/2837 1624/1624/1624 1636/1636/1636
f 1626/1626/1626 2842/2842/2842 2675/2675/2675
f 1626/1626/1626 2675/2675/2675 1744/1744/1744
f 2837/2837/2837 1636/1636/1636 599/599/599
f 2837/2837/2837 599/599/599 1720/1720/1720
f 791/791/791 2837/2837/2837 1720/1720/1720
f 791/791/791 1720/1720/1720 5/5/5
f 3198/3198/3198 1998/1998/1998 3647/3647/3647
f 3198/3198/3198 3647/3647/3647 3664/3664/3664
f 2077/2077/2077 3292/3292/3292 2242/2242/2242
f 2077/2077/2077 2242/2242/2242 276/276/276
f 3017/3017/3017 1886/1886/1886 2994/2994/2994
f 3017/3017/3017 2994/2994/2994 3457/3457/3457
f 205/205/205 2089/2089/2089 3292/3292/3292
f 205/205/205 3292/3292/3292 2077/2077/2077
f 7/7/7 1745/1745/1745 660/660/660
f 7/7/7 660/660/660 847/847/847
f 1791/1791/1791 1795/1795/1795 1745/1745/1745
f 1791/1791/1791 1745/1745/1745 2864/2864/2864
f 847/847/847 660/660/660 648/648/648
f 847/847/847 648/648/648 46/46/46
f 3124/3124/3124 173/173/173 3144/3144/3144
f 3124/3124/3124 3144/3144/3144 3547/3547/3547
f 178/178/178 3130/3130/3130 3533/3533/3533
f 178/178/178 3533/3533/3533 2150/2150/2150
f 605/605/605 1723/1723/1723 2838/2838/2838
f 605/605/605 2838/2838/2838 1643/1643/1643
f 1723/1723/1723 8/8/8 795/795/795
f 1723/1723/1723 795/795/795 2838/2838/2838
f 2844/2844/2844 1634/1634/1634 1643/1643/1643
f 2844/2844/2844 1643/1643/1643 2838/2838/2838
f 649/649/649 1691/1691/1691 2839/2839/2839
f 649/649/649 2839/2839/2839 1724/1724/1724
f 1691/1691/1691 606/606/606 1725/1725/1725
f 1691/1691/1691 1725/1725/1725 2839/2839/2839
f 2839/2839/2839 1725/1725/1725 10/10/10
f 2839/2839/2839 10/10/10 869/869/869
f 1724/1724/1724 2839/2839/2839 869/869/869
f 1724/1724/1724 869/869/869 57/57/57
f 2840/2840/2840 2845/2845/2845 785/785/785
f 2840/2840/2840 785/785/785 797/797/797
f 779/779/779 781/781/781 2843/2843/2843
f 779/779/779 2843/2843/2843 2841/2841/2841
f 2840/2840/2840 797/797/797 10/10/10
f 2840/2840/2840 10/10/10 1725/1725/1725
f 1640/1640/1640 2840/2840/2840 1725/1725/1725
f 1640/1640/1640 1725/1725/1725 606/606/606
f 1801/1801/1801 715/715/715 1573/1573/1573
f 1801/1801/1801 1573/1573/1573 2874/2874/2874
f 193/193/193 2056/2056/2056 3542/3542/3542
f 193/193/193 3542/3542/3542 3138/3138/3138
f 3646/3646/3646 1996/1996/1996 3158/3158/3158
f 3646/3646/3646 3158/3158/3158 3660/3660/3660
f 2841/2841/2841 2843/2843/2843 1625/1625/1625
f 2841/2841/2841 1625/1625/1625 1624/1624/1624
f 1625/1625/1625 2843/2843/2843 2842/2842/2842
f 1625/1625/1625 2842/2842/2842 1626/1626/1626
f 420/420/420 402/402/402 1809/1809/1809
f 420/420/420 1809/1809/1809 1815/1815/1815
f 2843/2843/2843 781/781/781 783/783/783
f 2843/2843/2843 783/783/783 2842/2842/2842
f 787/787/787 2846/2846/2846 2844/2844/2844
f 787/787/787 2844/2844/2844 789/789/789
f 2846/2846/2846 1632/1632/1632 1634/1634/1634
f 2846/2846/2846 1634/1634/1634 2844/2844/2844
f 1629/1629/1629 1632/1632/1632 2846/2846/2846
f 1629/1629/1629 2846/2846/2846 2845/2845/2845
f 2845/2845/2845 2846/2846/2846 787/787/787
f 2845/2845/2845 787/787/787 785/785/785
f 1173/1173/1173 2771/2771/2771 3465/3465/3465
f 1173/1173/1173 3465/3465/3465 2652/2652/2652
f 3520/3520/3520 3121/3121/3121 1920/1920/1920
f 3520/3520/3520 1920/1920/1920 3075/3075/3075
f 3167/3167/3167 1985/1985/1985 3651/3651/3651
f 3167/3167/3167 3651/3651/3651 3663/3663/3663
f 3137/3137/3137 3539/3539/3539 3096/3096/3096
f 3137/3137/3137 3096/3096/3096 1934/1934/1934
f 1158/1158/1158 1166/1166/1166 1171/1171/1171
f 1158/1158/1158 1171/1171/1171 1152/1152/1152
f 1135/1135/1135 2690/2690/2690 1142/1142/1142
f 609/609/609 1726/1726/1726 2847/2847/2847
f 609/609/609 2847/2847/2847 1647/1647/1647
f 1726/1726/1726 13/13/13 798/798/798
f 1726/1726/1726 798/798/798 2847/2847/2847
f 2847/2847/2847 798/798/798 22/22/22
f 2847/2847/2847 22/22/22 1727/1727/1727
f 1647/1647/1647 2847/2847/2847 1727/1727/1727
f 1647/1647/1647 1727/1727/1727 614/614/614
f 609/609/609 1718/1718/1718 2848/2848/2848
f 609/609/609 2848/2848/2848 1726/1726/1726
f 2848/2848/2848 1741/1741/1741 116/116/116
f 2848/2848/2848 116/116/116 829/829/829
f 1726/1726/1726 2848/2848/2848 829/829/829
f 1726/1726/1726 829/829/829 13/13/13
f 1137/1137/1137 2799/2799/2799 2693/2693/2693
f 1137/1137/1137 2693/2693/2693 1148/1148/1148
f 3132/3132/3132 3535/3535/3535 2048/2048/2048
f 3132/3132/3132 2048/2048/2048 186/186/186
f 624/624/624 1728/1728/1728 2849/2849/2849
f 624/624/624 2849/2849/2849 1665/1665/1665
f 1728/1728/1728 15/15/15 806/806/806
f 1728/1728/1728 806/806/806 2849/2849/2849
f 2849/2849/2849 806/806/806 12/12/12
f 2849/2849/2849 12/12/12 1729/1729/1729
f 1665/1665/1665 2849/2849/2849 1729/1729/1729
f 1665/1665/1665 1729/1729/1729 611/611/611
f 12/12/12 900/900/900 2850/2850/2850
f 12/12/12 2850/2850/2850 1729/1729/1729
f 2850/2850/2850 2863/2863/2863 1715/1715/1715
f 2850/2850/2850 1715/1715/1715 1694/1694/1694
f 1706/1706/1706 2862/2862/2862 2855/2855/2855
f 1706/1706/1706 2855/2855/2855 1709/1709/1709
f 1729/1729/1729 2850/2850/2850 1694/1694/1694
f 1729/1729/1729 1694/1694/1694 611/611/611
f 2973/2973/2973 1856/1856/1856 1861/1861/1861
f 2973/2973/2973 1861/1861/1861 2972/2972/2972
f 197/197/197 2060/2060/2060 3540/3540/3540
f 197/197/197 3540/3540/3540 3140/3140/3140
f 259/259/259 2204/2204/2204 2188/2188/2188
f 614/614/614 1727/1727/1727 2851/2851/2851
f 614/614/614 2851/2851/2851 1651/1651/1651
f 1727/1727/1727 22/22/22 800/800/800
f 1727/1727/1727 800/800/800 2851/2851/2851
f 2851/2851/2851 800/800/800 20/20/20
f 2851/2851/2851 20/20/20 1731/1731/1731
f 1651/1651/1651 2851/2851/2851 1731/1731/1731
f 1651/1651/1651 1731/1731/1731 617/617/617
f 2690/2690/2690 1144/1144/1144 2788/2788/2788
f 2690/2690/2690 2788/2788/2788 3440/3440/3440
f 2022/2022/2022 3232/3232/3232 2038/2038/2038
f 2022/2022/2022 2038/2038/2038 168/168/168
f 2750/2750/2750 1825/1825/1825 2645/2645/2645
f 2750/2750/2750 2645/2645/2645 3328/3328/3328
f 3350/3350/3350 1187/1187/1187 293/293/293
f 3350/3350/3350 293/293/293 2430/2430/2430
f 616/616/616 1730/1730/1730 2852/2852/2852
f 616/616/616 2852/2852/2852 1655/1655/1655
f 1730/1730/1730 19/19/19 802/802/802
f 1730/1730/1730 802/802/802 2852/2852/2852
f 2852/2852/2852 802/802/802 17/17/17
f 2852/2852/2852 17/17/17 1732/1732/1732
f 1655/1655/1655 2852/2852/2852 1732/1732/1732
f 1655/1655/1655 1732/1732/1732 621/621/621
f 621/621/621 1732/1732/1732 2853/2853/2853
f 621/621/621 2853/2853/2853 1661/1661/1661
f 1732/1732/1732 17/17/17 804/804/804
f 1732/1732/1732 804/804/804 2853/2853/2853
f 2853/2853/2853 804/804/804 15/15/15
f 2853/2853/2853 15/15/15 1728/1728/1728
f 1661/1661/1661 2853/2853/2853 1728/1728/1728
f 1661/1661/1661 1728/1728/1728 624/624/624
f 217/217/217 2109/2109/2109 3238/3238/3238
f 217/217/217 3238/3238/3238 2102/2102/2102
f 34/34/34 1733/1733/1733 2854/2854/2854
f 34/34/34 2854/2854/2854 817/817/817
f 1733/1733/1733 632/632/632 1686/1686/1686
f 1733/1733/1733 1686/1686/1686 2854/2854/2854
f 2854/2854/2854 1686/1686/1686 627/627/627
f 2854/2854/2854 627/627/627 1734/1734/1734
f 817/817/817 2854/2854/2854 1734/1734/1734
f 817/817/817 1734/1734/1734 25/25/25
f 627/627/627 1709/1709/1709 2855/2855/2855
f 627/627/627 2855/2855/2855 1734/1734/1734
f 2855/2855/2855 2862/2862/2862 959/959/959
f 2855/2855/2855 959/959/959 819/819/819
f 959/959/959 2862/2862/2862 2860/2860/2860
f 959/959/959 2860/2860/2860 957/957/957
f 1734/1734/1734 2855/2855/2855 819/819/819
f 1734/1734/1734 819/819/819 25/25/25
f 646/646/646 630/630/630 1736/1736/1736
f 646/646/646 1736/1736/1736 1735/1735/1735
f 1735/1735/1735 1736/1736/1736 23/23/23
f 1735/1735/1735 23/23/23 848/848/848
f 1735/1735/1735 848/848/848 47/47/47
f 23/23/23 1736/1736/1736 2856/2856/2856
f 23/23/23 2856/2856/2856 809/809/809
f 1736/1736/1736 630/630/630 1670/1670/1670
f 1736/1736/1736 1670/1670/1670 2856/2856/2856
f 2856/2856/2856 1670/1670/1670 642/642/642
f 2856/2856/2856 642/642/642 1738/1738/1738
f 809/809/809 2856/2856/2856 1738/1738/1738
f 809/809/809 1738/1738/1738 28/28/28
f 1815/1815/1815 1809/1809/1809 1622/1622/1622
f 32/32/32 1739/1739/1739 2857/2857/2857
f 32/32/32 2857/2857/2857 815/815/815
f 1739/1739/1739 635/635/635 1682/1682/1682
f 1739/1739/1739 1682/1682/1682 2857/2857/2857
f 2857/2857/2857 1682/1682/1682 632/632/632
f 2857/2857/2857 632/632/632 1733/1733/1733
f 815/815/815 2857/2857/2857 1733/1733/1733
f 815/815/815 1733/1733/1733 34/34/34
f 30/30/30 1740/1740/1740 2858/2858/2858
f 30/30/30 2858/2858/2858 813/813/813
f 1740/1740/1740 638/638/638 1678/1678/1678
f 1740/1740/1740 1678/1678/1678 2858/2858/2858
f 2858/2858/2858 1678/1678/1678 635/635/635
f 2858/2858/2858 635/635/635 1739/1739/1739
f 813/813/813 2858/2858/2858 1739/1739/1739
f 813/813/813 1739/1739/1739 32/32/32
f 1138/1138/1138 3201/3201/3201 3213/3213/3213
f 1138/1138/1138 3213/3213/3213 1149/1149/1149
f 27/27/27 1737/1737/1737 2859/2859/2859
f 27/27/27 2859/2859/2859 811/811/811
f 1737/1737/1737 641/641/641 1674/1674/1674
f 1737/1737/1737 1674/1674/1674 2859/2859/2859
f 2859/2859/2859 1674/1674/1674 638/638/638
f 2859/2859/2859 638/638/638 1740/1740/1740
f 811/811/811 2859/2859/2859 1740/1740/1740
f 811/811/811 1740/1740/1740 30/30/30
f 2733/2733/2733 1139/1139/1139 1150/1150/1150
f 2733/2733/2733 1150/1150/1150 2742/2742/2742
f 116/116/116 1741/1741/1741 1735/1735/1735
f 116/116/116 1735/1735/1735 47/47/47
f 1741/1741/1741 657/657/657 646/646/646
f 1741/1741/1741 646/646/646 1735/1735/1735
f 660/660/660 1795/1795/1795 1783/1783/1783
f 660/660/660 1783/1783/1783 648/648/648
f 648/648/648 655/655/655 101/101/101
f 648/648/648 101/101/101 46/46/46
f 2862/2862/2862 1706/1706/1706 1699/1699/1699
f 2862/2862/2862 1699/1699/1699 2860/2860/2860
f 2863/2863/2863 2861/2861/2861 1712/1712/1712
f 2863/2863/2863 1712/1712/1712 1715/1715/1715
f 2860/2860/2860 1699/1699/1699 649/649/649
f 2860/2860/2860 649/649/649 1724/1724/1724
f 957/957/957 2860/2860/2860 1724/1724/1724
f 957/957/957 1724/1724/1724 57/57/57
f 3492/3492/3492 3090/3090/3090 1931/1931/1931
f 3492/3492/3492 1931/1931/1931 3085/3085/3085
f 867/867/867 55/55/55 1719/1719/1719
f 867/867/867 1719/1719/1719 2861/2861/2861
f 2861/2861/2861 1719/1719/1719 652/652/652
f 2861/2861/2861 652/652/652 1712/1712/1712
f 980/980/980 867/867/867 2861/2861/2861
f 980/980/980 2861/2861/2861 2863/2863/2863
f 1748/1748/1748 670/670/670 1780/1780/1780
f 1748/1748/1748 1780/1780/1780 2868/2868/2868
f 2873/2873/2873 1791/1791/1791 2864/2864/2864
f 2873/2873/2873 2864/2864/2864 1696/1696/1696
f 3079/3079/3079 1928/1928/1928 3081/3081/3081
f 3079/3079/3079 3081/3081/3081 3489/3489/3489
f 3097/3097/3097 1937/1937/1937 3100/3100/3100
f 3097/3097/3097 3100/3100/3100 3506/3506/3506
f 633/633/633 3101/3101/3101 3509/3509/3509
f 633/633/633 3509/3509/3509 1683/1683/1683
f 661/661/661 668/668/668 1746/1746/1746
f 2201/2201/2201 3298/3298/3298 3272/3272/3272
f 2201/2201/2201 3272/3272/3272 3274/3274/3274
f 3444/3444/3444 1554/1554/1554 558/558/558
f 3444/3444/3444 558/558/558 2990/2990/2990
f 3652/3652/3652 2009/2009/2009 1987/1987/1987
f 3652/3652/3652 1987/1987/1987 3653/3653/3653
f 3488/3488/3488 3077/3077/3077 3070/3070/3070
f 3488/3488/3488 3070/3070/3070 3484/3484/3484
f 2575/2575/2575 1088/1088/1088 2396/2396/2396
f 2575/2575/2575 2396/2396/2396 3339/3339/3339
f 2123/2123/2123 3245/3245/3245 2090/2090/2090
f 2123/2123/2123 2090/2090/2090 224/224/224
f 1141/1141/1141 2681/2681/2681 2970/2970/2970
f 1141/1141/1141 2970/2970/2970 1136/1136/1136
f 3277/3277/3277 2135/2135/2135 2134/2134/2134
f 3277/3277/3277 2134/2134/2134 3311/3311/3311
f 593/593/593 309/309/309 1781/1781/1781
f 593/593/593 1781/1781/1781 1782/1782/1782
f 1136/1136/1136 2751/2751/2751 3426/3426/3426
f 2422/2422/2422 3324/3324/3324 2427/2427/2427
f 2422/2422/2422 2427/2427/2427 764/764/764
f 604/604/604 1696/1696/1696 2864/2864/2864
f 604/604/604 2864/2864/2864 1722/1722/1722
f 1783/1783/1783 1795/1795/1795 695/695/695
f 1783/1783/1783 695/695/695 672/672/672
f 1722/1722/1722 2864/2864/2864 1745/1745/1745
f 1722/1722/1722 1745/1745/1745 7/7/7
f 655/655/655 1831/1831/1831 1830/1830/1830
f 655/655/655 1830/1830/1830 101/101/101
f 2965/2965/2965 2966/2966/2966 1752/1752/1752
f 2965/2965/2965 1752/1752/1752 1755/1755/1755
f 967/967/967 100/100/100 1829/1829/1829
f 967/967/967 1829/1829/1829 2867/2867/2867
f 794/794/794 2285/2285/2285 2264/2264/2264
f 794/794/794 2264/2264/2264 788/788/788
f 1748/1748/1748 2868/2868/2868 1779/1779/1779
f 1748/1748/1748 1779/1779/1779 667/667/667
f 3469/3469/3469 3468/3468/3468 666/666/666
f 3469/3469/3469 666/666/666 662/662/662
f 3470/3470/3470 669/669/669 1747/1747/1747
f 3470/3470/3470 1747/1747/1747 3495/3495/3495
f 3496/3496/3496 1752/1752/1752 664/664/664
f 3496/3496/3496 664/664/664 3469/3469/3469
f 3495/3495/3495 1747/1747/1747 666/666/666
f 3495/3495/3495 666/666/666 3468/3468/3468
f 2865/2865/2865 1750/1750/1750 663/663/663
f 2865/2865/2865 663/663/663 1778/1778/1778
f 1758/1758/1758 705/705/705 1793/1793/1793
f 1758/1758/1758 1793/1793/1793 2879/2879/2879
f 2624/2624/2624 1754/1754/1754 1751/1751/1751
f 2624/2624/2624 1751/1751/1751 2866/2866/2866
f 3498/3498/3498 1755/1755/1755 1752/1752/1752
f 3498/3498/3498 1752/1752/1752 3496/3496/3496
f 1752/1752/1752 2966/2966/2966 659/659/659
f 1752/1752/1752 659/659/659 664/664/664
f 2025/2025/2025 3524/3524/3524 3526/3526/3526
f 2025/2025/2025 3526/3526/3526 2027/2027/2027
f 2239/2239/2239 3241/3241/3241 2079/2079/2079
f 2239/2239/2239 2079/2079/2079 278/278/278
f 2016/2016/2016 3202/3202/3202 3225/3225/3225
f 3527/3527/3527 3521/3521/3521 3078/3078/3078
f 3527/3527/3527 3078/3078/3078 3073/3073/3073
f 3372/3372/3372 3366/3366/3366 2608/2608/2608
f 3372/3372/3372 2608/2608/2608 2577/2577/2577
f 3233/3233/3233 2036/2036/2036 2024/2024/2024
f 3233/3233/3233 2024/2024/2024 3251/3251/3251
f 3226/3226/3226 3109/3109/3109 3565/3565/3565
f 3109/3109/3109 2012/2012/2012 3565/3565/3565
f 1714/1714/1714 3517/3517/3517 3511/3511/3511
f 1714/1714/1714 3511/3511/3511 1692/1692/1692
f 2179/2179/2179 253/253/253 2167/2167/2167
f 2179/2179/2179 2167/2167/2167 3268/3268/3268
f 590/590/590 3622/3622/3622 3623/3623/3623
f 1641/1641/1641 3197/3197/3197 706/706/706
f 3415/3415/3415 2978/2978/2978 1856/1856/1856
f 3415/3415/3415 1856/1856/1856 2973/2973/2973
f 3472/3472/3472 704/704/704 1757/1757/1757
f 3472/3472/3472 1757/1757/1757 3499/3499/3499
f 702/702/702 703/703/703 1756/1756/1756
f 701/701/701 1759/1759/1759 695/695/695
f 702/702/702 1756/1756/1756 701/701/701
f 702/702/702 701/701/701 695/695/695
f 3471/3471/3471 3500/3500/3500 1759/1759/1759
f 3471/3471/3471 1759/1759/1759 701/701/701
f 3499/3499/3499 1757/1757/1757 699/699/699
f 3499/3499/3499 699/699/699 3471/3471/3471
f 1761/1761/1761 700/700/700 1796/1796/1796
f 1761/1761/1761 1796/1796/1796 2878/2878/2878
f 1761/1761/1761 2878/2878/2878 1786/1786/1786
f 1761/1761/1761 1786/1786/1786 697/697/697
f 698/698/698 1762/1762/1762 672/672/672
f 698/698/698 672/672/672 695/695/695
f 695/695/695 1759/1759/1759 698/698/698
f 3473/3473/3473 3501/3501/3501 1762/1762/1762
f 3473/3473/3473 1762/1762/1762 698/698/698
f 3500/3500/3500 1760/1760/1760 696/696/696
f 3500/3500/3500 696/696/696 3473/3473/3473
f 1764/1764/1764 697/697/697 1786/1786/1786
f 1764/1764/1764 1786/1786/1786 2871/2871/2871
f 1764/1764/1764 2871/2871/2871 1784/1784/1784
f 1764/1764/1764 1784/1784/1784 674/674/674
f 675/675/675 1765/1765/1765 676/676/676
f 675/675/675 676/676/676 672/672/672
f 672/672/672 1762/1762/1762 675/675/675
f 3474/3474/3474 3502/3502/3502 1765/1765/1765
f 3474/3474/3474 1765/1765/1765 675/675/675
f 3501/3501/3501 1763/1763/1763 673/673/673
f 3501/3501/3501 673/673/673 3474/3474/3474
f 1767/1767/1767 674/674/674 1784/1784/1784
f 1767/1767/1767 1784/1784/1784 2870/2870/2870
f 1767/1767/1767 2870/2870/2870 1785/1785/1785
f 1767/1767/1767 1785/1785/1785 678/678/678
f 679/679/679 1768/1768/1768 687/687/687
f 679/679/679 687/687/687 676/676/676
f 676/676/676 1765/1765/1765 679/679/679
f 3475/3475/3475 3503/3503/3503 1768/1768/1768
f 3475/3475/3475 1768/1768/1768 679/679/679
f 3502/3502/3502 1766/1766/1766 677/677/677
f 3502/3502/3502 677/677/677 3475/3475/3475
f 1770/1770/1770 678/678/678 1785/1785/1785
f 1770/1770/1770 1785/1785/1785 2872/2872/2872
f 1770/1770/1770 2872/2872/2872 1788/1788/1788
f 1770/1770/1770 1788/1788/1788 689/689/689
f 682/682/682 1799/1799/1799 1771/1771/1771
f 682/682/682 1771/1771/1771 680/680/680
f 687/687/687 1768/1768/1768 690/690/690
f 3481/3481/3481 684/684/684 1773/1773/1773
f 3481/3481/3481 1773/1773/1773 3504/3504/3504
f 3503/3503/3503 1769/1769/1769 688/688/688
f 3503/3503/3503 688/688/688 3476/3476/3476
f 1774/1774/1774 686/686/686 1792/1792/1792
f 1774/1774/1774 1792/1792/1792 2875/2875/2875
f 1774/1774/1774 2875/2875/2875 1793/1793/1793
f 1774/1774/1774 1793/1793/1793 705/705/705
f 690/690/690 1775/1775/1775 691/691/691
f 690/690/690 691/691/691 687/687/687
f 1771/1771/1771 1799/1799/1799 703/703/703
f 1771/1771/1771 703/703/703 702/702/702
f 3476/3476/3476 3505/3505/3505 1775/1775/1775
f 3476/3476/3476 1775/1775/1775 690/690/690
f 3504/3504/3504 1773/1773/1773 704/704/704
f 3504/3504/3504 704/704/704 3472/3472/3472
f 1777/1777/1777 689/689/689 1788/1788/1788
f 1777/1777/1777 1788/1788/1788 2877/2877/2877
f 1777/1777/1777 2877/2877/2877 1794/1794/1794
f 1777/1777/1777 1794/1794/1794 709/709/709
f 3477/3477/3477 3478/3478/3478 692/692/692
f 3477/3477/3477 692/692/692 710/710/710
f 691/691/691 1775/1775/1775 710/710/710
f 3505/3505/3505 1776/1776/1776 708/708/708
f 3505/3505/3505 708/708/708 3477/3477/3477
f 3201/3201/3201 2010/2010/2010 3065/3065/3065
f 3201/3201/3201 3065/3065/3065 3213/3213/3213
f 2199/2199/2199 2198/2198/2198 2175/2175/2175
f 2199/2199/2199 2175/2175/2175 2177/2177/2177
f 1912/1912/1912 3044/3044/3044 3460/3460/3460
f 1912/1912/1912 3460/3460/3460 3021/3021/3021
f 3357/3357/3357 2428/2428/2428 1075/1075/1075
f 3357/3357/3357 1075/1075/1075 2433/2433/2433
f 2384/2384/2384 3318/3318/3318 2425/2425/2425
f 2384/2384/2384 2425/2425/2425 1071/1071/1071
f 242/242/242 2205/2205/2205 3273/3273/3273
f 242/242/242 3273/3273/3273 3296/3296/3296
f 1692/1692/1692 3511/3511/3511 3091/3091/3091
f 1692/1692/1692 3091/3091/3091 612/612/612
f 2883/2883/2883 1814/1814/1814 2908/2908/2908
f 2883/2883/2883 2908/2908/2908 2910/2910/2910
f 3401/3401/3401 2619/2619/2619 1127/1127/1127
f 3401/3401/3401 1127/1127/1127 2618/2618/2618
f 694/694/694 1782/1782/1782 1781/1781/1781
f 694/694/694 1781/1781/1781 671/671/671
f 712/712/712 1797/1797/1797 1798/1798/1798
f 712/712/712 1798/1798/1798 707/707/707
f 691/691/691 692/692/692 668/668/668
f 691/691/691 668/668/668 661/661/661
f 3480/3480/3480 3507/3507/3507 1797/1797/1797
f 3480/3480/3480 1797/1797/1797 712/712/712
f 3478/3478/3478 693/693/693 669/669/669
f 3478/3478/3478 669/669/669 3470/3470/3470
f 3639/3639/3639 3618/3618/3618 3620/3620/3620
f 3639/3639/3639 3620/3620/3620 3640/3640/3640
f 2145/2145/2145 2147/2147/2147 3263/3263/3263
f 2145/2145/2145 3263/3263/3263 3270/3270/3270
f 3523/3523/3523 3126/3126/3126 175/175/175
f 3523/3523/3523 175/175/175 2042/2042/2042
f 2081/2081/2081 3240/3240/3240 2071/2071/2071
f 2081/2081/2081 2071/2071/2071 209/209/209
f 3546/3546/3546 3117/3117/3117 3116/3116/3116
f 3546/3546/3546 3116/3116/3116 3544/3544/3544
f 1156/1156/1156 1151/1151/1151 3206/3206/3206
f 1156/1156/1156 3206/3206/3206 3205/3205/3205
f 2869/2869/2869 1523/1523/1523 317/317/317
f 2869/2869/2869 317/317/317 1265/1265/1265
f 1247/1247/1247 2869/2869/2869 1265/1265/1265
f 1247/1247/1247 1265/1265/1265 319/319/319
f 2671/2671/2671 1134/1134/1134 1154/1154/1154
f 2671/2671/2671 1154/1154/1154 2827/2827/2827
f 3022/3022/3022 1873/1873/1873 1865/1865/1865
f 3022/3022/3022 1865/1865/1865 3052/3052/3052
f 2807/2807/2807 2805/2805/2805 1625/1625/1625
f 2807/2807/2807 1625/1625/1625 1626/1626/1626
f 672/672/672 676/676/676 1783/1783/1783
f 676/676/676 687/687/687 1787/1787/1787
f 676/676/676 1787/1787/1787 1783/1783/1783
f 1783/1783/1783 1787/1787/1787 655/655/655
f 1783/1783/1783 655/655/655 648/648/648
f 680/680/680 1771/1771/1771 2873/2873/2873
f 680/680/680 2873/2873/2873 1789/1789/1789
f 1771/1771/1771 702/702/702 1791/1791/1791
f 1771/1771/1771 1791/1791/1791 2873/2873/2873
f 1789/1789/1789 2873/2873/2873 1696/1696/1696
f 1789/1789/1789 1696/1696/1696 604/604/604
f 686/686/686 1801/1801/1801 2874/2874/2874
f 686/686/686 2874/2874/2874 1792/1792/1792
f 1772/1772/1772 681/681/681 1790/1790/1790
f 1772/1772/1772 1790/1790/1790 2876/2876/2876
f 2876/2876/2876 1790/1790/1790 605/605/605
f 2876/2876/2876 605/605/605 1643/1643/1643
f 1798/1798/1798 1797/1797/1797 683/683/683
f 1798/1798/1798 683/683/683 681/681/681
f 3129/3129/3129 3532/3532/3532 2052/2052/2052
f 3129/3129/3129 2052/2052/2052 181/181/181
f 691/691/691 661/661/661 655/655/655
f 691/691/691 655/655/655 1787/1787/1787
f 655/655/655 661/661/661 1831/1831/1831
f 691/691/691 1787/1787/1787 687/687/687
f 702/702/702 695/695/695 1795/1795/1795
f 702/702/702 1795/1795/1795 1791/1791/1791
f 2603/2603/2603 1113/1113/1113 755/755/755
f 2603/2603/2603 755/755/755 2397/2397/2397
f 1642/1642/1642 707/707/707 1798/1798/1798
f 1642/1642/1642 1798/1798/1798 1772/1772/1772
f 1798/1798/1798 681/681/681 1772/1772/1772
f 3507/3507/3507 1800/1800/1800 685/685/685
f 3507/3507/3507 685/685/685 3482/3482/3482
f 3530/3530/3530 3128/3128/3128 188/188/188
f 3530/3530/3530 188/188/188 2044/2044/2044
f 2212/2212/2212 268/268/268 210/210/210
f 2212/2212/2212 210/210/210 2112/2112/2112
f 1813/1813/1813 2883/2883/2883 2910/2910/2910
f 1813/1813/1813 2910/2910/2910 2902/2902/2902
f 2880/2880/2880 1368/1368/1368 435/435/435
f 2880/2880/2880 435/435/435 1525/1525/1525
f 1420/1420/1420 2880/2880/2880 1525/1525/1525
f 1420/1420/1420 1525/1525/1525 432/432/432
f 720/720/720 722/722/722 719/719/719
f 723/723/723 722/722/722 720/720/720
f 723/723/723 720/720/720 724/724/724
f 1213/1213/1213 2897/2897/2897 1294/1294/1294
f 1213/1213/1213 1294/1294/1294 346/346/346
f 3258/3258/3258 2210/2210/2210 265/265/265
f 3258/3258/3258 265/265/265 3278/3278/3278
f 1201/1201/1201 312/312/312 2008/2008/2008
f 1201/1201/1201 2008/2008/2008 2881/2881/2881
f 969/969/969 659/659/659 656/656/656
f 969/969/969 656/656/656 105/105/105
f 2574/2574/2574 1120/1120/1120 769/769/769
f 2574/2574/2574 769/769/769 2412/2412/2412
f 753/753/753 2423/2423/2423 3327/3327/3327
f 753/753/753 3327/3327/3327 2404/2404/2404
f 3298/3298/3298 2255/2255/2255 2196/2196/2196
f 3298/3298/3298 2196/2196/2196 3307/3307/3307
f 1807/1807/1807 1806/1806/1806 722/722/722
f 1807/1807/1807 722/722/722 723/723/723
f 1695/1695/1695 721/721/721 724/724/724
f 1695/1695/1695 724/724/724 720/720/720
f 427/427/427 399/399/399 1805/1805/1805
f 427/427/427 1805/1805/1805 1806/1806/1806
f 1806/1806/1806 1805/1805/1805 719/719/719
f 1806/1806/1806 719/719/719 722/722/722
f 352/352/352 721/721/721 2882/2882/2882
f 352/352/352 2882/2882/2882 1268/1268/1268
f 312/312/312 1268/1268/1268 2882/2882/2882
f 312/312/312 2882/2882/2882 2008/2008/2008
f 305/305/305 1808/1808/1808 1522/1522/1522
f 305/305/305 1522/1522/1522 523/523/523
f 310/310/310 525/525/525 723/723/723
f 310/310/310 723/723/723 724/724/724
f 426/426/426 430/430/430 1440/1440/1440
f 426/426/426 1440/1440/1440 1454/1454/1454
f 409/409/409 420/420/420 1815/1815/1815
f 409/409/409 1815/1815/1815 1802/1802/1802
f 532/532/532 1584/1584/1584 2883/2883/2883
f 532/532/532 2883/2883/2883 1813/1813/1813
f 1584/1584/1584 718/718/718 1814/1814/1814
f 1584/1584/1584 1814/1814/1814 2883/2883/2883
f 2659/2659/2659 2687/2687/2687 2970/2970/2970
f 2659/2659/2659 2970/2970/2970 2782/2782/2782
f 2110/2110/2110 2246/2246/2246 287/287/287
f 2110/2110/2110 287/287/287 215/215/215
f 589/589/589 1598/1598/1598 2884/2884/2884
f 589/589/589 2884/2884/2884 1812/1812/1812
f 1598/1598/1598 587/587/587 1619/1619/1619
f 1598/1598/1598 1619/1619/1619 2884/2884/2884
f 576/576/576 1600/1600/1600 2885/2885/2885
f 576/576/576 2885/2885/2885 1621/1621/1621
f 1600/1600/1600 589/589/589 1812/1812/1812
f 1600/1600/1600 1812/1812/1812 2885/2885/2885
f 530/530/530 1586/1586/1586 2886/2886/2886
f 530/530/530 2886/2886/2886 1620/1620/1620
f 1586/1586/1586 576/576/576 1621/1621/1621
f 1586/1586/1586 1621/1621/1621 2886/2886/2886
f 579/579/579 1588/1588/1588 2887/2887/2887
f 579/579/579 2887/2887/2887 1615/1615/1615
f 1588/1588/1588 530/530/530 1620/1620/1620
f 1588/1588/1588 1620/1620/1620 2887/2887/2887
f 581/581/581 1590/1590/1590 2888/2888/2888
f 581/581/581 2888/2888/2888 1614/1614/1614
f 1590/1590/1590 574/574/574 1811/1811/1811
f 1590/1590/1590 1811/1811/1811 2888/2888/2888
f 583/583/583 1592/1592/1592 2889/2889/2889
f 583/583/583 2889/2889/2889 1617/1617/1617
f 1592/1592/1592 581/581/581 1614/1614/1614
f 1592/1592/1592 1614/1614/1614 2889/2889/2889
f 585/585/585 1594/1594/1594 2890/2890/2890
f 585/585/585 2890/2890/2890 1618/1618/1618
f 1594/1594/1594 583/583/583 1617/1617/1617
f 1594/1594/1594 1617/1617/1617 2890/2890/2890
f 587/587/587 1596/1596/1596 2891/2891/2891
f 587/587/587 2891/2891/2891 1619/1619/1619
f 1596/1596/1596 585/585/585 1618/1618/1618
f 1596/1596/1596 1618/1618/1618 2891/2891/2891
f 574/574/574 1582/1582/1582 2892/2892/2892
f 574/574/574 2892/2892/2892 1811/1811/1811
f 1582/1582/1582 532/532/532 1813/1813/1813
f 1582/1582/1582 1813/1813/1813 2892/2892/2892
f 399/399/399 409/409/409 1802/1802/1802
f 399/399/399 1802/1802/1802 1805/1805/1805
f 2947/2947/2947 2907/2907/2907 3590/3590/3590
f 2947/2947/2947 3590/3590/3590 3625/3625/3625
f 1987/1987/1987 1956/1956/1956 3645/3645/3645
f 1987/1987/1987 3645/3645/3645 3653/3653/3653
f 590/590/590 2947/2947/2947 3625/3625/3625
f 99/99/99 1065/1065/1065 1064/1064/1064
f 99/99/99 1064/1064/1064 960/960/960
f 3519/3519/3519 3113/3113/3113 1920/1920/1920
f 3519/3519/3519 1920/1920/1920 3121/3121/3121
f 590/590/590 3639/3639/3639 3640/3640/3640
f 3047/3047/3047 3568/3568/3568 3211/3211/3211
f 3047/3047/3047 3211/3211/3211 1913/1913/1913
f 2117/2117/2117 3544/3544/3544 3120/3120/3120
f 2117/2117/2117 3120/3120/3120 221/221/221
f 2592/2592/2592 1112/1112/1112 2586/2586/2586
f 2592/2592/2592 2586/2586/2586 3359/3359/3359
f 596/596/596 3050/3050/3050 3442/3442/3442
f 596/596/596 3442/3442/3442 1552/1552/1552
f 3545/3545/3545 3543/3543/3543 3111/3111/3111
f 3545/3545/3545 3111/3111/3111 3114/3114/3114
f 1165/1165/1165 2972/2972/2972 2975/2975/2975
f 1165/1165/1165 2975/2975/2975 1170/1170/1170
f 2705/2705/2705 1425/1425/1425 413/413/413
f 2705/2705/2705 413/413/413 417/417/417
f 1184/1184/1184 2869/2869/2869 1247/1247/1247
f 1184/1184/1184 1247/1247/1247 290/290/290
f 2894/2894/2894 2966/2966/2966 2965/2965/2965
f 2894/2894/2894 2965/2965/2965 2893/2893/2893
f 1721/1721/1721 36/36/36 827/827/827
f 656/656/656 1721/1721/1721 827/827/827
f 656/656/656 827/827/827 105/105/105
f 1104/1104/1104 2455/2455/2455 3335/3335/3335
f 1104/1104/1104 3335/3335/3335 2415/2415/2415
f 659/659/659 1804/1804/1804 656/656/656
f 2043/2043/2043 176/176/176 2023/2023/2023
f 2043/2043/2043 2023/2023/2023 3253/3253/3253
f 1804/1804/1804 659/659/659 2966/2966/2966
f 1804/1804/1804 2966/2966/2966 2894/2894/2894
f 1344/1344/1344 2894/2894/2894 2893/2893/2893
f 1344/1344/1344 2893/2893/2893 1347/1347/1347
f 2569/2569/2569 3330/3330/3330 2392/2392/2392
f 2569/2569/2569 2392/2392/2392 760/760/760
f 2894/2894/2894 1344/1344/1344 395/395/395
f 2894/2894/2894 395/395/395 1804/1804/1804
f 413/413/413 1425/1425/1425 2735/2735/2735
f 413/413/413 2735/2735/2735 1411/1411/1411
f 332/332/332 1208/1208/1208 2895/2895/2895
f 332/332/332 2895/2895/2895 1858/1858/1858
f 1858/1858/1858 2895/2895/2895 1251/1251/1251
f 1858/1858/1858 1251/1251/1251 330/330/330
f 138/138/138 730/730/730 1039/1039/1039
f 138/138/138 1039/1039/1039 729/729/729
f 1960/1960/1960 139/139/139 147/147/147
f 1960/1960/1960 147/147/147 1965/1965/1965
f 138/138/138 1960/1960/1960 1965/1965/1965
f 138/138/138 1965/1965/1965 731/731/731
f 733/733/733 1041/1041/1041 1966/1966/1966
f 732/732/732 140/140/140 1966/1966/1966
f 732/732/732 1966/1966/1966 1041/1041/1041
f 734/734/734 1042/1042/1042 1966/1966/1966
f 734/734/734 1966/1966/1966 140/140/140
f 733/733/733 1966/1966/1966 1042/1042/1042
f 1961/1961/1961 139/139/139 157/157/157
f 1961/1961/1961 157/157/157 1043/1043/1043
f 735/735/735 1961/1961/1961 1043/1043/1043
f 735/735/735 1043/1043/1043 155/155/155
f 1961/1961/1961 735/735/735 156/156/156
f 1961/1961/1961 156/156/156 1044/1044/1044
f 139/139/139 1961/1961/1961 1044/1044/1044
f 139/139/139 1044/1044/1044 147/147/147
f 1960/1960/1960 138/138/138 729/729/729
f 1960/1960/1960 729/729/729 1045/1045/1045
f 139/139/139 1960/1960/1960 1045/1045/1045
f 139/139/139 1045/1045/1045 157/157/157
f 1807/1807/1807 723/723/723 525/525/525
f 1807/1807/1807 525/525/525 1518/1518/1518
f 422/422/422 1807/1807/1807 1518/1518/1518
f 422/422/422 1518/1518/1518 440/440/440
f 458/458/458 1803/1803/1803 317/317/317
f 458/458/458 317/317/317 1523/1523/1523
f 316/316/316 1252/1252/1252 2896/2896/2896
f 316/316/316 2896/2896/2896 2005/2005/2005
f 1252/1252/1252 347/347/347 1295/1295/1295
f 1252/1252/1252 1295/1295/1295 2896/2896/2896
f 2896/2896/2896 1295/1295/1295 737/737/737
f 2896/2896/2896 737/737/737 2006/2006/2006
f 2005/2005/2005 2896/2896/2896 2006/2006/2006
f 2005/2005/2005 2006/2006/2006 738/738/738
f 1294/1294/1294 2897/2897/2897 725/725/725
f 1294/1294/1294 725/725/725 736/736/736
f 2881/2881/2881 2008/2008/2008 1695/1695/1695
f 2881/2881/2881 1695/1695/1695 656/656/656
f 1213/1213/1213 317/317/317 2007/2007/2007
f 1213/1213/1213 2007/2007/2007 2897/2897/2897
f 2897/2897/2897 2007/2007/2007 725/725/725
f 725/725/725 2007/2007/2007 1803/1803/1803
f 1804/1804/1804 2881/2881/2881 656/656/656
f 2298/2298/2298 2327/2327/2327 889/889/889
f 2298/2298/2298 889/889/889 1049/1049/1049
f 724/724/724 721/721/721 352/352/352
f 724/724/724 352/352/352 310/310/310
f 2500/2500/2500 1273/1273/1273 379/379/379
f 2500/2500/2500 379/379/379 1311/1311/1311
f 93/93/93 77/77/77 904/904/904
f 93/93/93 904/904/904 938/938/938
f 2354/2354/2354 127/127/127 1002/1002/1002
f 2354/2354/2354 1002/1002/1002 2362/2362/2362
f 1002/1002/1002 2352/2352/2352 129/129/129
f 1002/1002/1002 129/129/129 2362/2362/2362
f 861/861/861 2362/2362/2362 129/129/129
f 861/861/861 129/129/129 49/49/49
f 59/59/59 164/164/164 1063/1063/1063
f 59/59/59 1063/1063/1063 871/871/871
f 856/856/856 2286/2286/2286 2262/2262/2262
f 856/856/856 2262/2262/2262 865/865/865
f 1050/1050/1050 2328/2328/2328 2329/2329/2329
f 1050/1050/1050 2329/2329/2329 892/892/892
f 1049/1049/1049 1003/1003/1003 2900/2900/2900
f 1068/1068/1068 124/124/124 1003/1003/1003
f 1068/1068/1068 1003/1003/1003 2370/2370/2370
f 891/891/891 2370/2370/2370 1003/1003/1003
f 891/891/891 1003/1003/1003 1049/1049/1049
f 124/124/124 1000/1000/1000 1003/1003/1003
f 1000/1000/1000 125/125/125 2900/2900/2900
f 1000/1000/1000 2900/2900/2900 1003/1003/1003
f 2944/2944/2944 2945/2945/2945 2903/2903/2903
f 2944/2944/2944 2903/2903/2903 2901/2901/2901
f 2945/2945/2945 2946/2946/2946 2905/2905/2905
f 2945/2945/2945 2905/2905/2905 2903/2903/2903
f 2947/2947/2947 2948/2948/2948 2909/2909/2909
f 2947/2947/2947 2909/2909/2909 2907/2907/2907
f 2948/2948/2948 2944/2944/2944 2901/2901/2901
f 2948/2948/2948 2901/2901/2901 2909/2909/2909
f 2949/2949/2949 2950/2950/2950 2913/2913/2913
f 2949/2949/2949 2913/2913/2913 2911/2911/2911
f 2950/2950/2950 2951/2951/2951 2915/2915/2915
f 2950/2950/2950 2915/2915/2915 2913/2913/2913
f 2951/2951/2951 2952/2952/2952 2917/2917/2917
f 2951/2951/2951 2917/2917/2917 2915/2915/2915
f 2952/2952/2952 2953/2953/2953 2921/2921/2921
f 2952/2952/2952 2921/2921/2921 2917/2917/2917
f 2946/2946/2946 2954/2954/2954 2922/2922/2922
f 2946/2946/2946 2922/2922/2922 2905/2905/2905
f 2954/2954/2954 2955/2955/2955 2924/2924/2924
f 2954/2954/2954 2924/2924/2924 2922/2922/2922
f 2955/2955/2955 2956/2956/2956 2926/2926/2926
f 2955/2955/2955 2926/2926/2926 2924/2924/2924
f 2956/2956/2956 2957/2957/2957 2928/2928/2928
f 2956/2956/2956 2928/2928/2928 2926/2926/2926
f 2957/2957/2957 2958/2958/2958 2930/2930/2930
f 2957/2957/2957 2930/2930/2930 2928/2928/2928
f 2958/2958/2958 2959/2959/2959 2932/2932/2932
f 2958/2958/2958 2932/2932/2932 2930/2930/2930
f 2959/2959/2959 2960/2960/2960 2934/2934/2934
f 2959/2959/2959 2934/2934/2934 2932/2932/2932
f 2960/2960/2960 2961/2961/2961 2936/2936/2936
f 2960/2960/2960 2936/2936/2936 2934/2934/2934
f 2961/2961/2961 2962/2962/2962 2938/2938/2938
f 2961/2961/2961 2938/2938/2938 2936/2936/2936
f 2962/2962/2962 2963/2963/2963 2940/2940/2940
f 2962/2962/2962 2940/2940/2940 2938/2938/2938
f 2963/2963/2963 2964/2964/2964 2942/2942/2942
f 2963/2963/2963 2942/2942/2942 2940/2940/2940
f 2964/2964/2964 2949/2949/2949 2911/2911/2911
f 2964/2964/2964 2911/2911/2911 2942/2942/2942
f 590/590/590 2945/2945/2945 2944/2944/2944
f 590/590/590 2946/2946/2946 2945/2945/2945
f 590/590/590 2948/2948/2948 2947/2947/2947
f 590/590/590 2944/2944/2944 2948/2948/2948
f 590/590/590 2950/2950/2950 2949/2949/2949
f 590/590/590 2951/2951/2951 2950/2950/2950
f 590/590/590 2952/2952/2952 2951/2951/2951
f 590/590/590 2953/2953/2953 2952/2952/2952
f 590/590/590 2954/2954/2954 2946/2946/2946
f 590/590/590 2955/2955/2955 2954/2954/2954
f 590/590/590 2956/2956/2956 2955/2955/2955
f 590/590/590 2957/2957/2957 2956/2956/2956
f 590/590/590 2958/2958/2958 2957/2957/2957
f 590/590/590 2959/2959/2959 2958/2958/2958
f 590/590/590 2960/2960/2960 2959/2959/2959
f 590/590/590 2961/2961/2961 2960/2960/2960
f 590/590/590 2962/2962/2962 2961/2961/2961
f 590/590/590 2963/2963/2963 2962/2962/2962
f 590/590/590 2964/2964/2964 2963/2963/2963
f 590/590/590 2949/2949/2949 2964/2964/2964
f 2548/2548/2548 1397/1397/1397 1320/1320/1320
f 2548/2548/2548 1320/1320/1320 2516/2516/2516
f 829/829/829 116/116/116 996/996/996
f 829/829/829 996/996/996 2279/2279/2279
f 50/50/50 120/120/120 994/994/994
f 50/50/50 994/994/994 859/859/859
f 591/591/591 1560/1560/1560 2769/2769/2769
f 591/591/591 2769/2769/2769 1610/1610/1610
f 2091/2091/2091 3233/3233/3233 3251/3251/3251
f 2091/2091/2091 3251/3251/3251 2095/2095/2095
f 1848/1848/1848 2790/2790/2790 3439/3439/3439
f 1848/1848/1848 3439/3439/3439 2672/2672/2672
f 2480/2480/2480 1189/1189/1189 295/295/295
f 2480/2480/2480 295/295/295 1261/1261/1261
f 2801/2801/2801 2803/2803/2803 542/542/542
f 2801/2801/2801 542/542/542 1601/1601/1601
f 3338/3338/3338 2394/2394/2394 757/757/757
f 3338/3338/3338 757/757/757 2419/2419/2419
f 598/598/598 592/592/592 1561/1561/1561
f 598/598/598 1561/1561/1561 1602/1602/1602
f 2003/2003/2003 1808/1808/1808 305/305/305
f 2003/2003/2003 305/305/305 350/350/350
f 1795/1795/1795 660/660/660 1745/1745/1745
f 1945/1945/1945 270/270/270 2072/2072/2072
f 1945/1945/1945 2072/2072/2072 3122/3122/3122
f 1454/1454/1454 2700/2700/2700 1490/1490/1490
f 738/738/738 1230/1230/1230 307/307/307
f 738/738/738 307/307/307 394/394/394
f 425/425/425 429/429/429 430/430/430
f 425/425/425 430/430/430 426/426/426
f 404/404/404 1411/1411/1411 415/415/415
f 415/415/415 1436/1436/1436 1466/1466/1466
f 415/415/415 1466/1466/1466 404/404/404
f 1695/1695/1695 720/720/720 719/719/719
f 2008/2008/2008 2882/2882/2882 1695/1695/1695
f 2882/2882/2882 721/721/721 1695/1695/1695
f 2084/2084/2084 2899/2899/2899 1819/1819/1819
f 1803/1803/1803 2007/2007/2007 317/317/317
f 601/601/601 728/728/728 3317/3317/3317
f 601/601/601 3317/3317/3317 3074/3074/3074
f 1831/1831/1831 659/659/659 969/969/969
f 1831/1831/1831 969/969/969 1830/1830/1830
f 398/398/398 306/306/306 1220/1220/1220
f 398/398/398 1220/1220/1220 1349/1349/1349
f 1310/1310/1310 378/378/378 598/598/598
f 1310/1310/1310 598/598/598 2802/2802/2802
f 1797/1797/1797 3507/3507/3507 3482/3482/3482
f 1797/1797/1797 3482/3482/3482 683/683/683
f 692/692/692 3478/3478/3478 3470/3470/3470
f 692/692/692 3470/3470/3470 668/668/668
f 714/714/714 1800/1800/1800 3507/3507/3507
f 714/714/714 3507/3507/3507 3480/3480/3480
f 1775/1775/1775 3505/3505/3505 3477/3477/3477
f 1775/1775/1775 3477/3477/3477 710/710/710
f 708/708/708 693/693/693 3478/3478/3478
f 708/708/708 3478/3478/3478 3477/3477/3477
f 1799/1799/1799 3504/3504/3504 3472/3472/3472
f 1799/1799/1799 3472/3472/3472 703/703/703
f 688/688/688 1776/1776/1776 3505/3505/3505
f 688/688/688 3505/3505/3505 3476/3476/3476
f 1768/1768/1768 3503/3503/3503 3476/3476/3476
f 1768/1768/1768 3476/3476/3476 690/690/690
f 682/682/682 3481/3481/3481 3504/3504/3504
f 682/682/682 3504/3504/3504 1799/1799/1799
f 1765/1765/1765 3502/3502/3502 3475/3475/3475
f 1765/1765/1765 3475/3475/3475 679/679/679
f 677/677/677 1769/1769/1769 3503/3503/3503
f 677/677/677 3503/3503/3503 3475/3475/3475
f 1762/1762/1762 3501/3501/3501 3474/3474/3474
f 1762/1762/1762 3474/3474/3474 675/675/675
f 673/673/673 1766/1766/1766 3502/3502/3502
f 673/673/673 3502/3502/3502 3474/3474/3474
f 1759/1759/1759 3500/3500/3500 3473/3473/3473
f 1759/1759/1759 3473/3473/3473 698/698/698
f 696/696/696 1763/1763/1763 3501/3501/3501
f 696/696/696 3501/3501/3501 3473/3473/3473
f 1756/1756/1756 3499/3499/3499 3471/3471/3471
f 1756/1756/1756 3471/3471/3471 701/701/701
f 699/699/699 1760/1760/1760 3500/3500/3500
f 699/699/699 3500/3500/3500 3471/3471/3471
f 703/703/703 3472/3472/3472 3499/3499/3499
f 703/703/703 3499/3499/3499 1756/1756/1756
f 1753/1753/1753 3498/3498/3498 3496/3496/3496
f 1753/1753/1753 3496/3496/3496 1749/1749/1749
f 1746/1746/1746 3495/3495/3495 3468/3468/3468
f 1746/1746/1746 3468/3468/3468 665/665/665
f 1749/1749/1749 3496/3496/3496 3469/3469/3469
f 1749/1749/1749 3469/3469/3469 662/662/662
f 668/668/668 3470/3470/3470 3495/3495/3495
f 668/668/668 3495/3495/3495 1746/1746/1746
f 664/664/664 665/665/665 3468/3468/3468
f 664/664/664 3468/3468/3468 3469/3469/3469
f 1779/1779/1779 2868/2868/2868 1212/1212/1212
f 2868/2868/2868 1211/1211/1211 306/306/306
f 2868/2868/2868 306/306/306 1212/1212/1212
f 1040/1040/1040 730/730/730 138/138/138
f 1040/1040/1040 138/138/138 731/731/731
f 1005/1005/1005 142/142/142 1024/1024/1024
f 1005/1005/1005 1024/1024/1024 2333/2333/2333
f 1436/1436/1436 415/415/415 1479/1479/1479
f 1436/1436/1436 1479/1479/1479 3667/3667/3667
f 499/499/499 3672/3672/3672 3667/3667/3667
f 499/499/499 3667/3667/3667 1479/1479/1479
f 1436/1436/1436 3667/3667/3667 444/444/444
f 1436/1436/1436 444/444/444 1466/1466/1466
f 481/481/481 3669/3669/3669 3670/3670/3670
f 481/481/481 3670/3670/3670 1447/1447/1447
f 1172/1172/1172 3668/3668/3668 2728/2728/2728
f 1172/1172/1172 2728/2728/2728 2770/2770/2770
f 3671/3671/3671 498/498/498 1447/1447/1447
f 3671/3671/3671 1447/1447/1447 3670/3670/3670
f 3672/3672/3672 1384/1384/1384 444/444/444
f 3672/3672/3672 444/444/444 3667/3667/3667
f 2788/2788/2788 3668/3668/3668 2798/2798/2798
f 2788/2788/2788 2798/2798/2798 1833/1833/1833
f 2650/2650/2650 3341/3341/3341 1488/1488/1488
f 2650/2650/2650 1488/1488/1488 2797/2797/2797
f 3341/3341/3341 1497/1497/1497 3669/3669/3669
f 3341/3341/3341 3669/3669/3669 1488/1488/1488
f 2561/2561/2561 1325/1325/1325 2593/2593/2593
f 2561/2561/2561 2593/2593/2593 3406/3406/3406
f 494/494/494 1826/1826/1826 2792/2792/2792
f 494/494/494 2792/2792/2792 1482/1482/1482
f 1808/1808/1808 725/725/725 1522/1522/1522
f 3207/3207/3207 2978/2978/2978 2016/2016/2016
f 2120/2120/2120 224/224/224 2151/2151/2151
f 2120/2120/2120 2151/2151/2151 3314/3314/3314
f 4097/4097/4097 4832/4832/4832 4923/4923/4923
f 4097/4097/4097 4923/4923/4923 4838/4838/4838
f 4832/4832/4832 3706/3706/3706 4330/4330/4330
f 4832/4832/4832 4330/4330/4330 4923/4923/4923
f 4923/4923/4923 4330/4330/4330 3947/3947/3947
f 4923/4923/4923 3947/3947/3947 4834/4834/4834
f 4838/4838/4838 4923/4923/4923 4834/4834/4834
f 4838/4838/4838 4834/4834/4834 4099/4099/4099
f 3961/3961/3961 4591/4591/4591 4924/4924/4924
f 3961/3961/3961 4924/4924/4924 4597/4597/4597
f 4591/4591/4591 3680/3680/3680 4324/4324/4324
f 4591/4591/4591 4324/4324/4324 4924/4924/4924
f 4924/4924/4924 4324/4324/4324 3921/3921/3921
f 4924/4924/4924 3921/3921/3921 4593/4593/4593
f 4597/4597/4597 4924/4924/4924 4593/4593/4593
f 4597/4597/4597 4593/4593/4593 3963/3963/3963
f 4117/4117/4117 4864/4864/4864 4925/4925/4925
f 4117/4117/4117 4925/4925/4925 4870/4870/4870
f 4864/4864/4864 3698/3698/3698 4318/4318/4318
f 4864/4864/4864 4318/4318/4318 4925/4925/4925
f 4925/4925/4925 4318/4318/4318 3939/3939/3939
f 4925/4925/4925 3939/3939/3939 4866/4866/4866
f 4870/4870/4870 4925/4925/4925 4866/4866/4866
f 4870/4870/4870 4866/4866/4866 4119/4119/4119
f 4077/4077/4077 4799/4799/4799 4926/4926/4926
f 4077/4077/4077 4926/4926/4926 4805/4805/4805
f 4799/4799/4799 3712/3712/3712 4323/4323/4323
f 4799/4799/4799 4323/4323/4323 4926/4926/4926
f 4926/4926/4926 4323/4323/4323 3953/3953/3953
f 4926/4926/4926 3953/3953/3953 4801/4801/4801
f 4805/4805/4805 4926/4926/4926 4801/4801/4801
f 4805/4805/4805 4801/4801/4801 4079/4079/4079
f 4017/4017/4017 4703/4703/4703 4927/4927/4927
f 4017/4017/4017 4927/4927/4927 4709/4709/4709
f 4703/4703/4703 3686/3686/3686 4322/4322/4322
f 4703/4703/4703 4322/4322/4322 4927/4927/4927
f 4927/4927/4927 4322/4322/4322 3927/3927/3927
f 4927/4927/4927 3927/3927/3927 4705/4705/4705
f 4709/4709/4709 4927/4927/4927 4705/4705/4705
f 4709/4709/4709 4705/4705/4705 4019/4019/4019
f 3974/3974/3974 4617/4617/4617 4928/4928/4928
f 3974/3974/3974 4928/4928/4928 4623/4623/4623
f 4617/4617/4617 3684/3684/3684 4320/4320/4320
f 4617/4617/4617 4320/4320/4320 4928/4928/4928
f 4928/4928/4928 4320/4320/4320 3925/3925/3925
f 4928/4928/4928 3925/3925/3925 4619/4619/4619
f 4623/4623/4623 4928/4928/4928 4619/4619/4619
f 4623/4623/4623 4619/4619/4619 3976/3976/3976
f 3986/3986/3986 4641/4641/4641 4929/4929/4929
f 3986/3986/3986 4929/4929/4929 4647/4647/4647
f 4641/4641/4641 3714/3714/3714 4319/4319/4319
f 4641/4641/4641 4319/4319/4319 4929/4929/4929
f 4929/4929/4929 4319/4319/4319 3955/3955/3955
f 4929/4929/4929 3955/3955/3955 4643/4643/4643
f 4647/4647/4647 4929/4929/4929 4643/4643/4643
f 4647/4647/4647 4643/4643/4643 3988/3988/3988
f 4027/4027/4027 4719/4719/4719 4930/4930/4930
f 4027/4027/4027 4930/4930/4930 4725/4725/4725
f 4719/4719/4719 3682/3682/3682 4321/4321/4321
f 4719/4719/4719 4321/4321/4321 4930/4930/4930
f 4930/4930/4930 4321/4321/4321 3923/3923/3923
f 4930/4930/4930 3923/3923/3923 4721/4721/4721
f 4725/4725/4725 4930/4930/4930 4721/4721/4721
f 4725/4725/4725 4721/4721/4721 4029/4029/4029
f 4047/4047/4047 4475/4475/4475 4931/4931/4931
f 4047/4047/4047 4931/4931/4931 4757/4757/4757
f 4475/4475/4475 3696/3696/3696 4326/4326/4326
f 4475/4475/4475 4326/4326/4326 4931/4931/4931
f 4931/4931/4931 4326/4326/4326 3937/3937/3937
f 4931/4931/4931 3937/3937/3937 4535/4535/4535
f 4757/4757/4757 4931/4931/4931 4535/4535/4535
f 4757/4757/4757 4535/4535/4535 4049/4049/4049
f 3992/3992/3992 4653/4653/4653 4932/4932/4932
f 3992/3992/3992 4932/4932/4932 4659/4659/4659
f 4653/4653/4653 3710/3710/3710 4327/4327/4327
f 4653/4653/4653 4327/4327/4327 4932/4932/4932
f 4932/4932/4932 4327/4327/4327 3951/3951/3951
f 4932/4932/4932 3951/3951/3951 4655/4655/4655
f 4659/4659/4659 4932/4932/4932 4655/4655/4655
f 4659/4659/4659 4655/4655/4655 3994/3994/3994
f 4037/4037/4037 4735/4735/4735 4933/4933/4933
f 4037/4037/4037 4933/4933/4933 4741/4741/4741
f 4735/4735/4735 3678/3678/3678 4325/4325/4325
f 4735/4735/4735 4325/4325/4325 4933/4933/4933
f 4933/4933/4933 4325/4325/4325 3919/3919/3919
f 4933/4933/4933 3919/3919/3919 4737/4737/4737
f 4741/4741/4741 4933/4933/4933 4737/4737/4737
f 4741/4741/4741 4737/4737/4737 4039/4039/4039
f 4011/4011/4011 4473/4473/4473 4934/4934/4934
f 4011/4011/4011 4934/4934/4934 4697/4697/4697
f 4473/4473/4473 3694/3694/3694 4329/4329/4329
f 4473/4473/4473 4329/4329/4329 4934/4934/4934
f 4934/4934/4934 4329/4329/4329 3935/3935/3935
f 4934/4934/4934 3935/3935/3935 4533/4533/4533
f 4697/4697/4697 4934/4934/4934 4533/4533/4533
f 4697/4697/4697 4533/4533/4533 4013/4013/4013
f 4087/4087/4087 4816/4816/4816 4935/4935/4935
f 4087/4087/4087 4935/4935/4935 4822/4822/4822
f 4816/4816/4816 3708/3708/3708 4328/4328/4328
f 4816/4816/4816 4328/4328/4328 4935/4935/4935
f 4935/4935/4935 4328/4328/4328 3949/3949/3949
f 4935/4935/4935 3949/3949/3949 4818/4818/4818
f 4822/4822/4822 4935/4935/4935 4818/4818/4818
f 4822/4822/4822 4818/4818/4818 4089/4089/4089
f 4057/4057/4057 4471/4471/4471 4936/4936/4936
f 4057/4057/4057 4936/4936/4936 4773/4773/4773
f 4471/4471/4471 3692/3692/3692 4331/4331/4331
f 4471/4471/4471 4331/4331/4331 4936/4936/4936
f 4936/4936/4936 4331/4331/4331 3933/3933/3933
f 4936/4936/4936 3933/3933/3933 4531/4531/4531
f 4773/4773/4773 4936/4936/4936 4531/4531/4531
f 4773/4773/4773 4531/4531/4531 4059/4059/4059
f 3980/3980/3980 4629/4629/4629 4937/4937/4937
f 3980/3980/3980 4937/4937/4937 4635/4635/4635
f 4629/4629/4629 3704/3704/3704 4332/4332/4332
f 4629/4629/4629 4332/4332/4332 4937/4937/4937
f 4937/4937/4937 4332/4332/4332 3945/3945/3945
f 4937/4937/4937 3945/3945/3945 4631/4631/4631
f 4635/4635/4635 4937/4937/4937 4631/4631/4631
f 4635/4635/4635 4631/4631/4631 3982/3982/3982
f 4005/4005/4005 4469/4469/4469 4938/4938/4938
f 4005/4005/4005 4938/4938/4938 4685/4685/4685
f 4469/4469/4469 3688/3688/3688 4334/4334/4334
f 4469/4469/4469 4334/4334/4334 4938/4938/4938
f 4938/4938/4938 4334/4334/4334 3929/3929/3929
f 4938/4938/4938 3929/3929/3929 4529/4529/4529
f 4685/4685/4685 4938/4938/4938 4529/4529/4529
f 4685/4685/4685 4529/4529/4529 4007/4007/4007
f 4107/4107/4107 4848/4848/4848 4939/4939/4939
f 4107/4107/4107 4939/4939/4939 4854/4854/4854
f 4848/4848/4848 3702/3702/3702 4336/4336/4336
f 4848/4848/4848 4336/4336/4336 4939/4939/4939
f 4939/4939/4939 4336/4336/4336 3943/3943/3943
f 4939/4939/4939 3943/3943/3943 4850/4850/4850
f 4854/4854/4854 4939/4939/4939 4850/4850/4850
f 4854/4854/4854 4850/4850/4850 4109/4109/4109
f 3998/3998/3998 4665/4665/4665 4940/4940/4940
f 3998/3998/3998 4940/4940/4940 4671/4671/4671
f 4665/4665/4665 3716/3716/3716 4333/4333/4333
f 4665/4665/4665 4333/4333/4333 4940/4940/4940
f 4940/4940/4940 4333/4333/4333 3957/3957/3957
f 4940/4940/4940 3957/3957/3957 4667/4667/4667
f 4671/4671/4671 4940/4940/4940 4667/4667/4667
f 4671/4671/4671 4667/4667/4667 4000/4000/4000
f 4067/4067/4067 4467/4467/4467 4941/4941/4941
f 4067/4067/4067 4941/4941/4941 4789/4789/4789
f 4467/4467/4467 3690/3690/3690 4335/4335/4335
f 4467/4467/4467 4335/4335/4335 4941/4941/4941
f 4941/4941/4941 4335/4335/4335 3931/3931/3931
f 4941/4941/4941 3931/3931/3931 4527/4527/4527
f 4789/4789/4789 4941/4941/4941 4527/4527/4527
f 4789/4789/4789 4527/4527/4527 4069/4069/4069
f 3968/3968/3968 4602/4602/4602 4942/4942/4942
f 3968/3968/3968 4942/4942/4942 4611/4611/4611
f 4602/4602/4602 3700/3700/3700 4337/4337/4337
f 4602/4602/4602 4337/4337/4337 4942/4942/4942
f 4942/4942/4942 4337/4337/4337 3941/3941/3941
f 4942/4942/4942 3941/3941/3941 4604/4604/4604
f 4611/4611/4611 4942/4942/4942 4604/4604/4604
f 4611/4611/4611 4604/4604/4604 3970/3970/3970
f 3752/3752/3752 4443/4443/4443 4363/4363/4363
f 3752/3752/3752 4363/4363/4363 4186/4186/4186
f 4303/4303/4303 4410/4410/4410 4104/4104/4104
f 4303/4303/4303 4104/4104/4104 4101/4101/4101
f 4943/4943/4943 4343/4343/4343 3904/3904/3904
f 4943/4943/4943 3904/3904/3904 4651/4651/4651
f 4658/4658/4658 4943/4943/4943 4651/4651/4651
f 4658/4658/4658 4651/4651/4651 3990/3990/3990
f 4894/4894/4894 4920/4920/4920 4455/4455/4455
f 4894/4894/4894 4455/4455/4455 4375/4375/4375
f 4227/4227/4227 3768/3768/3768 4440/4440/4440
f 4227/4227/4227 4440/4440/4440 4360/4360/4360
f 4644/4644/4644 4646/4646/4646 5020/5020/5020
f 4644/4644/4644 5020/5020/5020 5018/5018/5018
f 4886/4886/4886 4912/4912/4912 3812/3812/3812
f 4886/4886/4886 3812/3812/3812 3884/3884/3884
f 3747/3747/3747 4859/4859/4859 4856/4856/4856
f 3747/3747/3747 4856/4856/4856 4178/4178/4178
f 4883/4883/4883 4909/4909/4909 3828/3828/3828
f 4883/4883/4883 3828/3828/3828 3913/3913/3913
f 5001/5001/5001 4943/4943/4943 4658/4658/4658
f 5001/5001/5001 4658/4658/4658 4656/4656/4656
f 4561/4561/4561 4343/4343/4343 4943/4943/4943
f 4561/4561/4561 4943/4943/4943 5001/5001/5001
f 4944/4944/4944 4355/4355/4355 3912/3912/3912
f 4944/4944/4944 3912/3912/3912 4639/4639/4639
f 4646/4646/4646 4944/4944/4944 4639/4639/4639
f 4646/4646/4646 4639/4639/4639 3984/3984/3984
f 5000/5000/5000 4944/4944/4944 4646/4646/4646
f 5000/5000/5000 4646/4646/4646 4644/4644/4644
f 4567/4567/4567 4355/4355/4355 4944/4944/4944
f 4567/4567/4567 4944/4944/4944 5000/5000/5000
f 4945/4945/4945 4878/4878/4878 3852/3852/3852
f 4945/4945/4945 3852/3852/3852 4615/4615/4615
f 4622/4622/4622 4945/4945/4945 4615/4615/4615
f 4622/4622/4622 4615/4615/4615 3972/3972/3972
f 4999/4999/4999 4945/4945/4945 4622/4622/4622
f 4999/4999/4999 4622/4622/4622 4620/4620/4620
f 4353/4353/4353 4878/4878/4878 4945/4945/4945
f 4353/4353/4353 4945/4945/4945 4999/4999/4999
f 4946/4946/4946 4876/4876/4876 3855/3855/3855
f 4946/4946/4946 3855/3855/3855 4701/4701/4701
f 4708/4708/4708 4946/4946/4946 4701/4701/4701
f 4708/4708/4708 4701/4701/4701 4015/4015/4015
f 3882/3882/3882 3811/3811/3811 4408/4408/4408
f 3882/3882/3882 4408/4408/4408 4299/4299/4299
f 4856/4856/4856 4859/4859/4859 4112/4112/4112
f 4856/4856/4856 4112/4112/4112 4182/4182/4182
f 3880/3880/3880 3809/3809/3809 4908/4908/4908
f 3880/3880/3880 4908/4908/4908 4882/4882/4882
f 4299/4299/4299 4408/4408/4408 4114/4114/4114
f 4299/4299/4299 4114/4114/4114 4111/4111/4111
f 4998/4998/4998 4946/4946/4946 4708/4708/4708
f 4998/4998/4998 4708/4708/4708 4706/4706/4706
f 4349/4349/4349 4876/4876/4876 4946/4946/4946
f 4349/4349/4349 4946/4946/4946 4998/4998/4998
f 4947/4947/4947 4872/4872/4872 3844/3844/3844
f 4947/4947/4947 3844/3844/3844 4589/4589/4589
f 4596/4596/4596 4947/4947/4947 4589/4589/4589
f 4596/4596/4596 4589/4589/4589 3959/3959/3959
f 4341/4341/4341 4872/4872/4872 4947/4947/4947
f 4341/4341/4341 4947/4947/4947 4997/4997/4997
f 4173/4173/4173 3745/3745/3745 4386/4386/4386
f 4173/4173/4173 4386/4386/4386 4255/4255/4255
f 4997/4997/4997 4947/4947/4947 4596/4596/4596
f 4997/4997/4997 4596/4596/4596 4594/4594/4594
f 4948/4948/4948 4885/4885/4885 3883/3883/3883
f 4948/4948/4948 3883/3883/3883 4601/4601/4601
f 4610/4610/4610 4948/4948/4948 4601/4601/4601
f 4610/4610/4610 4601/4601/4601 3966/3966/3966
f 4362/4362/4362 4885/4885/4885 4948/4948/4948
f 4362/4362/4362 4948/4948/4948 4996/4996/4996
f 3902/3902/3902 3822/3822/3822 4412/4412/4412
f 3902/3902/3902 4412/4412/4412 4307/4307/4307
f 4996/4996/4996 4948/4948/4948 4610/4610/4610
f 4996/4996/4996 4610/4610/4610 4607/4607/4607
f 4949/4949/4949 4884/4884/4884 3916/3916/3916
f 4949/4949/4949 3916/3916/3916 4663/4663/4663
f 4670/4670/4670 4949/4949/4949 4663/4663/4663
f 4670/4670/4670 4663/4663/4663 3996/3996/3996
f 3854/3854/3854 3801/3801/3801 4748/4748/4748
f 3854/3854/3854 4748/4748/4748 4745/4745/4745
f 4255/4255/4255 4386/4386/4386 4042/4042/4042
f 4255/4255/4255 4042/4042/4042 4170/4170/4170
f 4995/4995/4995 4949/4949/4949 4670/4670/4670
f 4995/4995/4995 4670/4670/4670 4668/4668/4668
f 4361/4361/4361 4884/4884/4884 4949/4949/4949
f 4361/4361/4361 4949/4949/4949 4995/4995/4995
f 4950/4950/4950 4889/4889/4889 3858/3858/3858
f 4950/4950/4950 3858/3858/3858 4288/4288/4288
f 4683/4683/4683 4950/4950/4950 4288/4288/4288
f 4683/4683/4683 4288/4288/4288 4002/4002/4002
f 4994/4994/4994 4950/4950/4950 4683/4683/4683
f 4994/4994/4994 4683/4683/4683 4680/4680/4680
f 4370/4370/4370 4889/4889/4889 4950/4950/4950
f 4370/4370/4370 4950/4950/4950 4994/4994/4994
f 4951/4951/4951 4891/4891/4891 3891/3891/3891
f 4951/4951/4951 3891/3891/3891 4627/4627/4627
f 4634/4634/4634 4951/4951/4951 4627/4627/4627
f 4634/4634/4634 4627/4627/4627 3978/3978/3978
f 4234/4234/4234 3775/3775/3775 4581/4581/4581
f 4234/4234/4234 4581/4581/4581 4566/4566/4566
f 4745/4745/4745 4748/4748/4748 4044/4044/4044
f 4745/4745/4745 4044/4044/4044 4041/4041/4041
f 4193/4193/4193 3754/3754/3754 4843/4843/4843
f 4193/4193/4193 4843/4843/4843 4840/4840/4840
f 4620/4620/4620 4622/4622/4622 5012/5012/5012
f 4620/4620/4620 5012/5012/5012 5010/5010/5010
f 4993/4993/4993 4951/4951/4951 4634/4634/4634
f 4993/4993/4993 4634/4634/4634 4632/4632/4632
f 4372/4372/4372 4891/4891/4891 4951/4951/4951
f 4372/4372/4372 4951/4951/4951 4993/4993/4993
f 4952/4952/4952 4895/4895/4895 3871/3871/3871
f 4952/4952/4952 3871/3871/3871 4293/4293/4293
f 4696/4696/4696 4952/4952/4952 4293/4293/4293
f 4696/4696/4696 4293/4293/4293 4009/4009/4009
f 4992/4992/4992 4952/4952/4952 4696/4696/4696
f 4992/4992/4992 4696/4696/4696 4694/4694/4694
f 4376/4376/4376 4895/4895/4895 4952/4952/4952
f 4376/4376/4376 4952/4952/4952 4992/4992/4992
f 4953/4953/4953 4419/4419/4419 3779/3779/3779
f 4953/4953/4953 3779/3779/3779 4733/4733/4733
f 4740/4740/4740 4953/4953/4953 4733/4733/4733
f 4740/4740/4740 4733/4733/4733 4035/4035/4035
f 4991/4991/4991 4953/4953/4953 4740/4740/4740
f 4991/4991/4991 4740/4740/4740 4738/4738/4738
f 4573/4573/4573 4419/4419/4419 4953/4953/4953
f 4573/4573/4573 4953/4953/4953 4991/4991/4991
f 4954/4954/4954 4427/4427/4427 3806/3806/3806
f 4954/4954/4954 3806/3806/3806 4407/4407/4407
f 4756/4756/4756 4954/4954/4954 4407/4407/4407
f 4756/4756/4756 4407/4407/4407 4045/4045/4045
f 4990/4990/4990 4954/4954/4954 4756/4756/4756
f 4990/4990/4990 4756/4756/4756 4754/4754/4754
f 4577/4577/4577 4427/4427/4427 4954/4954/4954
f 4577/4577/4577 4954/4954/4954 4990/4990/4990
f 4955/4955/4955 4430/4430/4430 3784/3784/3784
f 4955/4955/4955 3784/3784/3784 4717/4717/4717
f 4724/4724/4724 4955/4955/4955 4717/4717/4717
f 4724/4724/4724 4717/4717/4717 4025/4025/4025
f 4989/4989/4989 4955/4955/4955 4724/4724/4724
f 4989/4989/4989 4724/4724/4724 4722/4722/4722
f 4578/4578/4578 4430/4430/4430 4955/4955/4955
f 4578/4578/4578 4955/4955/4955 4989/4989/4989
f 4956/4956/4956 4899/4899/4899 3826/3826/3826
f 4956/4956/4956 3826/3826/3826 4797/4797/4797
f 4804/4804/4804 4956/4956/4956 4797/4797/4797
f 4804/4804/4804 4797/4797/4797 4075/4075/4075
f 4988/4988/4988 4956/4956/4956 4804/4804/4804
f 4988/4988/4988 4804/4804/4804 4802/4802/4802
f 4424/4424/4424 4899/4899/4899 4956/4956/4956
f 4424/4424/4424 4956/4956/4956 4988/4988/4988
f 4957/4957/4957 4907/4907/4907 3808/3808/3808
f 4957/4957/4957 3808/3808/3808 4862/4862/4862
f 4869/4869/4869 4957/4957/4957 4862/4862/4862
f 4869/4869/4869 4862/4862/4862 4115/4115/4115
f 4987/4987/4987 4957/4957/4957 4869/4869/4869
f 4987/4987/4987 4869/4869/4869 4867/4867/4867
f 4438/4438/4438 4907/4907/4907 4957/4957/4957
f 4438/4438/4438 4957/4957/4957 4987/4987/4987
f 4958/4958/4958 4445/4445/4445 3833/3833/3833
f 4958/4958/4958 3833/3833/3833 4830/4830/4830
f 4837/4837/4837 4958/4958/4958 4830/4830/4830
f 4837/4837/4837 4830/4830/4830 4095/4095/4095
f 4986/4986/4986 4958/4958/4958 4837/4837/4837
f 4986/4986/4986 4837/4837/4837 4835/4835/4835
f 4583/4583/4583 4445/4445/4445 4958/4958/4958
f 4583/4583/4583 4958/4958/4958 4986/4986/4986
f 4959/4959/4959 4448/4448/4448 3793/3793/3793
f 4959/4959/4959 3793/3793/3793 4403/4403/4403
f 4788/4788/4788 4959/4959/4959 4403/4403/4403
f 4788/4788/4788 4403/4403/4403 4065/4065/4065
f 4985/4985/4985 4959/4959/4959 4788/4788/4788
f 4985/4985/4985 4788/4788/4788 4786/4786/4786
f 4584/4584/4584 4448/4448/4448 4959/4959/4959
f 4584/4584/4584 4959/4959/4959 4985/4985/4985
f 4960/4960/4960 4914/4914/4914 3815/3815/3815
f 4960/4960/4960 3815/3815/3815 4846/4846/4846
f 4853/4853/4853 4960/4960/4960 4846/4846/4846
f 4853/4853/4853 4846/4846/4846 4105/4105/4105
f 4984/4984/4984 4960/4960/4960 4853/4853/4853
f 4984/4984/4984 4853/4853/4853 4851/4851/4851
f 4447/4447/4447 4914/4914/4914 4960/4960/4960
f 4447/4447/4447 4960/4960/4960 4984/4984/4984
f 4961/4961/4961 4919/4919/4919 3799/3799/3799
f 4961/4961/4961 3799/3799/3799 4405/4405/4405
f 4772/4772/4772 4961/4961/4961 4405/4405/4405
f 4772/4772/4772 4405/4405/4405 4055/4055/4055
f 4983/4983/4983 4961/4961/4961 4772/4772/4772
f 4983/4983/4983 4772/4772/4772 4770/4770/4770
f 4454/4454/4454 4919/4919/4919 4961/4961/4961
f 4454/4454/4454 4961/4961/4961 4983/4983/4983
f 5082/5082/5082 4906/4906/4906 3821/3821/3821
f 5082/5082/5082 3821/3821/3821 4814/4814/4814
f 3893/3893/3893 3831/3831/3831 4444/4444/4444
f 3893/3893/3893 4444/4444/4444 4364/4364/4364
f 4840/4840/4840 4843/4843/4843 4102/4102/4102
f 4840/4840/4840 4102/4102/4102 4195/4195/4195
f 4575/4575/4575 5066/5066/5066 5083/5083/5083
f 4575/4575/4575 5083/5083/5083 4423/4423/4423
f 3839/3839/3839 3778/3778/3778 4418/4418/4418
f 3839/3839/3839 4418/4418/4418 4338/4338/4338
f 4423/4423/4423 5083/5083/5083 4413/4413/4413
f 4423/4423/4423 4413/4413/4413 3824/3824/3824
f 4359/4359/4359 4882/4882/4882 4908/4908/4908
f 4359/4359/4359 4908/4908/4908 4439/4439/4439
f 3843/3843/3843 3781/3781/3781 4398/4398/4398
f 3843/3843/3843 4398/4398/4398 4279/4279/4279
f 3717/3717/3717 4730/4730/4730 4727/4727/4727
f 3717/3717/3717 4727/4727/4727 4135/4135/4135
f 4279/4279/4279 4398/4398/4398 4034/4034/4034
f 4279/4279/4279 4034/4034/4034 4031/4031/4031
f 3813/3813/3813 4913/4913/4913 4888/4888/4888
f 3813/3813/3813 4888/4888/4888 3885/3885/3885
f 4727/4727/4727 4730/4730/4730 4032/4032/4032
f 4727/4727/4727 4032/4032/4032 4121/4121/4121
f 4364/4364/4364 4444/4444/4444 4582/4582/4582
f 4364/4364/4364 4582/4582/4582 4568/4568/4568
f 3721/3721/3721 4420/4420/4420 4340/4340/4340
f 3721/3721/3721 4340/4340/4340 4124/4124/4124
f 3759/3759/3759 4810/4810/4810 4807/4807/4807
f 3759/3759/3759 4807/4807/4807 4221/4221/4221
f 4307/4307/4307 4412/4412/4412 4084/4084/4084
f 4307/4307/4307 4084/4084/4084 4081/4081/4081
f 4354/4354/4354 4435/4435/4435 3836/3836/3836
f 4354/4354/4354 3836/3836/3836 3911/3911/3911
f 3851/3851/3851 3787/3787/3787 4400/4400/4400
f 3851/3851/3851 4400/4400/4400 4281/4281/4281
f 3763/3763/3763 4574/4574/4574 4560/4560/4560
f 3763/3763/3763 4560/4560/4560 4210/4210/4210
f 4807/4807/4807 4810/4810/4810 4082/4082/4082
f 4807/4807/4807 4082/4082/4082 4207/4207/4207
f 4141/4141/4141 3723/3723/3723 4714/4714/4714
f 4141/4141/4141 4714/4714/4714 4711/4711/4711
f 4281/4281/4281 4400/4400/4400 4024/4024/4024
f 4281/4281/4281 4024/4024/4024 4021/4021/4021
f 3864/3864/3864 3794/3794/3794 4449/4449/4449
f 3864/3864/3864 4449/4449/4449 4369/4369/4369
f 4711/4711/4711 4714/4714/4714 4022/4022/4022
f 4711/4711/4711 4022/4022/4022 4127/4127/4127
f 4338/4338/4338 4418/4418/4418 4572/4572/4572
f 4338/4338/4338 4572/4572/4572 4558/4558/4558
f 4154/4154/4154 3729/3729/3729 4450/4450/4450
f 4154/4154/4154 4450/4450/4450 4371/4371/4371
f 4871/4871/4871 4897/4897/4897 3780/3780/3780
f 4871/4871/4871 3780/3780/3780 3842/3842/3842
f 4356/4356/4356 4436/4436/4436 3760/3760/3760
f 4356/4356/4356 3760/3760/3760 4222/4222/4222
f 4342/4342/4342 4422/4422/4422 3823/3823/3823
f 4342/4342/4342 3823/3823/3823 3903/3903/3903
f 3908/3908/3908 3827/3827/3827 4900/4900/4900
f 3908/3908/3908 4900/4900/4900 4874/4874/4874
f 4890/4890/4890 4915/4915/4915 3790/3790/3790
f 4890/4890/4890 3790/3790/3790 3859/3859/3859
f 4888/4888/4888 4913/4913/4913 4446/4446/4446
f 4888/4888/4888 4446/4446/4446 4367/4367/4367
f 3758/3758/3758 4453/4453/4453 4373/4373/4373
f 3758/3758/3758 4373/4373/4373 4199/4199/4199
f 3829/3829/3829 4414/4414/4414 4313/4313/4313
f 3829/3829/3829 4313/4313/4313 3915/3915/3915
f 3804/3804/3804 4426/4426/4426 4346/4346/4346
f 3804/3804/3804 4346/4346/4346 3873/3873/3873
f 4313/4313/4313 4414/4414/4414 4074/4074/4074
f 4313/4313/4313 4074/4074/4074 4071/4071/4071
f 4369/4369/4369 4449/4449/4449 4585/4585/4585
f 4369/4369/4369 4585/4585/4585 4571/4571/4571
f 3765/3765/3765 4794/4794/4794 4791/4791/4791
f 3765/3765/3765 4791/4791/4791 4215/4215/4215
f 3789/3789/3789 4780/4780/4780 4777/4777/4777
f 3789/3789/3789 4777/4777/4777 3857/3857/3857
f 4791/4791/4791 4794/4794/4794 4072/4072/4072
f 4791/4791/4791 4072/4072/4072 4225/4225/4225
f 3732/3732/3732 4382/4382/4382 4247/4247/4247
f 3732/3732/3732 4247/4247/4247 4147/4147/4147
f 4777/4777/4777 4780/4780/4780 4064/4064/4064
f 4777/4777/4777 4064/4064/4064 4061/4061/4061
f 3868/3868/3868 3800/3800/3800 4920/4920/4920
f 3868/3868/3868 4920/4920/4920 4894/4894/4894
f 4247/4247/4247 4382/4382/4382 4062/4062/4062
f 4247/4247/4247 4062/4062/4062 4145/4145/4145
f 4874/4874/4874 4900/4900/4900 4425/4425/4425
f 4874/4874/4874 4425/4425/4425 4345/4345/4345
f 3834/3834/3834 4416/4416/4416 4315/4315/4315
f 3834/3834/3834 4315/4315/4315 3910/3910/3910
f 3772/3772/3772 4827/4827/4827 4824/4824/4824
f 3772/3772/3772 4824/4824/4824 4204/4204/4204
f 4315/4315/4315 4416/4416/4416 4094/4094/4094
f 4315/4315/4315 4094/4094/4094 4091/4091/4091
f 3742/3742/3742 4429/4429/4429 4348/4348/4348
f 3742/3742/3742 4348/4348/4348 3675/3675/3675
f 4824/4824/4824 4827/4827/4827 4092/4092/4092
f 4824/4824/4824 4092/4092/4092 4231/4231/4231
f 4892/4892/4892 4918/4918/4918 3818/3818/3818
f 4892/4892/4892 3818/3818/3818 3892/3892/3892
f 4168/4168/4168 3737/3737/3737 4457/4457/4457
f 4168/4168/4168 4457/4457/4457 4377/4377/4377
f 4875/4875/4875 4902/4902/4902 3803/3803/3803
f 4875/4875/4875 3803/3803/3803 3856/3856/3856
f 3785/3785/3785 4431/4431/4431 4351/4351/4351
f 3785/3785/3785 4351/4351/4351 3848/3848/3848
f 4896/4896/4896 4922/4922/4922 3797/3797/3797
f 4896/4896/4896 3797/3797/3797 3872/3872/3872
f 4346/4346/4346 4426/4426/4426 4576/4576/4576
f 4346/4346/4346 4576/4576/4576 4562/4562/4562
f 3795/3795/3795 4764/4764/4764 4761/4761/4761
f 3795/3795/3795 4761/4761/4761 3870/3870/3870
f 3738/3738/3738 4384/4384/4384 4251/4251/4251
f 3738/3738/3738 4251/4251/4251 4159/4159/4159
f 4761/4761/4761 4764/4764/4764 4054/4054/4054
f 4761/4761/4761 4054/4054/4054 4051/4051/4051
f 3726/3726/3726 4432/4432/4432 4352/4352/4352
f 3726/3726/3726 4352/4352/4352 4129/4129/4129
f 4251/4251/4251 4384/4384/4384 4052/4052/4052
f 4251/4251/4251 4052/4052/4052 4158/4158/4158
f 4565/4565/4565 4579/4579/4579 3725/3725/3725
f 4565/4565/4565 3725/3725/3725 4142/4142/4142
f 4036/4036/4036 4458/4458/4458 4962/4962/4962
f 4036/4036/4036 4962/4962/4962 4739/4739/4739
f 4458/4458/4458 3679/3679/3679 4499/4499/4499
f 4458/4458/4458 4499/4499/4499 4962/4962/4962
f 4962/4962/4962 4499/4499/4499 3841/3841/3841
f 4962/4962/4962 3841/3841/3841 4278/4278/4278
f 4739/4739/4739 4962/4962/4962 4278/4278/4278
f 4739/4739/4739 4278/4278/4278 4030/4030/4030
f 4026/4026/4026 4460/4460/4460 4963/4963/4963
f 4026/4026/4026 4963/4963/4963 4723/4723/4723
f 4460/4460/4460 3683/3683/3683 4501/4501/4501
f 4460/4460/4460 4501/4501/4501 4963/4963/4963
f 4963/4963/4963 4501/4501/4501 3850/3850/3850
f 4963/4963/4963 3850/3850/3850 4280/4280/4280
f 4723/4723/4723 4963/4963/4963 4280/4280/4280
f 4723/4723/4723 4280/4280/4280 4020/4020/4020
f 4016/4016/4016 4462/4462/4462 4964/4964/4964
f 4016/4016/4016 4964/4964/4964 4707/4707/4707
f 4462/4462/4462 3677/3677/3677 4498/4498/4498
f 4462/4462/4462 4498/4498/4498 4964/4964/4964
f 4964/4964/4964 4498/4498/4498 3837/3837/3837
f 4964/4964/4964 3837/3837/3837 4282/4282/4282
f 4707/4707/4707 4964/4964/4964 4282/4282/4282
f 4707/4707/4707 4282/4282/4282 4014/4014/4014
f 3960/3960/3960 4464/4464/4464 4965/4965/4965
f 3960/3960/3960 4965/4965/4965 4595/4595/4595
f 4464/4464/4464 3681/3681/3681 4500/4500/4500
f 4464/4464/4464 4500/4500/4500 4965/4965/4965
f 4965/4965/4965 4500/4500/4500 3845/3845/3845
f 4965/4965/4965 3845/3845/3845 4284/4284/4284
f 4595/4595/4595 4965/4965/4965 4284/4284/4284
f 4595/4595/4595 4284/4284/4284 3958/3958/3958
f 4066/4066/4066 4782/4782/4782 4966/4966/4966
f 4066/4066/4066 4966/4966/4966 4787/4787/4787
f 4782/4782/4782 3687/3687/3687 4504/4504/4504
f 4782/4782/4782 4504/4504/4504 4966/4966/4966
f 4966/4966/4966 4504/4504/4504 3860/3860/3860
f 4966/4966/4966 3860/3860/3860 4776/4776/4776
f 4787/4787/4787 4966/4966/4966 4776/4776/4776
f 4787/4787/4787 4776/4776/4776 4060/4060/4060
f 4004/4004/4004 4676/4676/4676 4967/4967/4967
f 4004/4004/4004 4967/4967/4967 4682/4682/4682
f 4676/4676/4676 3691/3691/3691 4505/4505/4505
f 4676/4676/4676 4505/4505/4505 4967/4967/4967
f 4967/4967/4967 4505/4505/4505 3867/3867/3867
f 4967/4967/4967 3867/3867/3867 4675/4675/4675
f 4682/4682/4682 4967/4967/4967 4675/4675/4675
f 4682/4682/4682 4675/4675/4675 4001/4001/4001
f 4056/4056/4056 4766/4766/4766 4968/4968/4968
f 4056/4056/4056 4968/4968/4968 4771/4771/4771
f 4766/4766/4766 3693/3693/3693 4506/4506/4506
f 4766/4766/4766 4506/4506/4506 4968/4968/4968
f 4968/4968/4968 4506/4506/4506 3869/3869/3869
f 4968/4968/4968 3869/3869/3869 4760/4760/4760
f 4771/4771/4771 4968/4968/4968 4760/4760/4760
f 4771/4771/4771 4760/4760/4760 4050/4050/4050
f 4010/4010/4010 4690/4690/4690 4969/4969/4969
f 4010/4010/4010 4969/4969/4969 4695/4695/4695
f 4690/4690/4690 3695/3695/3695 4507/4507/4507
f 4690/4690/4690 4507/4507/4507 4969/4969/4969
f 4969/4969/4969 4507/4507/4507 3874/3874/3874
f 4969/4969/4969 3874/3874/3874 4688/4688/4688
f 4695/4695/4695 4969/4969/4969 4688/4688/4688
f 4695/4695/4695 4688/4688/4688 4008/4008/4008
f 4046/4046/4046 4750/4750/4750 4970/4970/4970
f 4046/4046/4046 4970/4970/4970 4755/4755/4755
f 4750/4750/4750 3685/3685/3685 4502/4502/4502
f 4750/4750/4750 4502/4502/4502 4970/4970/4970
f 4970/4970/4970 4502/4502/4502 3853/3853/3853
f 4970/4970/4970 3853/3853/3853 4744/4744/4744
f 4755/4755/4755 4970/4970/4970 4744/4744/4744
f 4755/4755/4755 4744/4744/4744 4040/4040/4040
f 3973/3973/3973 4476/4476/4476 4971/4971/4971
f 3973/3973/3973 4971/4971/4971 4621/4621/4621
f 4476/4476/4476 3697/3697/3697 4508/4508/4508
f 4476/4476/4476 4508/4508/4508 4971/4971/4971
f 4971/4971/4971 4508/4508/4508 3877/3877/3877
f 4971/4971/4971 3877/3877/3877 4296/4296/4296
f 4621/4621/4621 4971/4971/4971 4296/4296/4296
f 4621/4621/4621 4296/4296/4296 3971/3971/3971
f 4116/4116/4116 4478/4478/4478 4972/4972/4972
f 4116/4116/4116 4972/4972/4972 4868/4868/4868
f 4478/4478/4478 3699/3699/3699 4509/4509/4509
f 4478/4478/4478 4509/4509/4509 4972/4972/4972
f 4972/4972/4972 4509/4509/4509 3881/3881/3881
f 4972/4972/4972 3881/3881/3881 4298/4298/4298
f 4868/4868/4868 4972/4972/4972 4298/4298/4298
f 4868/4868/4868 4298/4298/4298 4110/4110/4110
f 3967/3967/3967 4480/4480/4480 4973/4973/4973
f 3967/3967/3967 4973/4973/4973 4608/4608/4608
f 4480/4480/4480 3701/3701/3701 4510/4510/4510
f 4480/4480/4480 4510/4510/4510 4973/4973/4973
f 4973/4973/4973 4510/4510/4510 3888/3888/3888
f 4973/4973/4973 3888/3888/3888 4301/4301/4301
f 4608/4608/4608 4973/4973/4973 4301/4301/4301
f 4608/4608/4608 4301/4301/4301 3964/3964/3964
f 4106/4106/4106 4482/4482/4482 4974/4974/4974
f 4106/4106/4106 4974/4974/4974 4852/4852/4852
f 4482/4482/4482 3703/3703/3703 4511/4511/4511
f 4482/4482/4482 4511/4511/4511 4974/4974/4974
f 4974/4974/4974 4511/4511/4511 3889/3889/3889
f 4974/4974/4974 3889/3889/3889 4302/4302/4302
f 4852/4852/4852 4974/4974/4974 4302/4302/4302
f 4852/4852/4852 4302/4302/4302 4100/4100/4100
f 3979/3979/3979 4484/4484/4484 4975/4975/4975
f 3979/3979/3979 4975/4975/4975 4633/4633/4633
f 4484/4484/4484 3705/3705/3705 4512/4512/4512
f 4484/4484/4484 4512/4512/4512 4975/4975/4975
f 4975/4975/4975 4512/4512/4512 3894/3894/3894
f 4975/4975/4975 3894/3894/3894 4304/4304/4304
f 4633/4633/4633 4975/4975/4975 4304/4304/4304
f 4633/4633/4633 4304/4304/4304 3977/3977/3977
f 4086/4086/4086 4486/4486/4486 4976/4976/4976
f 4086/4086/4086 4976/4976/4976 4820/4820/4820
f 4486/4486/4486 3709/3709/3709 4514/4514/4514
f 4486/4486/4486 4514/4514/4514 4976/4976/4976
f 4976/4976/4976 4514/4514/4514 3901/3901/3901
f 4976/4976/4976 3901/3901/3901 4306/4306/4306
f 4820/4820/4820 4976/4976/4976 4306/4306/4306
f 4820/4820/4820 4306/4306/4306 4080/4080/4080
f 3991/3991/3991 4488/4488/4488 4977/4977/4977
f 3991/3991/3991 4977/4977/4977 4657/4657/4657
f 4488/4488/4488 3711/3711/3711 4515/4515/4515
f 4488/4488/4488 4515/4515/4515 4977/4977/4977
f 4977/4977/4977 4515/4515/4515 3905/3905/3905
f 4977/4977/4977 3905/3905/3905 4308/4308/4308
f 4657/4657/4657 4977/4977/4977 4308/4308/4308
f 4657/4657/4657 4308/4308/4308 3989/3989/3989
f 3985/3985/3985 4490/4490/4490 4978/4978/4978
f 3985/3985/3985 4978/4978/4978 4645/4645/4645
f 4490/4490/4490 3707/3707/3707 4513/4513/4513
f 4490/4490/4490 4513/4513/4513 4978/4978/4978
f 4978/4978/4978 4513/4513/4513 3897/3897/3897
f 4978/4978/4978 3897/3897/3897 4310/4310/4310
f 4645/4645/4645 4978/4978/4978 4310/4310/4310
f 4645/4645/4645 4310/4310/4310 3983/3983/3983
f 4076/4076/4076 4492/4492/4492 4979/4979/4979
f 4076/4076/4076 4979/4979/4979 4803/4803/4803
f 4492/4492/4492 3715/3715/3715 4517/4517/4517
f 4492/4492/4492 4517/4517/4517 4979/4979/4979
f 4979/4979/4979 4517/4517/4517 3914/3914/3914
f 4979/4979/4979 3914/3914/3914 4312/4312/4312
f 4803/4803/4803 4979/4979/4979 4312/4312/4312
f 4803/4803/4803 4312/4312/4312 4070/4070/4070
f 4096/4096/4096 4494/4494/4494 4980/4980/4980
f 4096/4096/4096 4980/4980/4980 4836/4836/4836
f 4494/4494/4494 3713/3713/3713 4516/4516/4516
f 4494/4494/4494 4516/4516/4516 4980/4980/4980
f 4980/4980/4980 4516/4516/4516 3909/3909/3909
f 4980/4980/4980 3909/3909/3909 4314/4314/4314
f 4836/4836/4836 4980/4980/4980 4314/4314/4314
f 4836/4836/4836 4314/4314/4314 4090/4090/4090
f 3997/3997/3997 4496/4496/4496 4981/4981/4981
f 3997/3997/3997 4981/4981/4981 4669/4669/4669
f 4496/4496/4496 3689/3689/3689 4503/4503/4503
f 4496/4496/4496 4503/4503/4503 4981/4981/4981
f 4981/4981/4981 4503/4503/4503 3861/3861/3861
f 4981/4981/4981 3861/3861/3861 4316/4316/4316
f 4669/4669/4669 4981/4981/4981 4316/4316/4316
f 4669/4669/4669 4316/4316/4316 3995/3995/3995
f 3917/3917/3917 4518/4518/4518 4038/4038/4038
f 3917/3917/3917 3924/3924/3924 4520/4520/4520
f 3917/3917/3917 4520/4520/4520 4028/4028/4028
f 3917/3917/3917 3918/3918/3918 4522/4522/4522
f 3917/3917/3917 4522/4522/4522 4018/4018/4018
f 3917/3917/3917 3922/3922/3922 4524/4524/4524
f 3917/3917/3917 4524/4524/4524 3962/3962/3962
f 3917/3917/3917 3928/3928/3928 4784/4784/4784
f 3917/3917/3917 4784/4784/4784 4068/4068/4068
f 3917/3917/3917 3932/3932/3932 4678/4678/4678
f 3917/3917/3917 4678/4678/4678 4006/4006/4006
f 3917/3917/3917 3934/3934/3934 4768/4768/4768
f 3917/3917/3917 4768/4768/4768 4058/4058/4058
f 3917/3917/3917 3936/3936/3936 4692/4692/4692
f 3917/3917/3917 4692/4692/4692 4012/4012/4012
f 3917/3917/3917 3926/3926/3926 4752/4752/4752
f 3917/3917/3917 4752/4752/4752 4048/4048/4048
f 3917/3917/3917 3938/3938/3938 4536/4536/4536
f 3917/3917/3917 4536/4536/4536 3975/3975/3975
f 3917/3917/3917 3940/3940/3940 4538/4538/4538
f 3917/3917/3917 4538/4538/4538 4118/4118/4118
f 3917/3917/3917 3942/3942/3942 4540/4540/4540
f 3917/3917/3917 4540/4540/4540 3969/3969/3969
f 3917/3917/3917 3944/3944/3944 4542/4542/4542
f 3917/3917/3917 4542/4542/4542 4108/4108/4108
f 3917/3917/3917 3946/3946/3946 4544/4544/4544
f 3917/3917/3917 4544/4544/4544 3981/3981/3981
f 3917/3917/3917 3950/3950/3950 4546/4546/4546
f 3917/3917/3917 4546/4546/4546 4088/4088/4088
f 3917/3917/3917 3952/3952/3952 4548/4548/4548
f 3917/3917/3917 4548/4548/4548 3993/3993/3993
f 3917/3917/3917 3948/3948/3948 4550/4550/4550
f 3917/3917/3917 4550/4550/4550 3987/3987/3987
f 3917/3917/3917 3956/3956/3956 4552/4552/4552
f 3917/3917/3917 4552/4552/4552 4078/4078/4078
f 3917/3917/3917 3954/3954/3954 4554/4554/4554
f 3917/3917/3917 4554/4554/4554 4098/4098/4098
f 3917/3917/3917 3930/3930/3930 4556/4556/4556
f 3917/3917/3917 4556/4556/4556 3999/3999/3999
f 3917/3917/3917 3962/3962/3962 4592/4592/4592
f 4375/4375/4375 4455/4455/4455 3740/3740/3740
f 4375/4375/4375 3740/3740/3740 4162/4162/4162
f 4877/4877/4877 4903/4903/4903 3786/3786/3786
f 4877/4877/4877 3786/3786/3786 3849/3849/3849
f 4867/4867/4867 4869/4869/4869 5079/5079/5079
f 4867/4867/4867 5079/5079/5079 5077/5077/5077
f 4562/4562/4562 4576/4576/4576 3744/3744/3744
f 4562/4562/4562 3744/3744/3744 4172/4172/4172
f 4345/4345/4345 4425/4425/4425 3767/3767/3767
f 4345/4345/4345 3767/3767/3767 4216/4216/4216
f 4571/4571/4571 4585/4585/4585 3734/3734/3734
f 4571/4571/4571 3734/3734/3734 4149/4149/4149
f 4367/4367/4367 4446/4446/4446 3753/3753/3753
f 4367/4367/4367 3753/3753/3753 4191/4191/4191
f 4558/4558/4558 4572/4572/4572 3718/3718/3718
f 4558/4558/4558 3718/3718/3718 4136/4136/4136
f 4568/4568/4568 4582/4582/4582 3771/3771/3771
f 4568/4568/4568 3771/3771/3771 4203/4203/4203
f 4359/4359/4359 4439/4439/4439 3749/3749/3749
f 4359/4359/4359 3749/3749/3749 4180/4180/4180
f 4802/4802/4802 4804/4804/4804 5064/5064/5064
f 4802/4802/4802 5064/5064/5064 5062/5062/5062
f 4083/4083/4083 4812/4812/4812 4982/4982/4982
f 4083/4083/4083 4982/4982/4982 4819/4819/4819
f 4811/4811/4811 3761/3761/3761 4437/4437/4437
f 4811/4811/4811 4437/4437/4437 4982/4982/4982
f 4053/4053/4053 4385/4385/4385 4983/4983/4983
f 4053/4053/4053 4983/4983/4983 4770/4770/4770
f 4385/4385/4385 3739/3739/3739 4454/4454/4454
f 4385/4385/4385 4454/4454/4454 4983/4983/4983
f 4103/4103/4103 4844/4844/4844 4984/4984/4984
f 4103/4103/4103 4984/4984/4984 4851/4851/4851
f 4844/4844/4844 3755/3755/3755 4447/4447/4447
f 4844/4844/4844 4447/4447/4447 4984/4984/4984
f 4063/4063/4063 4383/4383/4383 4985/4985/4985
f 4063/4063/4063 4985/4985/4985 4786/4786/4786
f 4383/4383/4383 3733/3733/3733 4584/4584/4584
f 4383/4383/4383 4584/4584/4584 4985/4985/4985
f 4093/4093/4093 4828/4828/4828 4986/4986/4986
f 4093/4093/4093 4986/4986/4986 4835/4835/4835
f 4828/4828/4828 3773/3773/3773 4583/4583/4583
f 4828/4828/4828 4583/4583/4583 4986/4986/4986
f 4113/4113/4113 4860/4860/4860 4987/4987/4987
f 4113/4113/4113 4987/4987/4987 4867/4867/4867
f 4860/4860/4860 3748/3748/3748 4438/4438/4438
f 4860/4860/4860 4438/4438/4438 4987/4987/4987
f 4073/4073/4073 4795/4795/4795 4988/4988/4988
f 4073/4073/4073 4988/4988/4988 4802/4802/4802
f 4795/4795/4795 3766/3766/3766 4424/4424/4424
f 4795/4795/4795 4424/4424/4424 4988/4988/4988
f 4023/4023/4023 4715/4715/4715 4989/4989/4989
f 4023/4023/4023 4989/4989/4989 4722/4722/4722
f 4715/4715/4715 3724/3724/3724 4578/4578/4578
f 4715/4715/4715 4578/4578/4578 4989/4989/4989
f 4043/4043/4043 4387/4387/4387 4990/4990/4990
f 4043/4043/4043 4990/4990/4990 4754/4754/4754
f 4387/4387/4387 3746/3746/3746 4577/4577/4577
f 4387/4387/4387 4577/4577/4577 4990/4990/4990
f 4033/4033/4033 4731/4731/4731 4991/4991/4991
f 4033/4033/4033 4991/4991/4991 4738/4738/4738
f 4731/4731/4731 3719/3719/3719 4573/4573/4573
f 4731/4731/4731 4573/4573/4573 4991/4991/4991
f 4164/4164/4164 4253/4253/4253 4992/4992/4992
f 4164/4164/4164 4992/4992/4992 4694/4694/4694
f 4253/4253/4253 4167/4167/4167 4376/4376/4376
f 4253/4253/4253 4376/4376/4376 4992/4992/4992
f 4201/4201/4201 4625/4625/4625 4993/4993/4993
f 4201/4201/4201 4993/4993/4993 4632/4632/4632
f 4625/4625/4625 4198/4198/4198 4372/4372/4372
f 4625/4625/4625 4372/4372/4372 4993/4993/4993
f 4150/4150/4150 4248/4248/4248 4994/4994/4994
f 4150/4150/4150 4994/4994/4994 4680/4680/4680
f 4248/4248/4248 4153/4153/4153 4370/4370/4370
f 4248/4248/4248 4370/4370/4370 4994/4994/4994
f 4237/4237/4237 4661/4661/4661 4995/4995/4995
f 4237/4237/4237 4995/4995/4995 4668/4668/4668
f 4661/4661/4661 4229/4229/4229 4361/4361/4361
f 4661/4661/4661 4361/4361/4361 4995/4995/4995
f 4207/4207/4207 4082/4082/4082 4392/4392/4392
f 4207/4207/4207 4392/4392/4392 4267/4267/4267
f 4594/4594/4594 4596/4596/4596 5004/5004/5004
f 4594/4594/4594 5004/5004/5004 5002/5002/5002
f 4189/4189/4189 4599/4599/4599 4996/4996/4996
f 4189/4189/4189 4996/4996/4996 4607/4607/4607
f 4599/4599/4599 4185/4185/4185 4362/4362/4362
f 4599/4599/4599 4362/4362/4362 4996/4996/4996
f 4127/4127/4127 4022/4022/4022 4380/4380/4380
f 4127/4127/4127 4380/4380/4380 4241/4241/4241
f 4139/4139/4139 4587/4587/4587 4997/4997/4997
f 4139/4139/4139 4997/4997/4997 4594/4594/4594
f 4587/4587/4587 4125/4125/4125 4341/4341/4341
f 4587/4587/4587 4341/4341/4341 4997/4997/4997
f 4133/4133/4133 4699/4699/4699 4998/4998/4998
f 4133/4133/4133 4998/4998/4998 4706/4706/4706
f 4699/4699/4699 3676/3676/3676 4349/4349/4349
f 4699/4699/4699 4349/4349/4349 4998/4998/4998
f 4176/4176/4176 4613/4613/4613 4999/4999/4999
f 4176/4176/4176 4999/4999/4999 4620/4620/4620
f 4613/4613/4613 4131/4131/4131 4353/4353/4353
f 4613/4613/4613 4353/4353/4353 4999/4999/4999
f 4219/4219/4219 4637/4637/4637 5000/5000/5000
f 4219/4219/4219 5000/5000/5000 4644/4644/4644
f 4637/4637/4637 4235/4235/4235 4567/4567/4567
f 4637/4637/4637 4567/4567/4567 5000/5000/5000
f 4213/4213/4213 4649/4649/4649 5001/5001/5001
f 4213/4213/4213 5001/5001/5001 4656/4656/4656
f 4649/4649/4649 4211/4211/4211 4561/4561/4561
f 4649/4649/4649 4561/4561/4561 5001/5001/5001
f 5002/5002/5002 5004/5004/5004 4350/4350/4350
f 5002/5002/5002 4350/4350/4350 4564/4564/4564
f 5077/5077/5077 5079/5079/5079 4911/4911/4911
f 5077/5077/5077 4911/4911/4911 4442/4442/4442
f 4694/4694/4694 4696/4696/4696 5036/5036/5036
f 4694/4694/4694 5036/5036/5036 5034/5034/5034
f 5006/5006/5006 5008/5008/5008 4887/4887/4887
f 5006/5006/5006 4887/4887/4887 4366/4366/4366
f 4143/4143/4143 4245/4245/4245 5002/5002/5002
f 4143/4143/4143 5002/5002/5002 4564/4564/4564
f 4245/4245/4245 4139/4139/4139 4594/4594/4594
f 4245/4245/4245 4594/4594/4594 5002/5002/5002
f 3917/3917/3917 4592/4592/4592 3920/3920/3920
f 3917/3917/3917 3969/3969/3969 4605/4605/4605
f 3679/3679/3679 4590/4590/4590 5003/5003/5003
f 3679/3679/3679 5003/5003/5003 4499/4499/4499
f 4590/4590/4590 3960/3960/3960 4595/4595/4595
f 4590/4590/4590 4595/4595/4595 5003/5003/5003
f 5003/5003/5003 4595/4595/4595 3958/3958/3958
f 5003/5003/5003 3958/3958/3958 4588/4588/4588
f 4499/4499/4499 5003/5003/5003 4588/4588/4588
f 4499/4499/4499 4588/4588/4588 3841/3841/3841
f 5004/5004/5004 4596/4596/4596 3959/3959/3959
f 5004/5004/5004 3959/3959/3959 4285/4285/4285
f 4350/4350/4350 5004/5004/5004 4285/4285/4285
f 4350/4350/4350 4285/4285/4285 3847/3847/3847
f 3682/3682/3682 4465/4465/4465 5005/5005/5005
f 3682/3682/3682 5005/5005/5005 4321/4321/4321
f 4465/4465/4465 3961/3961/3961 4597/4597/4597
f 4465/4465/4465 4597/4597/4597 5005/5005/5005
f 5005/5005/5005 4597/4597/4597 3963/3963/3963
f 5005/5005/5005 3963/3963/3963 4525/4525/4525
f 4321/4321/4321 5005/5005/5005 4525/4525/4525
f 4321/4321/4321 4525/4525/4525 3923/3923/3923
f 5010/5010/5010 5012/5012/5012 4881/4881/4881
f 5010/5010/5010 4881/4881/4881 4358/4358/4358
f 4190/4190/4190 4260/4260/4260 5006/5006/5006
f 4190/4190/4190 5006/5006/5006 4366/4366/4366
f 4260/4260/4260 4188/4188/4188 4606/4606/4606
f 4260/4260/4260 4606/4606/4606 5006/5006/5006
f 3917/3917/3917 4605/4605/4605 3940/3940/3940
f 3917/3917/3917 3975/3975/3975 4618/4618/4618
f 3699/3699/3699 4603/4603/4603 5007/5007/5007
f 3699/3699/3699 5007/5007/5007 4509/4509/4509
f 4603/4603/4603 3967/3967/3967 4608/4608/4608
f 4603/4603/4603 4608/4608/4608 5007/5007/5007
f 5007/5007/5007 4608/4608/4608 3964/3964/3964
f 5007/5007/5007 3964/3964/3964 4600/4600/4600
f 4509/4509/4509 5007/5007/5007 4600/4600/4600
f 4509/4509/4509 4600/4600/4600 3881/3881/3881
f 5008/5008/5008 4609/4609/4609 3965/3965/3965
f 5008/5008/5008 3965/3965/3965 4300/4300/4300
f 4887/4887/4887 5008/5008/5008 4300/4300/4300
f 4887/4887/4887 4300/4300/4300 3886/3886/3886
f 3702/3702/3702 4481/4481/4481 5009/5009/5009
f 3702/3702/3702 5009/5009/5009 4336/4336/4336
f 4481/4481/4481 3968/3968/3968 4611/4611/4611
f 4481/4481/4481 4611/4611/4611 5009/5009/5009
f 5009/5009/5009 4611/4611/4611 3970/3970/3970
f 5009/5009/5009 3970/3970/3970 4541/4541/4541
f 4336/4336/4336 5009/5009/5009 4541/4541/4541
f 4336/4336/4336 4541/4541/4541 3943/3943/3943
f 4632/4632/4632 4634/4634/4634 5016/5016/5016
f 4632/4632/4632 5016/5016/5016 5014/5014/5014
f 5014/5014/5014 5016/5016/5016 4365/4365/4365
f 5014/5014/5014 4365/4365/4365 4569/4569/4569
f 4179/4179/4179 4257/4257/4257 5010/5010/5010
f 4179/4179/4179 5010/5010/5010 4358/4358/4358
f 4257/4257/4257 4176/4176/4176 4620/4620/4620
f 4257/4257/4257 4620/4620/4620 5010/5010/5010
f 3917/3917/3917 4618/4618/4618 3924/3924/3924
f 3917/3917/3917 3981/3981/3981 4630/4630/4630
f 3683/3683/3683 4616/4616/4616 5011/5011/5011
f 3683/3683/3683 5011/5011/5011 4501/4501/4501
f 4616/4616/4616 3973/3973/3973 4621/4621/4621
f 4616/4616/4616 4621/4621/4621 5011/5011/5011
f 5011/5011/5011 4621/4621/4621 3971/3971/3971
f 5011/5011/5011 3971/3971/3971 4614/4614/4614
f 4501/4501/4501 5011/5011/5011 4614/4614/4614
f 4501/4501/4501 4614/4614/4614 3850/3850/3850
f 4606/4606/4606 4609/4609/4609 5008/5008/5008
f 4606/4606/4606 5008/5008/5008 5006/5006/5006
f 5012/5012/5012 4622/4622/4622 3972/3972/3972
f 5012/5012/5012 3972/3972/3972 4297/4297/4297
f 4881/4881/4881 5012/5012/5012 4297/4297/4297
f 4881/4881/4881 4297/4297/4297 3879/3879/3879
f 3698/3698/3698 4477/4477/4477 5013/5013/5013
f 3698/3698/3698 5013/5013/5013 4318/4318/4318
f 4477/4477/4477 3974/3974/3974 4623/4623/4623
f 4477/4477/4477 4623/4623/4623 5013/5013/5013
f 5013/5013/5013 4623/4623/4623 3976/3976/3976
f 5013/5013/5013 3976/3976/3976 4537/4537/4537
f 4318/4318/4318 5013/5013/5013 4537/4537/4537
f 4318/4318/4318 4537/4537/4537 3939/3939/3939
f 4668/4668/4668 4670/4670/4670 5028/5028/5028
f 4668/4668/4668 5028/5028/5028 5026/5026/5026
f 5018/5018/5018 5020/5020/5020 4880/4880/4880
f 5018/5018/5018 4880/4880/4880 4357/4357/4357
f 4205/4205/4205 4265/4265/4265 5014/5014/5014
f 4205/4205/4205 5014/5014/5014 4569/4569/4569
f 4265/4265/4265 4201/4201/4201 4632/4632/4632
f 4265/4265/4265 4632/4632/4632 5014/5014/5014
f 3917/3917/3917 4630/4630/4630 3944/3944/3944
f 3917/3917/3917 3987/3987/3987 4642/4642/4642
f 3703/3703/3703 4628/4628/4628 5015/5015/5015
f 3703/3703/3703 5015/5015/5015 4511/4511/4511
f 4628/4628/4628 3979/3979/3979 4633/4633/4633
f 4628/4628/4628 4633/4633/4633 5015/5015/5015
f 5015/5015/5015 4633/4633/4633 3977/3977/3977
f 5015/5015/5015 3977/3977/3977 4626/4626/4626
f 4511/4511/4511 5015/5015/5015 4626/4626/4626
f 4511/4511/4511 4626/4626/4626 3889/3889/3889
f 5016/5016/5016 4634/4634/4634 3978/3978/3978
f 5016/5016/5016 3978/3978/3978 4305/4305/4305
f 4365/4365/4365 5016/5016/5016 4305/4305/4305
f 4365/4365/4365 4305/4305/4305 3896/3896/3896
f 3706/3706/3706 4485/4485/4485 5017/5017/5017
f 3706/3706/3706 5017/5017/5017 4330/4330/4330
f 4485/4485/4485 3980/3980/3980 4635/4635/4635
f 4485/4485/4485 4635/4635/4635 5017/5017/5017
f 5017/5017/5017 4635/4635/4635 3982/3982/3982
f 5017/5017/5017 3982/3982/3982 4545/4545/4545
f 4330/4330/4330 5017/5017/5017 4545/4545/4545
f 4330/4330/4330 4545/4545/4545 3947/3947/3947
f 5022/5022/5022 5024/5024/5024 4873/4873/4873
f 5022/5022/5022 4873/4873/4873 4344/4344/4344
f 4223/4223/4223 4271/4271/4271 5018/5018/5018
f 4223/4223/4223 5018/5018/5018 4357/4357/4357
f 4271/4271/4271 4219/4219/4219 4644/4644/4644
f 4271/4271/4271 4644/4644/4644 5018/5018/5018
f 3917/3917/3917 4642/4642/4642 3954/3954/3954
f 3917/3917/3917 3993/3993/3993 4654/4654/4654
f 3713/3713/3713 4640/4640/4640 5019/5019/5019
f 3713/3713/3713 5019/5019/5019 4516/4516/4516
f 4640/4640/4640 3985/3985/3985 4645/4645/4645
f 4640/4640/4640 4645/4645/4645 5019/5019/5019
f 5019/5019/5019 4645/4645/4645 3983/3983/3983
f 5019/5019/5019 3983/3983/3983 4638/4638/4638
f 4516/4516/4516 5019/5019/5019 4638/4638/4638
f 4516/4516/4516 4638/4638/4638 3909/3909/3909
f 5020/5020/5020 4646/4646/4646 3984/3984/3984
f 5020/5020/5020 3984/3984/3984 4311/4311/4311
f 4880/4880/4880 5020/5020/5020 4311/4311/4311
f 4880/4880/4880 4311/4311/4311 3900/3900/3900
f 3708/3708/3708 4491/4491/4491 5021/5021/5021
f 3708/3708/3708 5021/5021/5021 4328/4328/4328
f 4491/4491/4491 3986/3986/3986 4647/4647/4647
f 4491/4491/4491 4647/4647/4647 5021/5021/5021
f 5021/5021/5021 4647/4647/4647 3988/3988/3988
f 5021/5021/5021 3988/3988/3988 4551/4551/4551
f 4328/4328/4328 5021/5021/5021 4551/4551/4551
f 4328/4328/4328 4551/4551/4551 3949/3949/3949
f 5026/5026/5026 5028/5028/5028 4368/4368/4368
f 5026/5026/5026 4368/4368/4368 4570/4570/4570
f 4217/4217/4217 4269/4269/4269 5022/5022/5022
f 4217/4217/4217 5022/5022/5022 4344/4344/4344
f 4269/4269/4269 4213/4213/4213 4656/4656/4656
f 4269/4269/4269 4656/4656/4656 5022/5022/5022
f 3917/3917/3917 4654/4654/4654 3950/3950/3950
f 3917/3917/3917 3999/3999/3999 4666/4666/4666
f 3709/3709/3709 4652/4652/4652 5023/5023/5023
f 3709/3709/3709 5023/5023/5023 4514/4514/4514
f 4652/4652/4652 3991/3991/3991 4657/4657/4657
f 4652/4652/4652 4657/4657/4657 5023/5023/5023
f 5023/5023/5023 4657/4657/4657 3989/3989/3989
f 5023/5023/5023 3989/3989/3989 4650/4650/4650
f 4514/4514/4514 5023/5023/5023 4650/4650/4650
f 4514/4514/4514 4650/4650/4650 3901/3901/3901
f 5024/5024/5024 4658/4658/4658 3990/3990/3990
f 5024/5024/5024 3990/3990/3990 4309/4309/4309
f 4873/4873/4873 5024/5024/5024 4309/4309/4309
f 4873/4873/4873 4309/4309/4309 3907/3907/3907
f 3712/3712/3712 4489/4489/4489 5025/5025/5025
f 3712/3712/3712 5025/5025/5025 4323/4323/4323
f 4489/4489/4489 3992/3992/3992 4659/4659/4659
f 4489/4489/4489 4659/4659/4659 5025/5025/5025
f 5025/5025/5025 4659/4659/4659 3994/3994/3994
f 5025/5025/5025 3994/3994/3994 4549/4549/4549
f 4323/4323/4323 5025/5025/5025 4549/4549/4549
f 4323/4323/4323 4549/4549/4549 3953/3953/3953
f 5030/5030/5030 5032/5032/5032 4893/4893/4893
f 5030/5030/5030 4893/4893/4893 4374/4374/4374
f 4148/4148/4148 4277/4277/4277 5026/5026/5026
f 4148/4148/4148 5026/5026/5026 4570/4570/4570
f 4277/4277/4277 4237/4237/4237 4668/4668/4668
f 4277/4277/4277 4668/4668/4668 5026/5026/5026
f 3917/3917/3917 4666/4666/4666 3956/3956/3956
f 3917/3917/3917 4006/4006/4006 4528/4528/4528
f 3715/3715/3715 4664/4664/4664 5027/5027/5027
f 3715/3715/3715 5027/5027/5027 4517/4517/4517
f 4664/4664/4664 3997/3997/3997 4669/4669/4669
f 4664/4664/4664 4669/4669/4669 5027/5027/5027
f 5027/5027/5027 4669/4669/4669 3995/3995/3995
f 5027/5027/5027 3995/3995/3995 4662/4662/4662
f 4517/4517/4517 5027/5027/5027 4662/4662/4662
f 4517/4517/4517 4662/4662/4662 3914/3914/3914
f 4656/4656/4656 4658/4658/4658 5024/5024/5024
f 4656/4656/4656 5024/5024/5024 5022/5022/5022
f 5028/5028/5028 4670/4670/4670 3996/3996/3996
f 5028/5028/5028 3996/3996/3996 4317/4317/4317
f 4368/4368/4368 5028/5028/5028 4317/4317/4317
f 4368/4368/4368 4317/4317/4317 3863/3863/3863
f 3690/3690/3690 4497/4497/4497 5029/5029/5029
f 3690/3690/3690 5029/5029/5029 4335/4335/4335
f 4497/4497/4497 3998/3998/3998 4671/4671/4671
f 4497/4497/4497 4671/4671/4671 5029/5029/5029
f 5029/5029/5029 4671/4671/4671 4000/4000/4000
f 5029/5029/5029 4000/4000/4000 4557/4557/4557
f 4335/4335/4335 5029/5029/5029 4557/4557/4557
f 4335/4335/4335 4557/4557/4557 3931/3931/3931
f 5034/5034/5034 5036/5036/5036 4347/4347/4347
f 5034/5034/5034 4347/4347/4347 4563/4563/4563
f 4161/4161/4161 4673/4673/4673 5030/5030/5030
f 4161/4161/4161 5030/5030/5030 4374/4374/4374
f 4673/4673/4673 4151/4151/4151 4681/4681/4681
f 4673/4673/4673 4681/4681/4681 5030/5030/5030
f 3917/3917/3917 4528/4528/4528 3928/3928/3928
f 3917/3917/3917 4012/4012/4012 4532/4532/4532
f 3687/3687/3687 4468/4468/4468 5031/5031/5031
f 3687/3687/3687 5031/5031/5031 4504/4504/4504
f 4468/4468/4468 4004/4004/4004 4682/4682/4682
f 4468/4468/4468 4682/4682/4682 5031/5031/5031
f 5031/5031/5031 4682/4682/4682 4001/4001/4001
f 5031/5031/5031 4001/4001/4001 4289/4289/4289
f 4504/4504/4504 5031/5031/5031 4289/4289/4289
f 4504/4504/4504 4289/4289/4289 3860/3860/3860
f 5032/5032/5032 4684/4684/4684 4003/4003/4003
f 5032/5032/5032 4003/4003/4003 4674/4674/4674
f 4893/4893/4893 5032/5032/5032 4674/4674/4674
f 4893/4893/4893 4674/4674/4674 3865/3865/3865
f 3692/3692/3692 4677/4677/4677 5033/5033/5033
f 3692/3692/3692 5033/5033/5033 4331/4331/4331
f 4677/4677/4677 4005/4005/4005 4685/4685/4685
f 4677/4677/4677 4685/4685/4685 5033/5033/5033
f 5033/5033/5033 4685/4685/4685 4007/4007/4007
f 5033/5033/5033 4007/4007/4007 4679/4679/4679
f 4331/4331/4331 5033/5033/5033 4679/4679/4679
f 4331/4331/4331 4679/4679/4679 3933/3933/3933
f 5038/5038/5038 5040/5040/5040 4339/4339/4339
f 5038/5038/5038 4339/4339/4339 4559/4559/4559
f 4174/4174/4174 4687/4687/4687 5034/5034/5034
f 4174/4174/4174 5034/5034/5034 4563/4563/4563
f 4687/4687/4687 4164/4164/4164 4694/4694/4694
f 4687/4687/4687 4694/4694/4694 5034/5034/5034
f 3917/3917/3917 4532/4532/4532 3934/3934/3934
f 3917/3917/3917 4018/4018/4018 4704/4704/4704
f 3693/3693/3693 4472/4472/4472 5035/5035/5035
f 3693/3693/3693 5035/5035/5035 4506/4506/4506
f 4472/4472/4472 4010/4010/4010 4695/4695/4695
f 4472/4472/4472 4695/4695/4695 5035/5035/5035
f 5035/5035/5035 4695/4695/4695 4008/4008/4008
f 5035/5035/5035 4008/4008/4008 4292/4292/4292
f 4506/4506/4506 5035/5035/5035 4292/4292/4292
f 4506/4506/4506 4292/4292/4292 3869/3869/3869
f 4681/4681/4681 4684/4684/4684 5032/5032/5032
f 4681/4681/4681 5032/5032/5032 5030/5030/5030
f 5036/5036/5036 4696/4696/4696 4009/4009/4009
f 5036/5036/5036 4009/4009/4009 4689/4689/4689
f 4347/4347/4347 5036/5036/5036 4689/4689/4689
f 4347/4347/4347 4689/4689/4689 3876/3876/3876
f 3696/3696/3696 4691/4691/4691 5037/5037/5037
f 3696/3696/3696 5037/5037/5037 4326/4326/4326
f 4691/4691/4691 4011/4011/4011 4697/4697/4697
f 4691/4691/4691 4697/4697/4697 5037/5037/5037
f 5037/5037/5037 4697/4697/4697 4013/4013/4013
f 5037/5037/5037 4013/4013/4013 4693/4693/4693
f 4326/4326/4326 5037/5037/5037 4693/4693/4693
f 4326/4326/4326 4693/4693/4693 3937/3937/3937
f 5042/5042/5042 5044/5044/5044 4904/4904/4904
f 5042/5042/5042 4904/4904/4904 4433/4433/4433
f 4137/4137/4137 4243/4243/4243 5038/5038/5038
f 4137/4137/4137 5038/5038/5038 4559/4559/4559
f 4243/4243/4243 4133/4133/4133 4706/4706/4706
f 4243/4243/4243 4706/4706/4706 5038/5038/5038
f 3917/3917/3917 4704/4704/4704 3926/3926/3926
f 3917/3917/3917 4028/4028/4028 4720/4720/4720
f 3685/3685/3685 4702/4702/4702 5039/5039/5039
f 3685/3685/3685 5039/5039/5039 4502/4502/4502
f 4702/4702/4702 4016/4016/4016 4707/4707/4707
f 4702/4702/4702 4707/4707/4707 5039/5039/5039
f 5039/5039/5039 4707/4707/4707 4014/4014/4014
f 5039/5039/5039 4014/4014/4014 4700/4700/4700
f 4502/4502/4502 5039/5039/5039 4700/4700/4700
f 4502/4502/4502 4700/4700/4700 3853/3853/3853
f 5040/5040/5040 4708/4708/4708 4015/4015/4015
f 5040/5040/5040 4015/4015/4015 4283/4283/4283
f 4339/4339/4339 5040/5040/5040 4283/4283/4283
f 4339/4339/4339 4283/4283/4283 3840/3840/3840
f 3678/3678/3678 4463/4463/4463 5041/5041/5041
f 3678/3678/3678 5041/5041/5041 4325/4325/4325
f 4463/4463/4463 4017/4017/4017 4709/4709/4709
f 4463/4463/4463 4709/4709/4709 5041/5041/5041
f 5041/5041/5041 4709/4709/4709 4019/4019/4019
f 5041/5041/5041 4019/4019/4019 4523/4523/4523
f 4325/4325/4325 5041/5041/5041 4523/4523/4523
f 4325/4325/4325 4523/4523/4523 3919/3919/3919
f 4738/4738/4738 4740/4740/4740 5048/5048/5048
f 4738/4738/4738 5048/5048/5048 5046/5046/5046
f 5046/5046/5046 5048/5048/5048 4898/4898/4898
f 5046/5046/5046 4898/4898/4898 4421/4421/4421
f 3728/3728/3728 4381/4381/4381 5042/5042/5042
f 3728/3728/3728 5042/5042/5042 4433/4433/4433
f 4381/4381/4381 4023/4023/4023 4722/4722/4722
f 4381/4381/4381 4722/4722/4722 5042/5042/5042
f 3917/3917/3917 4720/4720/4720 3922/3922/3922
f 3917/3917/3917 4038/4038/4038 4736/4736/4736
f 3681/3681/3681 4718/4718/4718 5043/5043/5043
f 3681/3681/3681 5043/5043/5043 4500/4500/4500
f 4718/4718/4718 4026/4026/4026 4723/4723/4723
f 4718/4718/4718 4723/4723/4723 5043/5043/5043
f 5043/5043/5043 4723/4723/4723 4020/4020/4020
f 5043/5043/5043 4020/4020/4020 4712/4712/4712
f 4500/4500/4500 5043/5043/5043 4712/4712/4712
f 4500/4500/4500 4712/4712/4712 3845/3845/3845
f 4021/4021/4021 4024/4024/4024 4716/4716/4716
f 4021/4021/4021 4716/4716/4716 4713/4713/4713
f 4241/4241/4241 4380/4380/4380 3727/3727/3727
f 4241/4241/4241 3727/3727/3727 4130/4130/4130
f 4121/4121/4121 4032/4032/4032 4378/4378/4378
f 4121/4121/4121 4378/4378/4378 4239/4239/4239
f 4713/4713/4713 4716/4716/4716 3783/3783/3783
f 4713/4713/4713 3783/3783/3783 3846/3846/3846
f 4706/4706/4706 4708/4708/4708 5040/5040/5040
f 4706/4706/4706 5040/5040/5040 5038/5038/5038
f 5044/5044/5044 4724/4724/4724 4025/4025/4025
f 5044/5044/5044 4025/4025/4025 4401/4401/4401
f 4904/4904/4904 5044/5044/5044 4401/4401/4401
f 4904/4904/4904 4401/4401/4401 3788/3788/3788
f 3684/3684/3684 4461/4461/4461 5045/5045/5045
f 3684/3684/3684 5045/5045/5045 4320/4320/4320
f 4461/4461/4461 4027/4027/4027 4725/4725/4725
f 4461/4461/4461 4725/4725/4725 5045/5045/5045
f 5045/5045/5045 4725/4725/4725 4029/4029/4029
f 5045/5045/5045 4029/4029/4029 4521/4521/4521
f 4320/4320/4320 5045/5045/5045 4521/4521/4521
f 4320/4320/4320 4521/4521/4521 3925/3925/3925
f 5050/5050/5050 5052/5052/5052 4901/4901/4901
f 5050/5050/5050 4901/4901/4901 4428/4428/4428
f 3722/3722/3722 4379/4379/4379 5046/5046/5046
f 3722/3722/3722 5046/5046/5046 4421/4421/4421
f 4379/4379/4379 4033/4033/4033 4738/4738/4738
f 4379/4379/4379 4738/4738/4738 5046/5046/5046
f 3917/3917/3917 4736/4736/4736 3918/3918/3918
f 3917/3917/3917 4048/4048/4048 4534/4534/4534
f 3677/3677/3677 4734/4734/4734 5047/5047/5047
f 3677/3677/3677 5047/5047/5047 4498/4498/4498
f 4734/4734/4734 4036/4036/4036 4739/4739/4739
f 4734/4734/4734 4739/4739/4739 5047/5047/5047
f 5047/5047/5047 4739/4739/4739 4030/4030/4030
f 5047/5047/5047 4030/4030/4030 4728/4728/4728
f 4498/4498/4498 5047/5047/5047 4728/4728/4728
f 4498/4498/4498 4728/4728/4728 3837/3837/3837
f 4031/4031/4031 4034/4034/4034 4732/4732/4732
f 4031/4031/4031 4732/4732/4732 4729/4729/4729
f 4239/4239/4239 4378/4378/4378 3720/3720/3720
f 4239/4239/4239 3720/3720/3720 4123/4123/4123
f 4041/4041/4041 4044/4044/4044 4406/4406/4406
f 4041/4041/4041 4406/4406/4406 4295/4295/4295
f 4729/4729/4729 4732/4732/4732 3777/3777/3777
f 4729/4729/4729 3777/3777/3777 3838/3838/3838
f 4722/4722/4722 4724/4724/4724 5044/5044/5044
f 4722/4722/4722 5044/5044/5044 5042/5042/5042
f 5048/5048/5048 4740/4740/4740 4035/4035/4035
f 5048/5048/5048 4035/4035/4035 4399/4399/4399
f 4898/4898/4898 5048/5048/5048 4399/4399/4399
f 4898/4898/4898 4399/4399/4399 3782/3782/3782
f 3680/3680/3680 4459/4459/4459 5049/5049/5049
f 3680/3680/3680 5049/5049/5049 4324/4324/4324
f 4459/4459/4459 4037/4037/4037 4741/4741/4741
f 4459/4459/4459 4741/4741/4741 5049/5049/5049
f 5049/5049/5049 4741/4741/4741 4039/4039/4039
f 5049/5049/5049 4039/4039/4039 4519/4519/4519
f 4324/4324/4324 5049/5049/5049 4519/4519/4519
f 4324/4324/4324 4519/4519/4519 3921/3921/3921
f 5054/5054/5054 5056/5056/5056 4921/4921/4921
f 5054/5054/5054 4921/4921/4921 4456/4456/4456
f 3743/3743/3743 4747/4747/4747 5050/5050/5050
f 3743/3743/3743 5050/5050/5050 4428/4428/4428
f 4747/4747/4747 4043/4043/4043 4754/4754/4754
f 4747/4747/4747 4754/4754/4754 5050/5050/5050
f 3917/3917/3917 4534/4534/4534 3936/3936/3936
f 3917/3917/3917 4058/4058/4058 4530/4530/4530
f 3695/3695/3695 4474/4474/4474 5051/5051/5051
f 3695/3695/3695 5051/5051/5051 4507/4507/4507
f 4474/4474/4474 4046/4046/4046 4755/4755/4755
f 4474/4474/4474 4755/4755/4755 5051/5051/5051
f 5051/5051/5051 4755/4755/4755 4040/4040/4040
f 5051/5051/5051 4040/4040/4040 4294/4294/4294
f 4507/4507/4507 5051/5051/5051 4294/4294/4294
f 4507/4507/4507 4294/4294/4294 3874/3874/3874
f 5052/5052/5052 4756/4756/4756 4045/4045/4045
f 5052/5052/5052 4045/4045/4045 4749/4749/4749
f 4901/4901/4901 5052/5052/5052 4749/4749/4749
f 4901/4901/4901 4749/4749/4749 3802/3802/3802
f 4170/4170/4170 4042/4042/4042 4746/4746/4746
f 4170/4170/4170 4746/4746/4746 4743/4743/4743
f 4295/4295/4295 4406/4406/4406 3805/3805/3805
f 4295/4295/4295 3805/3805/3805 3875/3875/3875
f 4158/4158/4158 4052/4052/4052 4762/4762/4762
f 4158/4158/4158 4762/4762/4762 4759/4759/4759
f 4743/4743/4743 4746/4746/4746 3741/3741/3741
f 4743/4743/4743 3741/3741/3741 3674/3674/3674
f 3686/3686/3686 4751/4751/4751 5053/5053/5053
f 3686/3686/3686 5053/5053/5053 4322/4322/4322
f 4751/4751/4751 4047/4047/4047 4757/4757/4757
f 4751/4751/4751 4757/4757/4757 5053/5053/5053
f 5053/5053/5053 4757/4757/4757 4049/4049/4049
f 5053/5053/5053 4049/4049/4049 4753/4753/4753
f 4322/4322/4322 5053/5053/5053 4753/4753/4753
f 4322/4322/4322 4753/4753/4753 3927/3927/3927
f 4835/4835/4835 4837/4837/4837 5071/5071/5071
f 4835/4835/4835 5071/5071/5071 5069/5069/5069
f 5058/5058/5058 5060/5060/5060 4916/4916/4916
f 5058/5058/5058 4916/4916/4916 4451/4451/4451
f 3736/3736/3736 4763/4763/4763 5054/5054/5054
f 3736/3736/3736 5054/5054/5054 4456/4456/4456
f 4763/4763/4763 4053/4053/4053 4770/4770/4770
f 4763/4763/4763 4770/4770/4770 5054/5054/5054
f 3917/3917/3917 4530/4530/4530 3932/3932/3932
f 3917/3917/3917 4068/4068/4068 4526/4526/4526
f 3691/3691/3691 4470/4470/4470 5055/5055/5055
f 3691/3691/3691 5055/5055/5055 4505/4505/4505
f 4470/4470/4470 4056/4056/4056 4771/4771/4771
f 4470/4470/4470 4771/4771/4771 5055/5055/5055
f 5055/5055/5055 4771/4771/4771 4050/4050/4050
f 5055/5055/5055 4050/4050/4050 4290/4290/4290
f 4505/4505/4505 5055/5055/5055 4290/4290/4290
f 4505/4505/4505 4290/4290/4290 3867/3867/3867
f 4051/4051/4051 4054/4054/4054 4404/4404/4404
f 4051/4051/4051 4404/4404/4404 4291/4291/4291
f 4759/4759/4759 4762/4762/4762 3735/3735/3735
f 4759/4759/4759 3735/3735/3735 4166/4166/4166
f 4145/4145/4145 4062/4062/4062 4778/4778/4778
f 4145/4145/4145 4778/4778/4778 4775/4775/4775
f 4291/4291/4291 4404/4404/4404 3798/3798/3798
f 4291/4291/4291 3798/3798/3798 3866/3866/3866
f 4754/4754/4754 4756/4756/4756 5052/5052/5052
f 4754/4754/4754 5052/5052/5052 5050/5050/5050
f 5056/5056/5056 4772/4772/4772 4055/4055/4055
f 5056/5056/5056 4055/4055/4055 4765/4765/4765
f 4921/4921/4921 5056/5056/5056 4765/4765/4765
f 4921/4921/4921 4765/4765/4765 3796/3796/3796
f 3694/3694/3694 4767/4767/4767 5057/5057/5057
f 3694/3694/3694 5057/5057/5057 4329/4329/4329
f 4767/4767/4767 4057/4057/4057 4773/4773/4773
f 4767/4767/4767 4773/4773/4773 5057/5057/5057
f 5057/5057/5057 4773/4773/4773 4059/4059/4059
f 5057/5057/5057 4059/4059/4059 4769/4769/4769
f 4329/4329/4329 5057/5057/5057 4769/4769/4769
f 4329/4329/4329 4769/4769/4769 3935/3935/3935
f 4819/4819/4819 4982/4982/4982 5082/5082/5082
f 4819/4819/4819 5082/5082/5082 4821/4821/4821
f 5062/5062/5062 5064/5064/5064 4910/4910/4910
f 5062/5062/5062 4910/4910/4910 4441/4441/4441
f 3731/3731/3731 4779/4779/4779 5058/5058/5058
f 3731/3731/3731 5058/5058/5058 4451/4451/4451
f 4779/4779/4779 4063/4063/4063 4786/4786/4786
f 4779/4779/4779 4786/4786/4786 5058/5058/5058
f 3917/3917/3917 4526/4526/4526 3930/3930/3930
f 3917/3917/3917 4078/4078/4078 4800/4800/4800
f 3689/3689/3689 4466/4466/4466 5059/5059/5059
f 3689/3689/3689 5059/5059/5059 4503/4503/4503
f 4466/4466/4466 4066/4066/4066 4787/4787/4787
f 4466/4466/4466 4787/4787/4787 5059/5059/5059
f 5059/5059/5059 4787/4787/4787 4060/4060/4060
f 5059/5059/5059 4060/4060/4060 4286/4286/4286
f 4503/4503/4503 5059/5059/5059 4286/4286/4286
f 4503/4503/4503 4286/4286/4286 3861/3861/3861
f 4061/4061/4061 4064/4064/4064 4402/4402/4402
f 4061/4061/4061 4402/4402/4402 4287/4287/4287
f 4775/4775/4775 4778/4778/4778 3730/3730/3730
f 4775/4775/4775 3730/3730/3730 4156/4156/4156
f 4225/4225/4225 4072/4072/4072 4394/4394/4394
f 4225/4225/4225 4394/4394/4394 4273/4273/4273
f 4287/4287/4287 4402/4402/4402 3792/3792/3792
f 4287/4287/4287 3792/3792/3792 3862/3862/3862
f 4770/4770/4770 4772/4772/4772 5056/5056/5056
f 4770/4770/4770 5056/5056/5056 5054/5054/5054
f 5060/5060/5060 4788/4788/4788 4065/4065/4065
f 5060/5060/5060 4065/4065/4065 4781/4781/4781
f 4916/4916/4916 5060/5060/5060 4781/4781/4781
f 4916/4916/4916 4781/4781/4781 3791/3791/3791
f 3688/3688/3688 4783/4783/4783 5061/5061/5061
f 3688/3688/3688 5061/5061/5061 4334/4334/4334
f 4783/4783/4783 4067/4067/4067 4789/4789/4789
f 4783/4783/4783 4789/4789/4789 5061/5061/5061
f 5061/5061/5061 4789/4789/4789 4069/4069/4069
f 5061/5061/5061 4069/4069/4069 4785/4785/4785
f 4334/4334/4334 5061/5061/5061 4785/4785/4785
f 4334/4334/4334 4785/4785/4785 3929/3929/3929
f 4982/4982/4982 4437/4437/4437 4906/4906/4906
f 4982/4982/4982 4906/4906/4906 5082/5082/5082
f 3770/3770/3770 4395/4395/4395 5062/5062/5062
f 3770/3770/3770 5062/5062/5062 4441/4441/4441
f 4395/4395/4395 4073/4073/4073 4802/4802/4802
f 4395/4395/4395 4802/4802/4802 5062/5062/5062
f 3917/3917/3917 4800/4800/4800 3952/3952/3952
f 3917/3917/3917 4088/4088/4088 4817/4817/4817
f 3711/3711/3711 4798/4798/4798 5063/5063/5063
f 3711/3711/3711 5063/5063/5063 4515/4515/4515
f 4798/4798/4798 4076/4076/4076 4803/4803/4803
f 4798/4798/4798 4803/4803/4803 5063/5063/5063
f 5063/5063/5063 4803/4803/4803 4070/4070/4070
f 5063/5063/5063 4070/4070/4070 4792/4792/4792
f 4515/4515/4515 5063/5063/5063 4792/4792/4792
f 4515/4515/4515 4792/4792/4792 3905/3905/3905
f 4071/4071/4071 4074/4074/4074 4796/4796/4796
f 4071/4071/4071 4796/4796/4796 4793/4793/4793
f 4273/4273/4273 4394/4394/4394 3769/3769/3769
f 4273/4273/4273 3769/3769/3769 4228/4228/4228
f 4231/4231/4231 4092/4092/4092 4396/4396/4396
f 4231/4231/4231 4396/4396/4396 4275/4275/4275
f 4793/4793/4793 4796/4796/4796 3825/3825/3825
f 4793/4793/4793 3825/3825/3825 3906/3906/3906
f 4786/4786/4786 4788/4788/4788 5060/5060/5060
f 4786/4786/4786 5060/5060/5060 5058/5058/5058
f 5064/5064/5064 4804/4804/4804 4075/4075/4075
f 5064/5064/5064 4075/4075/4075 4415/4415/4415
f 4910/4910/4910 5064/5064/5064 4415/4415/4415
f 4910/4910/4910 4415/4415/4415 3830/3830/3830
f 3716/3716/3716 4493/4493/4493 5065/5065/5065
f 3716/3716/3716 5065/5065/5065 4333/4333/4333
f 4493/4493/4493 4077/4077/4077 4805/4805/4805
f 4493/4493/4493 4805/4805/4805 5065/5065/5065
f 5065/5065/5065 4805/4805/4805 4079/4079/4079
f 5065/5065/5065 4079/4079/4079 4553/4553/4553
f 4333/4333/4333 5065/5065/5065 4553/4553/4553
f 4333/4333/4333 4553/4553/4553 3957/3957/3957
f 5069/5069/5069 5071/5071/5071 4434/4434/4434
f 5069/5069/5069 4434/4434/4434 4580/4580/4580
f 3764/3764/3764 4393/4393/4393 5066/5066/5066
f 3764/3764/3764 5066/5066/5066 4575/4575/4575
f 4393/4393/4393 4083/4083/4083 4819/4819/4819
f 4393/4393/4393 4819/4819/4819 5066/5066/5066
f 3917/3917/3917 4817/4817/4817 3948/3948/3948
f 3917/3917/3917 4098/4098/4098 4833/4833/4833
f 3707/3707/3707 4815/4815/4815 5067/5067/5067
f 3707/3707/3707 5067/5067/5067 4513/4513/4513
f 4815/4815/4815 4086/4086/4086 4820/4820/4820
f 4815/4815/4815 4820/4820/4820 5067/5067/5067
f 5067/5067/5067 4820/4820/4820 4080/4080/4080
f 5067/5067/5067 4080/4080/4080 4808/4808/4808
f 4513/4513/4513 5067/5067/5067 4808/4808/4808
f 4513/4513/4513 4808/4808/4808 3897/3897/3897
f 4081/4081/4081 4084/4084/4084 4813/4813/4813
f 4081/4081/4081 4813/4813/4813 4809/4809/4809
f 4267/4267/4267 4392/4392/4392 3762/3762/3762
f 4267/4267/4267 3762/3762/3762 4209/4209/4209
f 4342/4342/4342 4560/4560/4560 4574/4574/4574
f 4342/4342/4342 4574/4574/4574 4422/4422/4422
f 4809/4809/4809 4813/4813/4813 3819/3819/3819
f 4809/4809/4809 3819/3819/3819 3898/3898/3898
f 3710/3710/3710 4487/4487/4487 5068/5068/5068
f 3710/3710/3710 5068/5068/5068 4327/4327/4327
f 4487/4487/4487 4087/4087/4087 4822/4822/4822
f 4487/4487/4487 4822/4822/4822 5068/5068/5068
f 5068/5068/5068 4822/4822/4822 4089/4089/4089
f 5068/5068/5068 4089/4089/4089 4547/4547/4547
f 4327/4327/4327 5068/5068/5068 4547/4547/4547
f 4327/4327/4327 4547/4547/4547 3951/3951/3951
f 4851/4851/4851 4853/4853/4853 5075/5075/5075
f 4851/4851/4851 5075/5075/5075 5073/5073/5073
f 5073/5073/5073 5075/5075/5075 4917/4917/4917
f 5073/5073/5073 4917/4917/4917 4452/4452/4452
f 3776/3776/3776 4397/4397/4397 5069/5069/5069
f 3776/3776/3776 5069/5069/5069 4580/4580/4580
f 4397/4397/4397 4093/4093/4093 4835/4835/4835
f 4397/4397/4397 4835/4835/4835 5069/5069/5069
f 3917/3917/3917 4833/4833/4833 3946/3946/3946
f 3917/3917/3917 4108/4108/4108 4849/4849/4849
f 3705/3705/3705 4831/4831/4831 5070/5070/5070
f 3705/3705/3705 5070/5070/5070 4512/4512/4512
f 4831/4831/4831 4096/4096/4096 4836/4836/4836
f 4831/4831/4831 4836/4836/4836 5070/5070/5070
f 5070/5070/5070 4836/4836/4836 4090/4090/4090
f 5070/5070/5070 4090/4090/4090 4825/4825/4825
f 4512/4512/4512 5070/5070/5070 4825/4825/4825
f 4512/4512/4512 4825/4825/4825 3894/3894/3894
f 4091/4091/4091 4094/4094/4094 4829/4829/4829
f 4091/4091/4091 4829/4829/4829 4826/4826/4826
f 4275/4275/4275 4396/4396/4396 3774/3774/3774
f 4275/4275/4275 3774/3774/3774 4233/4233/4233
f 4195/4195/4195 4102/4102/4102 4390/4390/4390
f 4195/4195/4195 4390/4390/4390 4263/4263/4263
f 4826/4826/4826 4829/4829/4829 3832/3832/3832
f 4826/4826/4826 3832/3832/3832 3895/3895/3895
f 5071/5071/5071 4837/4837/4837 4095/4095/4095
f 5071/5071/5071 4095/4095/4095 4417/4417/4417
f 4434/4434/4434 5071/5071/5071 4417/4417/4417
f 4434/4434/4434 4417/4417/4417 3835/3835/3835
f 3714/3714/3714 4495/4495/4495 5072/5072/5072
f 3714/3714/3714 5072/5072/5072 4319/4319/4319
f 4495/4495/4495 4097/4097/4097 4838/4838/4838
f 4495/4495/4495 4838/4838/4838 5072/5072/5072
f 5072/5072/5072 4838/4838/4838 4099/4099/4099
f 5072/5072/5072 4099/4099/4099 4555/4555/4555
f 4319/4319/4319 5072/5072/5072 4555/4555/4555
f 4319/4319/4319 4555/4555/4555 3955/3955/3955
f 3757/3757/3757 4391/4391/4391 5073/5073/5073
f 3757/3757/3757 5073/5073/5073 4452/4452/4452
f 4391/4391/4391 4103/4103/4103 4851/4851/4851
f 4391/4391/4391 4851/4851/4851 5073/5073/5073
f 3917/3917/3917 4849/4849/4849 3942/3942/3942
f 3917/3917/3917 4118/4118/4118 4865/4865/4865
f 3701/3701/3701 4847/4847/4847 5074/5074/5074
f 3701/3701/3701 5074/5074/5074 4510/4510/4510
f 4847/4847/4847 4106/4106/4106 4852/4852/4852
f 4847/4847/4847 4852/4852/4852 5074/5074/5074
f 5074/5074/5074 4852/4852/4852 4100/4100/4100
f 5074/5074/5074 4100/4100/4100 4841/4841/4841
f 4510/4510/4510 5074/5074/5074 4841/4841/4841
f 4510/4510/4510 4841/4841/4841 3888/3888/3888
f 4101/4101/4101 4104/4104/4104 4845/4845/4845
f 4101/4101/4101 4845/4845/4845 4842/4842/4842
f 4263/4263/4263 4390/4390/4390 3756/3756/3756
f 4263/4263/4263 3756/3756/3756 4197/4197/4197
f 5075/5075/5075 4853/4853/4853 4105/4105/4105
f 5075/5075/5075 4105/4105/4105 4411/4411/4411
f 4917/4917/4917 5075/5075/5075 4411/4411/4411
f 4917/4917/4917 4411/4411/4411 3817/3817/3817
f 4111/4111/4111 4114/4114/4114 4861/4861/4861
f 4111/4111/4111 4861/4861/4861 4858/4858/4858
f 4842/4842/4842 4845/4845/4845 3814/3814/3814
f 4842/4842/4842 3814/3814/3814 3887/3887/3887
f 3704/3704/3704 4483/4483/4483 5076/5076/5076
f 3704/3704/3704 5076/5076/5076 4332/4332/4332
f 4483/4483/4483 4107/4107/4107 4854/4854/4854
f 4483/4483/4483 4854/4854/4854 5076/5076/5076
f 5076/5076/5076 4854/4854/4854 4109/4109/4109
f 5076/5076/5076 4109/4109/4109 4543/4543/4543
f 4332/4332/4332 5076/5076/5076 4543/4543/4543
f 4332/4332/4332 4543/4543/4543 3945/3945/3945
f 3751/3751/3751 4389/4389/4389 5077/5077/5077
f 3751/3751/3751 5077/5077/5077 4442/4442/4442
f 4389/4389/4389 4113/4113/4113 4867/4867/4867
f 4389/4389/4389 4867/4867/4867 5077/5077/5077
f 3917/3917/3917 4865/4865/4865 3938/3938/3938
f 3697/3697/3697 4863/4863/4863 5078/5078/5078
f 3697/3697/3697 5078/5078/5078 4508/4508/4508
f 4863/4863/4863 4116/4116/4116 4868/4868/4868
f 4863/4863/4863 4868/4868/4868 5078/5078/5078
f 5078/5078/5078 4868/4868/4868 4110/4110/4110
f 5078/5078/5078 4110/4110/4110 4857/4857/4857
f 4508/4508/4508 5078/5078/5078 4857/4857/4857
f 4508/4508/4508 4857/4857/4857 3877/3877/3877
f 5079/5079/5079 4869/4869/4869 4115/4115/4115
f 5079/5079/5079 4115/4115/4115 4409/4409/4409
f 4911/4911/4911 5079/5079/5079 4409/4409/4409
f 4911/4911/4911 4409/4409/4409 3810/3810/3810
f 4182/4182/4182 4112/4112/4112 4388/4388/4388
f 4182/4182/4182 4388/4388/4388 4258/4258/4258
f 4858/4858/4858 4861/4861/4861 3807/3807/3807
f 4858/4858/4858 3807/3807/3807 3878/3878/3878
f 4352/4352/4352 4432/4432/4432 4903/4903/4903
f 4352/4352/4352 4903/4903/4903 4877/4877/4877
f 4258/4258/4258 4388/4388/4388 3750/3750/3750
f 4258/4258/4258 3750/3750/3750 4183/4183/4183
f 3700/3700/3700 4479/4479/4479 5080/5080/5080
f 3700/3700/3700 5080/5080/5080 4337/4337/4337
f 4479/4479/4479 4117/4117/4117 4870/4870/4870
f 4479/4479/4479 4870/4870/4870 5080/5080/5080
f 5080/5080/5080 4870/4870/4870 4119/4119/4119
f 5080/5080/5080 4119/4119/4119 4539/4539/4539
f 4337/4337/4337 5080/5080/5080 4539/4539/4539
f 4337/4337/4337 4539/4539/4539 3941/3941/3941
f 5085/5085/5085 5084/5084/5084 4120/4120/4120
f 5085/5085/5085 4120/4120/4120 4238/4238/4238
f 5086/5086/5086 5085/5085/5085 4238/4238/4238
f 5086/5086/5086 4238/4238/4238 4122/4122/4122
f 5088/5088/5088 5087/5087/5087 4126/4126/4126
f 5088/5088/5088 4126/4126/4126 4240/4240/4240
f 5089/5089/5089 5088/5088/5088 4240/4240/4240
f 5089/5089/5089 4240/4240/4240 4128/4128/4128
f 5091/5091/5091 5090/5090/5090 4132/4132/4132
f 5091/5091/5091 4132/4132/4132 4242/4242/4242
f 5092/5092/5092 5091/5091/5091 4242/4242/4242
f 5092/5092/5092 4242/4242/4242 4134/4134/4134
f 5094/5094/5094 5093/5093/5093 4138/4138/4138
f 5094/5094/5094 4138/4138/4138 4244/4244/4244
f 5095/5095/5095 5094/5094/5094 4244/4244/4244
f 5095/5095/5095 4244/4244/4244 4140/4140/4140
f 5097/5097/5097 5096/5096/5096 4146/4146/4146
f 5097/5097/5097 4146/4146/4146 4246/4246/4246
f 5098/5098/5098 5097/5097/5097 4246/4246/4246
f 5098/5098/5098 4246/4246/4246 4144/4144/4144
f 5100/5100/5100 5099/5099/5099 4155/4155/4155
f 5100/5100/5100 4155/4155/4155 4249/4249/4249
f 5101/5101/5101 5100/5100/5100 4249/4249/4249
f 5101/5101/5101 4249/4249/4249 4152/4152/4152
f 5103/5103/5103 5102/5102/5102 4160/4160/4160
f 5103/5103/5103 4160/4160/4160 4250/4250/4250
f 5104/5104/5104 5103/5103/5103 4250/4250/4250
f 5104/5104/5104 4250/4250/4250 4157/4157/4157
f 5106/5106/5106 5105/5105/5105 4165/4165/4165
f 5106/5106/5106 4165/4165/4165 4252/4252/4252
f 5107/5107/5107 5106/5106/5106 4252/4252/4252
f 5107/5107/5107 4252/4252/4252 4163/4163/4163
f 5109/5109/5109 5108/5108/5108 4171/4171/4171
f 5109/5109/5109 4171/4171/4171 4254/4254/4254
f 5110/5110/5110 5109/5109/5109 4254/4254/4254
f 5110/5110/5110 4254/4254/4254 4169/4169/4169
f 5112/5112/5112 5111/5111/5111 4175/4175/4175
f 5112/5112/5112 4175/4175/4175 4256/4256/4256
f 5113/5113/5113 5112/5112/5112 4256/4256/4256
f 5113/5113/5113 4256/4256/4256 4177/4177/4177
f 5115/5115/5115 5114/5114/5114 4181/4181/4181
f 5115/5115/5115 4181/4181/4181 4259/4259/4259
f 5116/5116/5116 5115/5115/5115 4259/4259/4259
f 5116/5116/5116 4259/4259/4259 4184/4184/4184
f 5118/5118/5118 5117/5117/5117 4187/4187/4187
f 5118/5118/5118 4187/4187/4187 4261/4261/4261
f 5119/5119/5119 5118/5118/5118 4261/4261/4261
f 5119/5119/5119 4261/4261/4261 4192/4192/4192
f 5121/5121/5121 5120/5120/5120 4194/4194/4194
f 5121/5121/5121 4194/4194/4194 4262/4262/4262
f 5122/5122/5122 5121/5121/5121 4262/4262/4262
f 5122/5122/5122 4262/4262/4262 4196/4196/4196
f 5124/5124/5124 5123/5123/5123 4200/4200/4200
f 5124/5124/5124 4200/4200/4200 4264/4264/4264
f 5125/5125/5125 5124/5124/5124 4264/4264/4264
f 5125/5125/5125 4264/4264/4264 4202/4202/4202
f 5127/5127/5127 5126/5126/5126 4206/4206/4206
f 5127/5127/5127 4206/4206/4206 4266/4266/4266
f 5128/5128/5128 5127/5127/5127 4266/4266/4266
f 5128/5128/5128 4266/4266/4266 4208/4208/4208
f 5130/5130/5130 5129/5129/5129 4212/4212/4212
f 5130/5130/5130 4212/4212/4212 4268/4268/4268
f 5131/5131/5131 5130/5130/5130 4268/4268/4268
f 5131/5131/5131 4268/4268/4268 4214/4214/4214
f 5133/5133/5133 5132/5132/5132 4218/4218/4218
f 5133/5133/5133 4218/4218/4218 4270/4270/4270
f 5134/5134/5134 5133/5133/5133 4270/4270/4270
f 5134/5134/5134 4270/4270/4270 4220/4220/4220
f 5136/5136/5136 5135/5135/5135 4224/4224/4224
f 5136/5136/5136 4224/4224/4224 4272/4272/4272
f 5137/5137/5137 5136/5136/5136 4272/4272/4272
f 5137/5137/5137 4272/4272/4272 4226/4226/4226
f 5139/5139/5139 5138/5138/5138 4230/4230/4230
f 5139/5139/5139 4230/4230/4230 4274/4274/4274
f 5140/5140/5140 5139/5139/5139 4274/4274/4274
f 5140/5140/5140 4274/4274/4274 4232/4232/4232
f 5142/5142/5142 5141/5141/5141 4236/4236/4236
f 5142/5142/5142 4236/4236/4236 4276/4276/4276
f 5096/5096/5096 5142/5142/5142 4276/4276/4276
f 5096/5096/5096 4276/4276/4276 4146/4146/4146
f 5143/5143/5143 5086/5086/5086 4122/4122/4122
f 5143/5143/5143 4122/4122/4122 4586/4586/4586
f 5093/5093/5093 5143/5143/5143 4586/4586/4586
f 5093/5093/5093 4586/4586/4586 4138/4138/4138
f 5144/5144/5144 5116/5116/5116 4184/4184/4184
f 5144/5144/5144 4184/4184/4184 4598/4598/4598
f 5117/5117/5117 5144/5144/5144 4598/4598/4598
f 5117/5117/5117 4598/4598/4598 4187/4187/4187
f 5145/5145/5145 5089/5089/5089 4128/4128/4128
f 5145/5145/5145 4128/4128/4128 4612/4612/4612
f 5111/5111/5111 5145/5145/5145 4612/4612/4612
f 5111/5111/5111 4612/4612/4612 4175/4175/4175
f 5146/5146/5146 5122/5122/5122 4196/4196/4196
f 5146/5146/5146 4196/4196/4196 4624/4624/4624
f 5123/5123/5123 5146/5146/5146 4624/4624/4624
f 5123/5123/5123 4624/4624/4624 4200/4200/4200
f 5147/5147/5147 5140/5140/5140 4232/4232/4232
f 5147/5147/5147 4232/4232/4232 4636/4636/4636
f 5132/5132/5132 5147/5147/5147 4636/4636/4636
f 5132/5132/5132 4636/4636/4636 4218/4218/4218
f 5148/5148/5148 5128/5128/5128 4208/4208/4208
f 5148/5148/5148 4208/4208/4208 4648/4648/4648
f 5129/5129/5129 5148/5148/5148 4648/4648/4648
f 5129/5129/5129 4648/4648/4648 4212/4212/4212
f 5149/5149/5149 5137/5137/5137 4226/4226/4226
f 5149/5149/5149 4226/4226/4226 4660/4660/4660
f 5141/5141/5141 5149/5149/5149 4660/4660/4660
f 5141/5141/5141 4660/4660/4660 4236/4236/4236
f 5150/5150/5150 5101/5101/5101 4152/4152/4152
f 5150/5150/5150 4152/4152/4152 4672/4672/4672
f 5102/5102/5102 5150/5150/5150 4672/4672/4672
f 5102/5102/5102 4672/4672/4672 4160/4160/4160
f 5151/5151/5151 5107/5107/5107 4163/4163/4163
f 5151/5151/5151 4163/4163/4163 4686/4686/4686
f 5108/5108/5108 5151/5151/5151 4686/4686/4686
f 5108/5108/5108 4686/4686/4686 4171/4171/4171
f 5153/5153/5153 5152/5152/5152 3673/3673/3673
f 5153/5153/5153 3673/3673/3673 4698/4698/4698
f 5090/5090/5090 5153/5153/5153 4698/4698/4698
f 5090/5090/5090 4698/4698/4698 4132/4132/4132
f 5154/5154/5154 5095/5095/5095 4140/4140/4140
f 5154/5154/5154 4140/4140/4140 4710/4710/4710
f 5087/5087/5087 5154/5154/5154 4710/4710/4710
f 5087/5087/5087 4710/4710/4710 4126/4126/4126
f 5155/5155/5155 5092/5092/5092 4134/4134/4134
f 5155/5155/5155 4134/4134/4134 4726/4726/4726
f 5084/5084/5084 5155/5155/5155 4726/4726/4726
f 5084/5084/5084 4726/4726/4726 4120/4120/4120
f 5156/5156/5156 5110/5110/5110 4169/4169/4169
f 5156/5156/5156 4169/4169/4169 4742/4742/4742
f 5152/5152/5152 5156/5156/5156 4742/4742/4742
f 5152/5152/5152 4742/4742/4742 3673/3673/3673
f 5157/5157/5157 5104/5104/5104 4157/4157/4157
f 5157/5157/5157 4157/4157/4157 4758/4758/4758
f 5105/5105/5105 5157/5157/5157 4758/4758/4758
f 5105/5105/5105 4758/4758/4758 4165/4165/4165
f 5158/5158/5158 5098/5098/5098 4144/4144/4144
f 5158/5158/5158 4144/4144/4144 4774/4774/4774
f 5099/5099/5099 5158/5158/5158 4774/4774/4774
f 5099/5099/5099 4774/4774/4774 4155/4155/4155
f 5159/5159/5159 5131/5131/5131 4214/4214/4214
f 5159/5159/5159 4214/4214/4214 4790/4790/4790
f 5135/5135/5135 5159/5159/5159 4790/4790/4790
f 5135/5135/5135 4790/4790/4790 4224/4224/4224
f 5160/5160/5160 5134/5134/5134 4220/4220/4220
f 5160/5160/5160 4220/4220/4220 4806/4806/4806
f 5126/5126/5126 5160/5160/5160 4806/4806/4806
f 5126/5126/5126 4806/4806/4806 4206/4206/4206
f 5161/5161/5161 5125/5125/5125 4202/4202/4202
f 5161/5161/5161 4202/4202/4202 4823/4823/4823
f 5138/5138/5138 5161/5161/5161 4823/4823/4823
f 5138/5138/5138 4823/4823/4823 4230/4230/4230
f 5162/5162/5162 5119/5119/5119 4192/4192/4192
f 5162/5162/5162 4192/4192/4192 4839/4839/4839
f 5120/5120/5120 5162/5162/5162 4839/4839/4839
f 5120/5120/5120 4839/4839/4839 4194/4194/4194
f 3917/3917/3917 3920/3920/3920 4518/4518/4518
f 5163/5163/5163 5113/5113/5113 4177/4177/4177
f 5163/5163/5163 4177/4177/4177 4855/4855/4855
f 5114/5114/5114 5163/5163/5163 4855/4855/4855
f 5114/5114/5114 4855/4855/4855 4181/4181/4181
f 4377/4377/4377 4457/4457/4457 4922/4922/4922
f 4377/4377/4377 4922/4922/4922 4896/4896/4896
f 4875/4875/4875 4348/4348/4348 4429/4429/4429
f 4875/4875/4875 4429/4429/4429 4902/4902/4902
f 4892/4892/4892 4373/4373/4373 4453/4453/4453
f 4892/4892/4892 4453/4453/4453 4918/4918/4918
f 4371/4371/4371 4450/4450/4450 4915/4915/4915
f 4371/4371/4371 4915/4915/4915 4890/4890/4890
f 4871/4871/4871 4340/4340/4340 4420/4420/4420
f 4871/4871/4871 4420/4420/4420 4897/4897/4897
f 4356/4356/4356 4879/4879/4879 4905/4905/4905
f 4356/4356/4356 4905/4905/4905 4436/4436/4436
f 4354/4354/4354 4566/4566/4566 4581/4581/4581
f 4354/4354/4354 4581/4581/4581 4435/4435/4435
f 4360/4360/4360 4440/4440/4440 4909/4909/4909
f 4360/4360/4360 4909/4909/4909 4883/4883/4883
f 4886/4886/4886 4363/4363/4363 4443/4443/4443
f 4886/4886/4886 4443/4443/4443 4912/4912/4912
f 4565/4565/4565 4351/4351/4351 4431/4431/4431
f 4565/4565/4565 4431/4431/4431 4579/4579/4579
f 4814/4814/4814 4085/4085/4085 4821/4821/4821
f 4814/4814/4814 4821/4821/4821 5082/5082/5082
f 5083/5083/5083 4821/4821/4821 4085/4085/4085
f 5083/5083/5083 4085/4085/4085 4413/4413/4413
f 5066/5066/5066 4819/4819/4819 4821/4821/4821
f 5066/5066/5066 4821/4821/4821 5083/5083/5083
f 5081/5081/5081 5084/5084/5084 5085/5085/5085
f 5081/5081/5081 5085/5085/5085 5086/5086/5086
f 5081/5081/5081 5087/5087/5087 5088/5088/5088
f 5081/5081/5081 5088/5088/5088 5089/5089/5089
f 5081/5081/5081 5090/5090/5090 5091/5091/5091
f 5081/5081/5081 5091/5091/5091 5092/5092/5092
f 5081/5081/5081 5093/5093/5093 5094/5094/5094
f 5081/5081/5081 5094/5094/5094 5095/5095/5095
f 5081/5081/5081 5096/5096/5096 5097/5097/5097
f 5081/5081/5081 5097/5097/5097 5098/5098/5098
f 5081/5081/5081 5099/5099/5099 5100/5100/5100
f 5081/5081/5081 5100/5100/5100 5101/5101/5101
f 5081/5081/5081 5102/5102/5102 5103/5103/5103
f 5081/5081/5081 5103/5103/5103 5104/5104/5104
f 5081/5081/5081 5105/5105/5105 5106/5106/5106
f 5081/5081/5081 5106/5106/5106 5107/5107/5107
f 5081/5081/5081 5108/5108/5108 5109/5109/5109
f 5081/5081/5081 5109/5109/5109 5110/5110/5110
f 5081/5081/5081 5111/5111/5111 5112/5112/5112
f 5081/5081/5081 5112/5112/5112 5113/5113/5113
f 5081/5081/5081 5114/5114/5114 5115/5115/5115
f 5081/5081/5081 5115/5115/5115 5116/5116/5116
f 5081/5081/5081 5117/5117/5117 5118/5118/5118
f 5081/5081/5081 5118/5118/5118 5119/5119/5119
f 5081/5081/5081 5120/5120/5120 5121/5121/5121
f 5081/5081/5081 5121/5121/5121 5122/5122/5122
f 5081/5081/5081 5123/5123/5123 5124/5124/5124
f 5081/5081/5081 5124/5124/5124 5125/5125/5125
f 5081/5081/5081 5126/5126/5126 5127/5127/5127
f 5081/5081/5081 5127/5127/5127 5128/5128/5128
f 5081/5081/5081 5129/5129/5129 5130/5130/5130
f 5081/5081/5081 5130/5130/5130 5131/5131/5131
f 5081/5081/5081 5132/5132/5132 5133/5133/5133
f 5081/5081/5081 5133/5133/5133 5134/5134/5134
f 5081/5081/5081 5135/5135/5135 5136/5136/5136
f 5081/5081/5081 5136/5136/5136 5137/5137/5137
f 5081/5081/5081 5138/5138/5138 5139/5139/5139
f 5081/5081/5081 5139/5139/5139 5140/5140/5140
f 5081/5081/5081 5141/5141/5141 5142/5142/5142
f 5081/5081/5081 5142/5142/5142 5096/5096/5096
f 5081/5081/5081 5086/5086/5086 5143/5143/5143
f 5081/5081/5081 5143/5143/5143 5093/5093/5093
f 5081/5081/5081 5116/5116/5116 5144/5144/5144
f 5081/5081/5081 5144/5144/5144 5117/5117/5117
f 5081/5081/5081 5089/5089/5089 5145/5145/5145
f 5081/5081/5081 5145/5145/5145 5111/5111/5111
f 5081/5081/5081 5122/5122/5122 5146/5146/5146
f 5081/5081/5081 5146/5146/5146 5123/5123/5123
f 5081/5081/5081 5140/5140/5140 5147/5147/5147
f 5081/5081/5081 5147/5147/5147 5132/5132/5132
f 5081/5081/5081 5128/5128/5128 5148/5148/5148
f 5081/5081/5081 5148/5148/5148 5129/5129/5129
f 5081/5081/5081 5137/5137/5137 5149/5149/5149
f 5081/5081/5081 5149/5149/5149 5141/5141/5141
f 5081/5081/5081 5101/5101/5101 5150/5150/5150
f 5081/5081/5081 5150/5150/5150 5102/5102/5102
f 5081/5081/5081 5107/5107/5107 5151/5151/5151
f 5081/5081/5081 5151/5151/5151 5108/5108/5108
f 5081/5081/5081 5152/5152/5152 5153/5153/5153
f 5081/5081/5081 5153/5153/5153 5090/5090/5090
f 5081/5081/5081 5095/5095/5095 5154/5154/5154
f 5081/5081/5081 5154/5154/5154 5087/5087/5087
f 5081/5081/5081 5092/5092/5092 5155/5155/5155
f 5081/5081/5081 5155/5155/5155 5084/5084/5084
f 5081/5081/5081 5110/5110/5110 5156/5156/5156
f 5081/5081/5081 5156/5156/5156 5152/5152/5152
f 5081/5081/5081 5104/5104/5104 5157/5157/5157
f 5081/5081/5081 5157/5157/5157 5105/5105/5105
f 5081/5081/5081 5098/5098/5098 5158/5158/5158
f 5081/5081/5081 5158/5158/5158 5099/5099/5099
f 5081/5081/5081 5131/5131/5131 5159/5159/5159
f 5081/5081/5081 5159/5159/5159 5135/5135/5135
f 5081/5081/5081 5134/5134/5134 5160/5160/5160
f 5081/5081/5081 5160/5160/5160 5126/5126/5126
f 5081/5081/5081 5125/5125/5125 5161/5161/5161
f 5081/5081/5081 5161/5161/5161 5138/5138/5138
f 5081/5081/5081 5119/5119/5119 5162/5162/5162
f 5081/5081/5081 5162/5162/5162 5120/5120/5120
f 5081/5081/5081 5113/5113/5113 5163/5163/5163
f 5081/5081/5081 5163/5163/5163 5114/5114/5114
f 3899/3899/3899 3820/3820/3820 4905/4905/4905
f 3899/3899/3899 4905/4905/4905 4879/4879/4879
f 3890/3890/3890 3816/3816/3816 4410/4410/4410
f 3890/3890/3890 4410/4410/4410 4303/4303/4303
